사업자등록번호,회사명,연도,생애주기_최종,부실라벨_ICR3년,Porter5F,생애주기점수,산업충격민감도,기업충격민감도,부실확률,부실확률변화,연도_신용등급,신용등급,등급_정제,등급_순위
1018195610,금호타이어(주),2015,성숙기,0,59.67,0.0,21.47,45.79,0.86,43.77,2016,BBB,BBB,9
1018195610,금호타이어(주),2016,성장기,0,38.42,3.1,0.0,59.39,1.67,36.33,2017,BBB,BBB,9
1018195610,금호타이어(주),2018,성장기,0,10.04,2.7,33.85,50.44,39.59,58.75,2019,BBB,BBB,9
1018195610,금호타이어(주),2019,성장기,1,46.52,5.5,18.08,52.67,41.07,39.84,2020,BBB,BBB,9
1018693655,(주)삼양패키징,2018,성숙기,0,10.04,0.0,33.85,55.57,0.19,38.13,2019,A-,A-,7
1018693655,(주)삼양패키징,2019,성숙기,0,46.52,0.0,18.08,55.88,0.03,39.37,2020,A-,A-,7
1018693655,(주)삼양패키징,2020,성숙기,0,100.0,0.0,55.74,68.12,0.09,36.88,2021,A-(긍정적),A-,7
1018693655,(주)삼양패키징,2021,성숙기,0,0.0,0.0,40.44,59.11,0.08,44.46,2022,A-(긍정적),A-,7
1018693655,(주)삼양패키징,2022,성장기,0,22.52,10.0,88.05,44.86,0.05,33.98,2023,A-(안정적),A-,7
1018693655,(주)삼양패키징,2023,성장기,0,38.19,12.8,89.05,54.03,0.04,48.49,2024,A-(긍정적),A-,7
1028131147,금호석유화학(주),2015,성숙기,0,59.67,0.0,21.47,49.34,0.28,43.49,2016,A-,A-,7
1028131147,금호석유화학(주),2016,성장기,0,38.42,3.1,0.0,59.42,0.28,35.66,2017,A-,A-,7
1028131147,금호석유화학(주),2018,성숙기,0,10.04,0.0,33.85,53.06,0.02,37.91,2019,A-,A-,7
1028131147,금호석유화학(주),2019,성숙기,0,46.52,0.0,18.08,52.01,0.03,39.47,2020,A-,A-,7
1028131147,금호석유화학(주),2020,성숙기,0,100.0,0.0,55.74,66.19,0.02,36.83,2021,A,A,6
1028131147,금호석유화학(주),2021,성숙기,0,0.0,0.0,40.44,55.38,0.01,44.46,2022,A+,A+,5
1028131147,금호석유화학(주),2022,성숙기,0,22.52,0.0,88.05,55.31,0.01,34.0,2023,A+,A+,5
1028131147,금호석유화학(주),2023,성숙기,0,38.19,0.0,89.05,59.28,0.01,48.49,2024,A+,A+,5
1028134955,(주)한솔케미칼,2015,성장기,0,59.67,3.2,21.47,48.08,0.13,43.43,2016,A-(Positive),A-,7
1028134955,(주)한솔케미칼,2016,성장기,0,38.42,3.1,0.0,62.04,0.11,35.64,2017,A-(Positive),A-,7
1028134955,(주)한솔케미칼,2018,성숙기,0,10.04,0.0,33.85,53.03,0.03,38.06,2019,A(STABLE),A,6
1028134955,(주)한솔케미칼,2019,성숙기,0,46.52,0.0,18.08,53.42,0.03,39.47,2020,A(STABLE),A,6
1028134955,(주)한솔케미칼,2020,성숙기,0,100.0,0.0,55.74,66.15,0.03,36.84,2021,A(STABLE),A,6
1028134955,(주)한솔케미칼,2021,성장기,0,0.0,7.7,40.44,55.41,0.02,44.46,2022,A(Positive),A,6
1028134955,(주)한솔케미칼,2022,성숙기,0,22.52,0.0,88.05,46.27,0.01,34.0,2023,A(STABLE),A,6
1028134955,(주)한솔케미칼,2023,성숙기,0,38.19,0.0,89.05,54.8,0.01,48.49,2024,A+(STABLE),A+,5
1048124846,(주)유니드,2017,도입기,0,24.27,67.0,5.59,46.13,0.15,40.09,2018,A,A,6
1048124846,(주)유니드,2018,성숙기,0,10.04,0.0,33.85,52.7,0.63,38.41,2019,A,A,6
1048124846,(주)유니드,2019,성숙기,0,46.52,0.0,18.08,52.51,0.07,39.1,2020,A,A,6
1048124846,(주)유니드,2020,성숙기,0,100.0,0.0,55.74,63.89,0.05,36.83,2021,A,A,6
1048124846,(주)유니드,2021,성숙기,0,0.0,0.0,40.44,53.34,0.01,44.44,2022,A,A,6
1048124846,(주)유니드,2022,성숙기,0,22.52,0.0,88.05,45.65,0.04,34.02,2023,A,A,6
1048124846,(주)유니드,2023,성숙기,0,38.19,0.0,89.05,54.56,0.1,48.53,2024,A,A,6
1048152769,코오롱생명과학(주),2015,성장기,0,59.67,3.2,21.47,41.98,1.75,44.44,2016,BBB+,BBB+,8
1048152769,코오롱생명과학(주),2016,성장기,0,38.42,3.1,0.0,58.49,0.09,34.22,2017,BBB+,BBB+,8
1048152769,코오롱생명과학(주),2017,성장기,0,24.27,3.8,5.59,43.1,2.84,42.02,2018,BBB+,BBB+,8
1068643373,(주)아모레퍼시픽,2016,성숙기,0,38.42,0.0,0.0,62.61,0.01,35.65,2017,A ,A,6
1068643373,(주)아모레퍼시픽,2020,성숙기,0,100.0,0.0,55.74,65.01,0.02,36.85,2021,A ,A,6
1068643373,(주)아모레퍼시픽,2021,성숙기,0,0.0,0.0,40.44,58.04,0.02,44.46,2022,A ,A,6
1078198139,(주)엘지화학,2015,성숙기,0,59.67,0.0,21.47,48.71,0.03,43.38,2016,AA+,AA+,2
1078198139,(주)엘지화학,2016,성숙기,0,38.42,0.0,0.0,58.95,0.03,35.66,2017,AA+,AA+,2
1078198139,(주)엘지화학,2018,성숙기,0,10.04,0.0,33.85,51.75,0.07,38.1,2019,AA+,AA+,2
1078198139,(주)엘지화학,2019,성장기,0,46.52,5.5,18.08,51.86,0.06,39.46,2020,AA+,AA+,2
1078198139,(주)엘지화학,2020,성장기,0,100.0,5.3,55.74,64.83,0.04,36.83,2021,AA+,AA+,2
1078198139,(주)엘지화학,2021,성장기,0,0.0,7.7,40.44,53.72,0.03,44.46,2022,AA+,AA+,2
1078198139,(주)엘지화학,2022,성장기,0,22.52,10.0,88.05,48.45,0.03,34.0,2023,AA+,AA+,2
1078198139,(주)엘지화학,2023,성장기,0,38.19,12.8,89.05,55.93,0.06,48.51,2024,AA+,AA+,2
1078198143,(주)엘지생활건강,2017,성숙기,0,24.27,0.0,5.59,45.16,0.02,40.04,2018,AA+,AA+,2
1078198143,(주)엘지생활건강,2018,성숙기,0,10.04,0.0,33.85,51.37,0.05,38.1,2019,AA+,AA+,2
1078198143,(주)엘지생활건강,2019,성숙기,0,46.52,0.0,18.08,52.65,0.01,39.44,2020,AA+,AA+,2
1078718122,(주)엘엑스하우시스,2015,성장기,0,59.67,3.2,21.47,52.69,0.1,43.42,2016,AA-(안정적),AA-,4
1078718122,(주)엘엑스하우시스,2016,성장기,0,38.42,3.1,0.0,59.83,0.08,35.64,2017,AA-(안정적),AA-,4
1078718122,(주)엘엑스하우시스,2017,성장기,0,24.27,3.8,5.59,42.89,0.08,40.04,2018,AA-(안정적),AA-,4
1078718122,(주)엘엑스하우시스,2018,성장기,0,10.04,2.7,33.85,51.01,0.46,38.34,2019,AA-(안정적),AA-,4
1078718122,(주)엘엑스하우시스,2019,성장기,0,46.52,5.5,18.08,52.92,0.14,39.25,2020,AA-(부정적),AA-,4
1078718122,(주)엘엑스하우시스,2020,성숙기,0,100.0,0.0,55.74,65.44,0.17,36.86,2021,AA-(부정적),AA-,4
1078718122,(주)엘엑스하우시스,2021,성숙기,0,0.0,0.0,40.44,55.3,0.12,44.44,2022,AA-(부정적),AA-,4
1078718122,(주)엘엑스하우시스,2022,성숙기,0,22.52,0.0,88.05,45.85,1.79,35.15,2023,A+(안정적),A+,5
1078718122,(주)엘엑스하우시스,2023,성숙기,0,38.19,0.0,89.05,54.57,0.05,47.55,2024,A+(안정적),A+,5
1108100102,동화약품(주),2019,쇠퇴기,0,46.52,100.0,18.08,51.35,0.03,39.39,2020,A- sTABLE,A-,7
1108100102,동화약품(주),2020,성숙기,0,100.0,0.0,55.74,65.0,0.01,36.83,2021,A- STABLE,A-,7
1108100102,동화약품(주),2021,성숙기,0,0.0,0.0,40.44,56.34,0.02,44.47,2022,A- STABLE,A-,7
1108100102,동화약품(주),2022,성숙기,0,22.52,0.0,88.05,45.35,0.01,34.0,2023,A- STABLE,A-,7
1108608069,(주)종근당,2019,성숙기,0,46.52,0.0,18.08,53.73,0.01,39.41,2020,A+,A+,5
1108608069,(주)종근당,2020,성숙기,0,100.0,0.0,55.74,64.78,0.01,36.84,2021,A+,A+,5
1108608069,(주)종근당,2021,성장기,0,0.0,7.7,40.44,52.6,0.01,44.46,2022,A+,A+,5
1108608069,(주)종근당,2022,성장기,0,22.52,10.0,88.05,40.6,0.01,34.0,2023,A+,A+,5
1108608069,(주)종근당,2023,성숙기,0,38.19,0.0,89.05,51.89,0.01,48.49,2024,A+,A+,5
1138106667,(주)종근당홀딩스,2020,성장기,0,100.0,5.3,55.74,63.77,0.02,36.85,2021,A+,A+,5
1138106667,(주)종근당홀딩스,2021,성장기,0,0.0,7.7,40.44,53.0,0.05,44.48,2022,A+,A+,5
1138106667,(주)종근당홀딩스,2022,성장기,0,22.52,10.0,88.05,40.79,3.76,36.56,2023,A+,A+,5
1138106667,(주)종근당홀딩스,2023,성숙기,0,38.19,0.0,89.05,51.9,13.25,53.61,2024,A+,A+,5
1138108888,광동제약(주),2015,성숙기,0,59.67,0.0,21.47,58.4,0.03,43.38,2016,A-,A-,7
1138108888,광동제약(주),2016,성숙기,0,38.42,0.0,0.0,74.77,0.05,35.67,2017,A-,A-,7
1138108888,광동제약(주),2018,성숙기,0,10.04,0.0,33.85,59.26,0.18,38.17,2019,A,A,6
1138108888,광동제약(주),2019,성숙기,0,46.52,0.0,18.08,60.49,0.06,39.39,2020,A,A,6
1138108888,광동제약(주),2020,성숙기,0,100.0,0.0,55.74,68.88,0.03,36.82,2021,A,A,6
1138108888,광동제약(주),2021,성장기,0,0.0,7.7,40.44,59.45,0.03,44.46,2022,A,A,6
1138108888,광동제약(주),2022,성장기,0,22.52,10.0,88.05,45.44,0.01,33.99,2023,AA,AA,3
1138108888,광동제약(주),2023,도입기,0,38.19,100.0,89.05,54.34,0.02,48.5,2024,A,A,6
1148154648,(주)이수화학,2015,성숙기,1,59.67,0.0,21.47,44.24,71.3,66.46,2016,BBB,BBB,9
1168135007,디엘(주),2015,성장기,0,59.67,3.2,21.47,38.79,0.17,25.7,2016,A+,A+,5
1168135007,디엘(주),2016,성장기,0,38.42,3.1,0.0,59.9,0.18,35.67,2017,A+,A+,5
1168135007,디엘(주),2018,성숙기,0,10.04,0.0,33.85,51.94,0.45,38.29,2019,A+,A+,5
1168135007,디엘(주),2019,성숙기,0,46.52,0.0,18.08,55.73,0.12,39.24,2020,AA-,AA-,4
1168135007,디엘(주),2020,성숙기,0,100.0,0.0,55.74,67.52,6.13,40.81,2021,AA-,AA-,4
1168135007,디엘(주),2022,성장기,0,22.52,10.0,88.05,61.46,0.29,33.68,2023,AA-,AA-,4
1168135007,디엘(주),2023,성장기,0,38.19,12.8,89.05,63.1,5.44,51.28,2024,AA-,AA-,4
1188101288,율촌화학(주),2015,성장기,0,59.67,3.2,21.47,49.59,0.1,43.38,2016,A+,A+,5
1188101288,율촌화학(주),2018,성장기,0,10.04,2.7,33.85,50.38,0.15,38.15,2019,A+,A+,5
1188101288,율촌화학(주),2019,성장기,0,46.52,5.5,18.08,52.51,0.11,39.43,2020,A+,A+,5
1188101288,율촌화학(주),2020,성숙기,0,100.0,0.0,55.74,64.39,0.05,36.81,2021,A+,A+,5
1188101288,율촌화학(주),2021,성숙기,0,0.0,0.0,40.44,53.44,0.21,44.56,2022,A+,A+,5
1188101288,율촌화학(주),2022,조정기,0,22.52,24.8,88.05,42.87,2.97,35.91,2023,A+,A+,5
1188101288,율촌화학(주),2023,성장기,0,38.19,12.8,89.05,53.01,7.54,50.96,2024,A+,A+,5
1188102477,제이더블유중외제약(주),2015,도입기,0,59.67,48.2,21.47,53.08,1.09,43.44,2016,BBB+,BBB+,8
1188102477,제이더블유중외제약(주),2016,성장기,0,38.42,3.1,0.0,62.51,1.12,35.66,2017,BBB,BBB,9
1188102477,제이더블유중외제약(주),2017,성숙기,0,24.27,0.0,5.59,46.22,0.31,39.45,2018,BBB+,BBB+,8
1188115012,롯데케미칼(주),2015,성장기,0,59.67,3.2,21.47,49.17,0.04,43.36,2016,AA+,AA+,2
1188115012,롯데케미칼(주),2016,성장기,0,38.42,3.1,0.0,57.21,0.03,35.65,2017,AA+,AA+,2
1188115012,롯데케미칼(주),2017,성장기,0,24.27,3.8,5.59,40.99,0.02,40.03,2018,AA+,AA+,2
1188115012,롯데케미칼(주),2018,성장기,0,10.04,2.7,33.85,50.75,0.03,38.08,2019,AA+,AA+,2
1188115012,롯데케미칼(주),2019,성장기,0,46.52,5.5,18.08,51.86,0.02,39.46,2020,AA+,AA+,2
1188115012,롯데케미칼(주),2020,성숙기,0,100.0,0.0,55.74,65.86,0.09,36.88,2021,AA+,AA+,2
1188115012,롯데케미칼(주),2021,성숙기,0,0.0,0.0,40.44,57.5,0.01,44.42,2022,AA+,AA+,2
1188115012,롯데케미칼(주),2022,성숙기,0,22.52,0.0,88.05,52.84,2.02,35.39,2023,AA+,AA+,2
1188115012,롯데케미칼(주),2023,성장기,0,38.19,12.8,89.05,58.2,20.47,58.46,2024,AA/N,AA,3
1198104497,국도화학(주),2018,도입기,0,10.04,75.9,33.85,51.82,0.19,38.16,2019,A+,A+,5
1198104497,국도화학(주),2019,성숙기,0,46.52,0.0,18.08,50.38,0.02,39.36,2020,A+,A+,5
1198104497,국도화학(주),2020,성장기,0,100.0,5.3,55.74,66.49,0.03,36.85,2021,A+,A+,5
1198104497,국도화학(주),2021,도입기,0,0.0,99.0,40.44,55.44,0.02,44.46,2022,A+,A+,5
1198104497,국도화학(주),2022,성장기,0,22.52,10.0,88.05,49.39,0.01,34.0,2023,A+,A+,5
1198104497,국도화학(주),2023,성장기,0,38.19,12.8,89.05,56.33,0.73,48.88,2024,A+,A+,5
1228116548,(주)상아프론테크,2016,성장기,0,38.42,3.1,0.0,62.36,0.2,35.68,2017,BBB+,BBB+,8
1228116548,(주)상아프론테크,2018,성장기,0,10.04,2.7,33.85,51.49,1.02,38.68,2019,BBB+,BBB+,8
1228116548,(주)상아프론테크,2019,성장기,0,46.52,5.5,18.08,50.55,0.06,38.83,2020,BBB+,BBB+,8
1238101790,(주)유유제약,2019,성장기,0,46.52,5.5,18.08,48.32,0.06,39.02,2020,BBB,BBB,9
1238115163,동원시스템즈(주),2015,성장기,0,59.67,3.2,21.47,64.9,0.18,43.3,2016,BBB,BBB,9
1238115163,동원시스템즈(주),2016,성장기,0,38.42,3.1,0.0,70.22,0.15,35.63,2017,BBB,BBB,9
1238115163,동원시스템즈(주),2017,조정기,0,24.27,26.4,5.59,53.06,0.28,40.14,2018,BBB+,BBB+,8
1238115163,동원시스템즈(주),2018,성숙기,0,10.04,0.0,33.85,55.39,0.76,38.42,2019,A+,A+,5
1238115163,동원시스템즈(주),2019,성숙기,0,46.52,0.0,18.08,60.76,0.03,38.98,2020,A+,A+,5
1238115163,동원시스템즈(주),2020,성숙기,0,100.0,0.0,55.74,68.02,0.03,36.84,2021,A+,A+,5
1238115163,동원시스템즈(주),2021,성장기,0,0.0,7.7,40.44,57.02,0.1,44.51,2022,A+,A+,5
1238115163,동원시스템즈(주),2022,성장기,0,22.52,10.0,88.05,46.22,0.05,33.97,2023,A+,A+,5
1238115163,동원시스템즈(주),2023,성숙기,0,38.19,0.0,89.05,54.79,0.03,48.48,2024,A+,A+,5
1238606034,(주)노루페인트,2015,성숙기,0,59.67,0.0,21.47,48.68,0.11,43.4,2016,BBB+/STABLE,BBB+,8
1238606034,(주)노루페인트,2016,성숙기,0,38.42,0.0,0.0,60.0,0.12,35.67,2017,BBB+/POSITIVE,BBB+,8
1238606034,(주)노루페인트,2017,성숙기,0,24.27,0.0,5.59,42.9,0.16,40.06,2018,A-/STABLE,A-,7
1238606034,(주)노루페인트,2018,성숙기,0,10.04,0.0,33.85,51.27,0.37,38.23,2019,A-/STABLE,A-,7
1238606034,(주)노루페인트,2019,성숙기,0,46.52,0.0,18.08,51.57,0.03,39.24,2020,A-/STABLE,A-,7
1238606034,(주)노루페인트,2020,성숙기,0,100.0,0.0,55.74,64.48,0.05,36.86,2021,A-/STABLE,A-,7
1238606034,(주)노루페인트,2021,성숙기,0,0.0,0.0,40.44,54.6,0.04,44.46,2022,A-/STABLE,A-,7
1238606034,(주)노루페인트,2022,성숙기,0,22.52,0.0,88.05,44.69,0.02,33.99,2023,A-/STABLE,A-,7
1238606034,(주)노루페인트,2023,성숙기,0,38.19,0.0,89.05,53.96,0.02,48.49,2024,A-/STABLE,A-,7
1248135935,신화인터텍(주),2015,성숙기,0,59.67,0.0,21.47,48.63,1.03,43.3,2016,BB+,BB+,11
1248135935,신화인터텍(주),2016,성숙기,0,38.42,0.0,0.0,62.01,0.25,34.99,2017,BB+,BB+,11
1248135935,신화인터텍(주),2017,성숙기,0,24.27,0.0,5.59,46.81,5.51,43.84,2018,BB+,BB+,11
1248601143,(주)대웅제약,2017,성장기,0,24.27,3.8,5.59,47.29,0.08,40.07,2018,AA- Stable,AA-,4
1248601143,(주)대웅제약,2018,성숙기,0,10.04,0.0,33.85,53.64,0.45,38.34,2019,A+ Stable,A+,5
1248601143,(주)대웅제약,2019,성숙기,0,46.52,0.0,18.08,53.61,0.06,39.21,2020,A+STABLE,A+,5
1248601143,(주)대웅제약,2020,성숙기,0,100.0,0.0,55.74,64.6,0.71,37.27,2021,A+STABLE,A+,5
1248601143,(주)대웅제약,2021,성장기,0,0.0,7.7,40.44,55.31,0.11,44.1,2022,A+STABLE,A+,5
1248601143,(주)대웅제약,2022,성장기,0,22.52,10.0,88.05,44.62,0.03,33.95,2023,A+STABLE,A+,5
1248601143,(주)대웅제약,2023,성장기,0,38.19,12.8,89.05,53.97,0.03,48.49,2024,A+STABLE,A+,5
1248700613,한미약품(주),2018,성장기,0,10.04,2.7,33.85,58.82,0.44,38.29,2019,A+ (안정적),A+,5
1248700613,한미약품(주),2019,성장기,0,46.52,5.5,18.08,56.61,0.04,39.2,2020,A (안정적),A,6
1248700613,한미약품(주),2020,성장기,0,100.0,5.3,55.74,65.66,0.12,36.89,2021,A (안정적),A,6
1248700613,한미약품(주),2021,성숙기,0,0.0,0.0,40.44,56.3,0.06,44.43,2022,A (안정적),A,6
1248700613,한미약품(주),2022,성숙기,0,22.52,0.0,88.05,45.22,0.04,33.99,2023,A (긍정적),A,6
1308100576,(주)서흥,2015,성장기,0,59.67,3.2,21.47,54.21,0.14,43.42,2016,A- (긍정적),A-,7
1308100576,(주)서흥,2016,성장기,0,38.42,3.1,0.0,59.11,0.06,35.58,2017,A- (긍정적),A-,7
1308100576,(주)서흥,2017,성숙기,0,24.27,0.0,5.59,41.86,0.18,40.13,2018,A- (안정적),A-,7
1308100576,(주)서흥,2018,성숙기,0,10.04,0.0,33.85,49.17,0.34,38.2,2019,A-  (긍정적),A-,7
1308100576,(주)서흥,2019,성장기,0,46.52,5.5,18.08,50.53,0.04,39.27,2020,A- (안정적),A-,7
1308100576,(주)서흥,2020,성장기,0,100.0,5.3,55.74,62.87,0.06,36.86,2021,A- (안정적),A-,7
1308100576,(주)서흥,2021,성장기,0,0.0,7.7,40.44,50.87,0.1,44.49,2022,A- (안정적),A-,7
1308100576,(주)서흥,2022,성장기,0,22.52,10.0,88.05,40.53,0.03,33.95,2023,A- (안정적),A-,7
1308100576,(주)서흥,2023,성장기,0,38.19,12.8,89.05,51.83,0.07,48.52,2024,A- (안정적),A-,7
1338125692,제이더블유생명과학(주),2021,성숙기,0,0.0,0.0,40.44,53.54,0.05,44.45,2022,BBB-/STABLE,BBB-,10
1338125692,제이더블유생명과학(주),2022,성숙기,0,22.52,0.0,88.05,40.44,0.05,34.0,2023,BBB-/STABLE,BBB-,10
1338125692,제이더블유생명과학(주),2023,조정기,0,38.19,27.9,89.05,51.84,0.04,48.49,2024,BBB-/STABLE,BBB-,10
1338127249,(주)원익홀딩스,2017,성장기,0,24.27,3.8,5.59,39.3,0.06,40.05,2018,A,A,6
1338127249,(주)원익홀딩스,2018,성장기,0,10.04,2.7,33.85,52.63,0.22,38.19,2019,A-,A-,7
1338127249,(주)원익홀딩스,2019,조정기,0,46.52,21.7,18.08,54.81,0.13,39.41,2020,A-,A-,7
1338127249,(주)원익홀딩스,2020,성장기,0,100.0,5.3,55.74,68.08,0.04,36.78,2021,A-,A-,7
1338127249,(주)원익홀딩스,2021,성장기,0,0.0,7.7,40.44,51.18,0.13,44.52,2022,A-,A-,7
1338127249,(주)원익홀딩스,2023,성장기,0,38.19,12.8,89.05,53.49,0.18,48.56,2024,A-,A-,7
1338134551,(주)비지에프에코머티리얼즈,2016,성장기,0,38.42,3.1,0.0,61.45,0.02,35.66,2017,A-,A-,7
1338134551,(주)비지에프에코머티리얼즈,2018,성장기,0,10.04,2.7,33.85,51.34,0.38,38.32,2019,A-,A-,7
1338134551,(주)비지에프에코머티리얼즈,2019,성숙기,0,46.52,0.0,18.08,50.57,0.02,39.23,2020,A-,A-,7
1338134551,(주)비지에프에코머티리얼즈,2020,성숙기,0,100.0,0.0,55.74,63.51,0.02,36.84,2021,A-,A-,7
1348117477,에스피삼화(주),2015,성숙기,0,59.67,0.0,21.47,52.46,0.09,43.41,2016,A-,A-,7
1348117477,에스피삼화(주),2016,성숙기,0,38.42,0.0,0.0,58.85,0.09,35.66,2017,A-,A-,7
1348117477,에스피삼화(주),2017,성숙기,0,24.27,0.0,5.59,41.0,0.57,40.38,2018,A-,A-,7
1348117477,에스피삼화(주),2018,성장기,0,10.04,2.7,33.85,49.2,0.36,37.97,2019,A-,A-,7
1348117477,에스피삼화(주),2019,성숙기,0,46.52,0.0,18.08,50.09,0.31,39.43,2020,A-,A-,7
1348117477,에스피삼화(주),2020,성장기,0,100.0,5.3,55.74,63.63,0.1,36.7,2021,BBB+,BBB+,8
1348117477,에스피삼화(주),2021,도입기,0,0.0,99.0,40.44,52.82,2.15,45.77,2022,BBB+,BBB+,8
1348117477,에스피삼화(주),2022,성숙기,0,22.52,0.0,88.05,44.23,0.09,32.62,2023,BBB+,BBB+,8
1348117477,에스피삼화(주),2023,성숙기,0,38.19,0.0,89.05,53.73,0.05,48.47,2024,BBB+,BBB+,8
1358101250,에스케이씨(주),2015,성숙기,0,59.67,0.0,21.47,48.68,0.37,43.45,2016,A,A,6
1358101250,에스케이씨(주),2016,성숙기,0,38.42,0.0,0.0,58.38,0.46,35.73,2017,A,A,6
1358101250,에스케이씨(주),2017,성숙기,0,24.27,0.0,5.59,40.52,0.6,40.14,2018,A,A,6
1358101250,에스케이씨(주),2018,성숙기,0,10.04,0.0,33.85,49.92,0.25,37.87,2019,A,A,6
1358101250,에스케이씨(주),2019,성장기,0,46.52,5.5,18.08,51.02,0.2,39.43,2020,A+,A+,5
1358101250,에스케이씨(주),2020,성장기,0,100.0,5.3,55.74,65.35,0.3,36.9,2021,A+,A+,5
1358101250,에스케이씨(주),2021,성장기,0,0.0,7.7,40.44,53.19,0.23,44.42,2022,A+,A+,5
1358101250,에스케이씨(주),2022,성장기,0,22.52,10.0,88.05,46.32,0.3,34.06,2023,A+,A+,5
1358101250,에스케이씨(주),2023,도입기,0,38.19,100.0,89.05,54.74,23.71,61.14,2024,A+,A+,5
1358167475,(주)녹십자엠에스,2015,도입기,0,59.67,48.2,21.47,46.38,0.13,43.42,2016,BBB(양호),BBB,9
1358167475,(주)녹십자엠에스,2016,도입기,0,38.42,65.6,0.0,59.54,5.24,39.96,2017,BBB,BBB,9
1358172584,(주)녹십자웰빙,2020,쇠퇴기,0,100.0,100.0,55.74,63.42,0.03,36.86,2021,A+,A+,5
1388156604,코오롱인더스트리(주),2015,성숙기,0,59.67,0.0,21.47,50.63,0.19,43.42,2016,A-,A-,7
1388156604,코오롱인더스트리(주),2022,성장기,0,22.52,10.0,88.05,46.28,0.04,33.93,2023,A-,A-,7
1388156604,코오롱인더스트리(주),2023,성장기,0,38.19,12.8,89.05,54.86,0.12,48.54,2024,A-,A-,7
1398115931,(주)테이팩스,2021,성숙기,0,0.0,0.0,40.44,54.86,0.02,44.47,2022,BBB+(STABLE),BBB+,8
1398115931,(주)테이팩스,2022,성숙기,0,22.52,0.0,88.05,47.12,0.01,34.0,2023,BBB+(STABLE),BBB+,8
1398115931,(주)테이팩스,2023,성숙기,0,38.19,0.0,89.05,55.24,0.01,48.49,2024,BBB+(STABLE),BBB+,8
1758801164,효성화학(주),2018,성숙기,0,10.04,0.0,33.85,50.9,0.03,38.07,2019,A+,A+,5
1758801164,효성화학(주),2019,성장기,0,46.52,5.5,18.08,52.23,0.04,39.47,2020,A+,A+,5
1758801164,효성화학(주),2020,성장기,0,100.0,5.3,55.74,64.76,0.17,36.93,2021,A+,A+,5
1758801164,효성화학(주),2021,성장기,0,0.0,7.7,40.44,51.49,0.32,44.56,2022,A+,A+,5
1758801164,효성화학(주),2022,성장기,0,22.52,10.0,88.05,44.68,7.11,38.69,2023,A+,A+,5
1758801164,효성화학(주),2023,성장기,0,38.19,12.8,89.05,54.0,40.91,66.74,2024,BBB+,BBB+,8
1988700929,에이치에스효성첨단소재(주),2018,성숙기,0,10.04,0.0,33.85,50.9,0.05,38.07,2019,A+,A+,5
1988700929,에이치에스효성첨단소재(주),2019,성장기,0,46.52,5.5,18.08,52.23,0.55,39.79,2020,A+,A+,5
1988700929,에이치에스효성첨단소재(주),2020,성숙기,0,100.0,0.0,55.74,64.76,0.6,36.87,2021,A+,A+,5
1988700929,에이치에스효성첨단소재(주),2021,성숙기,0,0.0,0.0,40.44,55.34,0.14,44.19,2022,A,A,6
1988700929,에이치에스효성첨단소재(주),2022,성숙기,0,22.52,0.0,88.05,47.66,0.03,33.93,2023,A,A,6
1988700929,에이치에스효성첨단소재(주),2023,성숙기,0,38.19,0.0,89.05,56.1,0.07,48.52,2024,A+,A+,5
2018176228,티케이지휴켐스(주),2015,성숙기,0,59.67,0.0,21.47,42.58,0.13,43.42,2016,A+,A+,5
2018176228,티케이지휴켐스(주),2016,성숙기,0,38.42,0.0,0.0,55.85,0.07,35.6,2017,A+,A+,5
2018176228,티케이지휴켐스(주),2017,성숙기,0,24.27,0.0,5.59,38.1,0.08,40.05,2018,A+,A+,5
2018176228,티케이지휴켐스(주),2018,성숙기,0,10.04,0.0,33.85,48.68,0.06,38.07,2019,A+,A+,5
2018176228,티케이지휴켐스(주),2019,성숙기,0,46.52,0.0,18.08,50.38,0.01,39.43,2020,A+,A+,5
2018176228,티케이지휴켐스(주),2020,성숙기,0,100.0,0.0,55.74,66.23,0.03,36.86,2021,A+,A+,5
2018176228,티케이지휴켐스(주),2021,성숙기,0,0.0,0.0,40.44,56.45,0.01,44.45,2022,A+,A+,5
2018176228,티케이지휴켐스(주),2022,조정기,0,22.52,24.8,88.05,51.5,0.02,34.01,2023,A+,A+,5
2018176228,티케이지휴켐스(주),2023,성숙기,0,38.19,0.0,89.05,57.61,0.01,48.49,2024,A+,A+,5
2028116825,(주)한화,2015,성장기,0,59.67,3.2,21.47,100.0,5.28,43.14,2016,A,A,6
2028116825,(주)한화,2016,성장기,0,38.42,3.1,0.0,52.27,3.45,34.01,2017,A,A,6
2028116825,(주)한화,2018,성장기,0,10.04,2.7,33.85,40.39,0.24,37.91,2019,A,A,6
2028116825,(주)한화,2019,성장기,0,46.52,5.5,18.08,50.95,5.82,43.08,2020,A+,A+,5
2028116825,(주)한화,2020,성장기,0,100.0,5.3,55.74,66.54,4.09,35.67,2021,A+,A+,5
2028116825,(주)한화,2021,성장기,0,0.0,7.7,40.44,57.69,0.62,42.34,2022,A+,A+,5
2028116825,(주)한화,2022,성장기,0,22.52,10.0,88.05,43.63,0.64,34.03,2023,A+,A+,5
2028116825,(주)한화,2023,성장기,0,38.19,12.8,89.05,53.47,5.72,51.24,2024,A+,A+,5
2048640122,동아에스티(주),2022,조정기,0,22.52,24.8,88.05,42.75,0.3,34.06,2023,A+,A+,5
2048640122,동아에스티(주),2023,성장기,0,38.19,12.8,89.05,53.02,2.54,49.7,2024,A+,A+,5
2148170045,(주)케이씨씨,2015,성장기,0,59.67,3.2,21.47,51.78,0.12,43.42,2016,AA,AA,3
2148170045,(주)케이씨씨,2016,성장기,0,38.42,3.1,0.0,61.13,0.08,35.62,2017,AA,AA,3
2148170045,(주)케이씨씨,2018,성장기,0,10.04,2.7,33.85,52.11,0.71,38.46,2019,AA,AA,3
2148170045,(주)케이씨씨,2019,성장기,0,46.52,5.5,18.08,53.67,2.04,40.32,2020,AA,AA,3
2148170045,(주)케이씨씨,2020,성숙기,0,100.0,0.0,55.74,68.82,8.21,40.9,2021,AA-(안정적),AA-,4
2148170045,(주)케이씨씨,2021,성숙기,0,0.0,0.0,40.44,43.73,0.67,39.83,2022,AA-(안정적),AA-,4
2148170045,(주)케이씨씨,2022,성숙기,0,22.52,0.0,88.05,37.32,0.18,33.68,2023,AA-(안정적),AA-,4
2148170045,(주)케이씨씨,2023,성숙기,0,38.19,0.0,89.05,50.22,0.8,48.83,2024,AA-(안정적),AA-,4
2158198804,(주)휴비스,2015,성숙기,0,59.67,0.0,21.47,50.51,0.09,43.41,2016,A-,A-,7
2158198804,(주)휴비스,2016,성장기,0,38.42,3.1,0.0,60.02,0.33,35.86,2017,A-,A-,7
2158198804,(주)휴비스,2018,성숙기,0,10.04,0.0,33.85,52.0,0.55,38.33,2019,A-,A-,7
2158198804,(주)휴비스,2019,성숙기,0,46.52,0.0,18.08,52.59,3.83,41.59,2020,A-,A-,7
2158198804,(주)휴비스,2020,조정기,0,100.0,22.2,55.74,66.63,0.03,34.32,2021,A-,A-,7
2158198804,(주)휴비스,2021,조정기,0,0.0,27.1,40.44,55.91,0.86,44.99,2022,A-,A-,7
2158198804,(주)휴비스,2022,조정기,0,22.52,24.8,88.05,47.88,3.04,35.52,2023,A-,A-,7
2158198804,(주)휴비스,2023,도입기,0,38.19,100.0,89.05,55.59,28.27,62.12,2024,A-,A-,7
2208100530,(주)한독,2018,성숙기,0,10.04,0.0,33.85,52.05,1.13,37.45,2019,BBB+,BBB+,8
2208100530,(주)한독,2019,성장기,0,46.52,5.5,18.08,52.47,0.09,38.78,2020,BBB+,BBB+,8
2208100530,(주)한독,2020,성장기,0,100.0,5.3,55.74,64.34,0.05,36.81,2021,BBB+,BBB+,8
2208100530,(주)한독,2021,성장기,0,0.0,7.7,40.44,53.18,0.16,44.54,2022,BBB+,BBB+,8
2208100530,(주)한독,2022,성장기,0,22.52,10.0,88.05,42.24,0.04,33.92,2023,BBB+,BBB+,8
2208100530,(주)한독,2023,성장기,0,38.19,12.8,89.05,52.73,1.27,49.16,2024,BBB+,BBB+,8
2208843431,한국타이어앤테크놀로지(주),2023,성숙기,0,38.19,0.0,89.05,54.21,0.03,48.49,2024,AA,AA,3
3038117108,(주)녹십자,2015,성장기,0,59.67,3.2,21.47,51.31,0.07,43.4,2016,AA-(STABLE),AA-,4
3038117108,(주)녹십자,2016,도입기,0,38.42,65.6,0.0,60.98,0.03,35.63,2017,AA-(STABLE),AA-,4
3038117108,(주)녹십자,2018,성숙기,0,10.04,0.0,33.85,51.36,0.23,38.21,2019,AA-(STABLE),AA-,4
3038117108,(주)녹십자,2019,성장기,0,46.52,5.5,18.08,53.17,0.15,39.41,2020,AA-(Negative),AA-,4
3038117108,(주)녹십자,2020,조정기,0,100.0,22.2,55.74,65.31,0.06,36.78,2021,A+(STABLE),A+,5
3038117108,(주)녹십자,2021,성숙기,0,0.0,0.0,40.44,53.66,0.09,44.48,2022,AA-(STABLE),AA-,4
3038117108,(주)녹십자,2022,성숙기,0,22.52,0.0,88.05,42.2,0.06,33.98,2023,AA-(STABLE),AA-,4
3038117108,(주)녹십자,2023,성숙기,0,38.19,0.0,89.05,52.73,0.63,48.8,2024,A+(STABLE),A+,5
3078138444,한국콜마(주),2016,성숙기,0,38.42,0.0,0.0,56.34,0.02,35.65,2017,A/STABLE,A,6
3078138444,한국콜마(주),2018,성장기,0,10.04,2.7,33.85,47.05,0.44,38.36,2019,A-,A-,7
3078138444,한국콜마(주),2019,성장기,0,46.52,5.5,18.08,43.33,0.17,39.28,2020,A-,A-,7
3078138444,한국콜마(주),2020,성장기,0,100.0,5.3,55.74,64.83,0.11,36.8,2021,A-,A-,7
3078138444,한국콜마(주),2021,도입기,0,0.0,99.0,40.44,60.17,0.17,44.51,2022,A(안정적),A,6
3078138444,한국콜마(주),2022,성장기,0,22.52,10.0,88.05,46.62,0.28,34.08,2023,A-(긍정적),A-,7
3078138444,한국콜마(주),2023,성숙기,0,38.19,0.0,89.05,54.95,0.11,48.4,2024,A-(긍정적),A-,7
3118113651,에이치디씨현대이피(주),2018,성숙기,0,10.04,0.0,33.85,48.68,0.5,38.33,2019,A-(Stable),A-,7
3118113651,에이치디씨현대이피(주),2019,성숙기,0,46.52,0.0,18.08,51.2,0.12,39.21,2020,A-,A-,7
3118113651,에이치디씨현대이피(주),2020,성숙기,0,100.0,0.0,55.74,65.4,0.09,36.82,2021,A-,A-,7
3118113651,에이치디씨현대이피(주),2021,도입기,0,0.0,99.0,40.44,56.69,0.07,44.46,2022,A-,A-,7
3118113651,에이치디씨현대이피(주),2022,성숙기,0,22.52,0.0,88.05,48.96,0.07,34.0,2023,A-,A-,7
3118113651,에이치디씨현대이피(주),2023,성숙기,0,38.19,0.0,89.05,56.25,0.07,48.49,2024,A-,A-,7
5208800609,성일하이텍(주),2021,도입기,0,0.0,99.0,40.44,53.6,2.98,21.97,2022,BB- (Positive),BB-,13
5208800609,성일하이텍(주),2022,성장기,0,22.52,10.0,88.05,61.02,0.03,32.02,2023,BB (Positive),BB,12
6058103330,강남제비스코(주),2023,성장기,0,38.19,12.8,89.05,57.96,0.17,45.3,2024,BBB-/STABLE,BBB-,10
6068104711,(주)금양,2015,성장기,0,59.67,3.2,21.47,52.14,0.44,43.42,2016,BB+,BB+,11
6068104711,(주)금양,2016,성장기,0,38.42,3.1,0.0,58.75,3.81,38.49,2017,BB+,BB+,11
6068104711,(주)금양,2018,성장기,0,10.04,2.7,33.85,49.36,2.77,39.72,2019,BB+,BB+,11
6068104711,(주)금양,2019,도입기,0,46.52,92.0,18.08,50.13,0.42,37.9,2020,BB+,BB+,11
6068104711,(주)금양,2020,조정기,0,100.0,22.2,55.74,67.01,1.28,37.4,2021,BB+,BB+,11
6068104711,(주)금양,2021,도입기,0,0.0,99.0,40.44,55.72,0.84,44.22,2022,BB+,BB+,11
6068104711,(주)금양,2022,성장기,0,22.52,10.0,88.05,47.19,2.77,35.35,2023,BB+,BB+,11
6068104711,(주)금양,2023,성장기,0,38.19,12.8,89.05,55.19,32.18,64.38,2024,BB+,BB+,11
6108100029,롯데정밀화학(주),2015,조정기,1,59.67,22.7,21.47,44.75,64.81,81.16,2016,AA-,AA-,4
6108107100,송원산업(주),2016,성숙기,0,38.42,0.0,0.0,60.31,0.19,35.63,2017,A-,A-,7
6108107100,송원산업(주),2017,성장기,0,24.27,3.8,5.59,43.64,0.17,40.02,2018,A-,A-,7
6108107100,송원산업(주),2018,성숙기,0,10.04,0.0,33.85,51.17,1.0,38.65,2019,A-/안정적,A-,7
6108107100,송원산업(주),2019,성숙기,0,46.52,0.0,18.08,51.26,0.07,38.85,2020,A-/안정적,A-,7
6108107100,송원산업(주),2021,성숙기,0,0.0,0.0,40.44,53.82,0.1,44.48,2022,A(STABLE),A,6
6108107100,송원산업(주),2022,성숙기,0,22.52,0.0,88.05,46.13,0.02,33.95,2023,A,A,6
6108107100,송원산업(주),2023,성숙기,0,38.19,0.0,89.05,54.83,0.02,48.49,2024,A,A,6
6218110769,넥센타이어(주),2015,성장기,0,59.67,3.2,21.47,44.12,0.13,43.42,2016,A+,A+,5
6218110769,넥센타이어(주),2016,성숙기,0,38.42,0.0,0.0,60.28,0.07,35.6,2017,A+,A+,5
6218110769,넥센타이어(주),2018,성장기,0,10.04,2.7,33.85,50.54,0.48,38.37,2019,A+,A+,5
6218110769,넥센타이어(주),2019,성장기,0,46.52,5.5,18.08,52.35,0.03,39.17,2020,A+,A+,5
6218110769,넥센타이어(주),2020,성장기,0,100.0,5.3,55.74,64.58,0.6,37.21,2021,A+,A+,5
6218110769,넥센타이어(주),2021,성숙기,0,0.0,0.0,40.44,56.3,3.37,46.24,2022,A+,A+,5
6218110769,넥센타이어(주),2022,도입기,0,22.52,100.0,88.05,47.96,5.45,35.5,2023,A,A,6
6218110769,넥센타이어(주),2023,성장기,0,38.19,12.8,89.05,55.74,0.07,45.57,2024,A,A,6
8188600991,에스케이바이오사이언스(주),2019,성숙기,0,46.52,0.0,18.08,52.23,0.02,39.28,2020,A,A,6
8188600991,에스케이바이오사이언스(주),2020,성숙기,0,100.0,0.0,55.74,64.76,0.03,36.85,2021,A,A,6
8188600991,에스케이바이오사이언스(주),2021,성숙기,0,0.0,0.0,40.44,45.66,0.07,44.49,2022,A-,A-,7
8188600991,에스케이바이오사이언스(주),2022,쇠퇴기,0,22.52,98.4,88.05,74.25,0.01,33.96,2023,A,A,6
8188600991,에스케이바이오사이언스(주),2023,성숙기,0,38.19,0.0,89.05,74.05,0.71,48.87,2024,A+,A+,5
8468100915,에스케이케미칼(주),2018,성장기,0,10.04,2.7,33.85,,1.98,38.86,2019,A,A,6
8468100915,에스케이케미칼(주),2019,성장기,0,46.52,5.5,18.08,52.23,0.16,38.26,2020,A,A,6
8468100915,에스케이케미칼(주),2020,성장기,0,100.0,5.3,55.74,64.76,0.04,36.76,2021,A,A,6
8468100915,에스케이케미칼(주),2021,성장기,0,0.0,7.7,40.44,55.05,0.01,44.44,2022,A,A,6
8468100915,에스케이케미칼(주),2022,쇠퇴기,0,22.52,98.4,88.05,52.01,0.01,34.0,2023,A+,A+,5
8468100915,에스케이케미칼(주),2023,성장기,0,38.19,12.8,89.05,59.45,0.05,48.52,2024,A+,A+,5
8808701070,효성티앤씨(주),2019,성숙기,0,46.52,0.0,18.08,52.23,0.06,39.49,2020,A,A,6
8808701070,효성티앤씨(주),2020,성숙기,0,100.0,0.0,55.74,64.76,0.05,36.83,2021,A,A,6
8808701070,효성티앤씨(주),2021,성숙기,0,0.0,0.0,40.44,53.65,0.03,44.45,2022,A+,A+,5
8808701070,효성티앤씨(주),2022,성숙기,0,22.52,0.0,88.05,48.81,0.03,34.0,2023,A+,A+,5
8808701070,효성티앤씨(주),2023,성숙기,0,38.19,0.0,89.05,56.81,0.07,48.52,2024,A,A,6
