회사명,사업자등록번호,회계년도,y_true,y_prob,y_pred,correct,error_type
(주)한일관,1018189006,2021,0,0.0342,0,1,TN
(주)한일관,1018189006,2022,0,0.0162,0,1,TN
(주)한일관,1018189006,2023,0,0.6064,1,0,FP
(주)한일관,1018189006,2024,0,0.4034,1,0,FP
(주)푸르웰,1018662400,2021,0,0.0074,0,1,TN
(주)푸르웰,1018662400,2022,0,0.0217,0,1,TN
(주)푸르웰,1018662400,2023,0,0.0107,0,1,TN
(주)푸르웰,1018662400,2024,0,0.0181,0,1,TN
주식회사비케이알,1018676277,2021,0,0.0084,0,1,TN
주식회사비케이알,1018676277,2022,0,0.0057,0,1,TN
주식회사비케이알,1018676277,2023,0,0.0223,0,1,TN
주식회사비케이알,1018676277,2024,0,0.0088,0,1,TN
주식회사에스지빌라앤호텔,1028144550,2021,0,0.0577,1,0,FP
주식회사에스지빌라앤호텔,1028144550,2022,0,0.6069,1,0,FP
주식회사에스지빌라앤호텔,1028144550,2023,0,0.6492,1,0,FP
주식회사에스지빌라앤호텔,1028144550,2024,1,0.6609,1,1,TP
(주)파란하늘앤드지,1048122402,2021,0,0.1326,1,0,FP
(주)파란하늘앤드지,1048122402,2022,0,0.0703,1,0,FP
(주)파란하늘앤드지,1048122402,2023,0,0.6433,1,0,FP
(주)파란하늘앤드지,1048122402,2024,1,0.6706,1,1,TP
주식회사호텔롯데,1048125980,2021,0,0.3231,1,0,FP
주식회사호텔롯데,1048125980,2022,1,0.6159,1,1,TP
삼성웰스토리(주),1048651732,2021,0,0.0017,0,1,TN
삼성웰스토리(주),1048651732,2022,0,0.001,0,1,TN
삼성웰스토리(주),1048651732,2023,0,0.001,0,1,TN
삼성웰스토리(주),1048651732,2024,0,0.0019,0,1,TN
(주)써클관광개발,1058779609,2021,0,0.2626,1,0,FP
(주)써클관광개발,1058779609,2022,0,0.2189,1,0,FP
(주)써클관광개발,1058779609,2023,0,0.3806,1,0,FP
(주)써클관광개발,1058779609,2024,0,0.3939,1,0,FP
해밀톤관광(주),1068101174,2021,0,0.1614,1,0,FP
해밀톤관광(주),1068101174,2022,1,0.0497,1,1,TP
주식회사크라운관광호텔,1068108653,2021,0,0.3973,1,0,FP
주식회사크라운관광호텔,1068108653,2022,0,0.6622,1,0,FP
주식회사크라운관광호텔,1068108653,2023,0,0.5775,1,0,FP
주식회사크라운관광호텔,1068108653,2024,0,0.5208,1,0,FP
(주)호텔캐피탈,1068118879,2021,1,0.8113,1,1,TP
주식회사테이스터스,1068705191,2021,0,0.1136,1,0,FP
주식회사테이스터스,1068705191,2022,0,0.0595,1,0,FP
주식회사테이스터스,1068705191,2023,0,0.7134,1,0,FP
세마앤드남경주식회사,1078119643,2021,0,0.4192,1,0,FP
세마앤드남경주식회사,1078119643,2022,1,0.6399,1,1,TP
(주)아워홈,1078176324,2021,0,0.009,0,1,TN
(주)아워홈,1078176324,2022,0,0.0206,0,1,TN
(주)아워홈,1078176324,2023,0,0.0051,0,1,TN
(주)아워홈,1078176324,2024,0,0.0115,0,1,TN
주식회사부자되세요,1078754832,2021,0,0.0073,0,1,TN
주식회사부자되세요,1078754832,2022,0,0.0035,0,1,TN
주식회사부자되세요,1078754832,2023,0,0.0062,0,1,TN
주식회사부자되세요,1078754832,2024,0,0.0066,0,1,TN
주식회사제이알더블유,1088176929,2021,0,0.6406,1,0,FP
주식회사제이알더블유,1088176929,2022,1,0.0945,1,1,TP
(주)더레스토랑컴퍼니,1088196153,2021,0,0.0158,0,1,TN
(주)더레스토랑컴퍼니,1088196153,2022,0,0.014,0,1,TN
(주)더레스토랑컴퍼니,1088196153,2023,0,0.0284,0,1,TN
(주)더레스토랑컴퍼니,1088196153,2024,0,0.2148,1,0,FP
공항건설주식회사,1098645157,2021,0,0.0298,0,1,TN
공항건설주식회사,1098645157,2022,0,0.0105,0,1,TN
공항건설주식회사,1098645157,2023,0,0.8291,1,0,FP
주식회사오리지널팬케이크하우스코리아,1098645351,2022,0,0.0058,0,1,TN
주식회사오리지널팬케이크하우스코리아,1098645351,2023,0,0.0103,0,1,TN
주식회사오리지널팬케이크하우스코리아,1098645351,2024,0,0.01,0,1,TN
(주)거촌,1118106851,2021,0,0.4674,1,0,FP
(주)거촌,1118106851,2022,1,0.0624,1,1,TP
올투딜리셔스,1138687684,2021,0,0.0378,0,1,TN
올투딜리셔스,1138687684,2022,1,0.087,1,1,TP
대신투자개발주식회사,1148705488,2021,0,0.5623,1,0,FP
대신투자개발주식회사,1148705488,2022,1,0.8222,1,1,TP
마루심(주),1148720117,2021,0,0.005,0,1,TN
마루심(주),1148720117,2022,0,0.0237,0,1,TN
마루심(주),1148720117,2023,0,0.1686,1,0,FP
마루심(주),1148720117,2024,0,0.3573,1,0,FP
진호주식회사,1198802673,2022,0,0.0092,0,1,TN
진호주식회사,1198802673,2023,0,0.1129,1,0,FP
진호주식회사,1198802673,2024,0,0.4763,1,0,FP
파르나스호텔(주),1208101336,2021,0,0.4217,1,0,FP
파르나스호텔(주),1208101336,2022,0,0.0093,0,1,TN
파르나스호텔(주),1208101336,2023,0,0.0318,0,1,TN
파르나스호텔(주),1208101336,2024,0,0.022,0,1,TN
영동레저산업주식회사,1208102465,2021,0,0.4342,1,0,FP
영동레저산업주식회사,1208102465,2022,1,0.0425,1,1,TP
한무컨벤션주식회사,1208109492,2021,0,0.0046,0,1,TN
한무컨벤션주식회사,1208109492,2022,0,0.0033,0,1,TN
한무컨벤션주식회사,1208109492,2023,0,0.0033,0,1,TN
한무컨벤션주식회사,1208109492,2024,0,0.0069,0,1,TN
(주)고센인코퍼레이티드,1208133347,2021,0,0.0601,1,0,FP
(주)고센인코퍼레이티드,1208133347,2022,0,0.0718,1,0,FP
(주)고센인코퍼레이티드,1208133347,2023,0,0.6875,1,0,FP
(주)고센인코퍼레이티드,1208133347,2024,0,0.5359,1,0,FP
주식회사곰바우,1208639138,2021,0,0.6065,1,0,FP
주식회사곰바우,1208639138,2022,0,0.3445,1,0,FP
주식회사곰바우,1208639138,2023,0,0.4375,1,0,FP
주식회사곰바우,1208639138,2024,0,0.439,1,0,FP
호텔아이파크주식회사,1208679275,2021,0,0.0071,0,1,TN
호텔아이파크주식회사,1208679275,2022,0,0.0036,0,1,TN
호텔아이파크주식회사,1208679275,2023,0,0.0021,0,1,TN
호텔아이파크주식회사,1208679275,2024,0,0.0175,0,1,TN
크리스탈제이드코리아주식회사,1208684555,2021,0,0.3972,1,0,FP
크리스탈제이드코리아주식회사,1208684555,2022,0,0.0068,0,1,TN
(주)호텔페이토,1208779592,2021,0,0.6962,1,0,FP
(주)호텔페이토,1208779592,2022,0,0.0248,0,1,TN
(주)호텔페이토,1208779592,2023,0,0.0371,0,1,TN
(주)호텔페이토,1208779592,2024,0,0.6368,1,0,FP
주식회사리치몬드,1208810912,2021,0,0.5957,1,0,FP
주식회사리치몬드,1208810912,2022,0,0.6878,1,0,FP
주식회사웰스프레쉬,1218616540,2022,0,0.0227,0,1,TN
주식회사웰스프레쉬,1218616540,2023,0,0.0192,0,1,TN
주식회사웰스프레쉬,1218616540,2024,0,0.1339,1,0,FP
대보유통(주),1248168402,2021,1,0.6411,1,1,TP
태동관광개발(주),1248613862,2021,0,0.6419,1,0,FP
태동관광개발(주),1248613862,2022,0,0.0181,0,1,TN
태동관광개발(주),1248613862,2023,0,0.0178,0,1,TN
태동관광개발(주),1248613862,2024,0,0.0195,0,1,TN
주식회사씨네마,1248632573,2021,0,0.6323,1,0,FP
주식회사씨네마,1248632573,2022,0,0.1837,1,0,FP
주식회사씨네마,1248632573,2023,0,0.1938,1,0,FP
주식회사씨네마,1248632573,2024,0,0.4067,1,0,FP
(주)명성에프엠씨,1248642635,2021,0,0.042,1,0,FP
(주)명성에프엠씨,1248642635,2022,0,0.0216,0,1,TN
(주)명성에프엠씨,1248642635,2023,0,0.0477,1,0,FP
(주)명성에프엠씨,1248642635,2024,0,0.2189,1,0,FP
(주)메드빌트,1258153052,2021,0,0.0586,1,0,FP
(주)메드빌트,1258153052,2022,0,0.0695,1,0,FP
(주)메드빌트,1258153052,2023,0,0.1184,1,0,FP
(주)메드빌트,1258153052,2024,0,0.1467,1,0,FP
(주)정정당당,1268177697,2021,1,0.7209,1,1,TP
삼풍개발(주),1268610594,2021,0,0.5254,1,0,FP
삼풍개발(주),1268610594,2022,0,0.1723,1,0,FP
삼풍개발(주),1268610594,2023,0,0.535,1,0,FP
삼풍개발(주),1268610594,2024,0,0.7866,1,0,FP
주식회사대기개발,1268671795,2021,0,0.1235,1,0,FP
주식회사대기개발,1268671795,2022,0,0.5866,1,0,FP
주식회사대기개발,1268671795,2023,1,0.7897,1,1,TP
주)홍준,1278555113,2021,0,0.1061,1,0,FP
주)홍준,1278555113,2022,0,0.2136,1,0,FP
주)홍준,1278555113,2023,0,0.3247,1,0,FP
주)홍준,1278555113,2024,0,0.5457,1,0,FP
(주)바이킹그룹,1288606096,2021,0,0.0173,0,1,TN
(주)바이킹그룹,1288606096,2022,0,0.0331,0,1,TN
(주)바이킹그룹,1288606096,2023,0,0.017,0,1,TN
(주)바이킹그룹,1288606096,2024,0,0.029,0,1,TN
(주)신화아이푸드,1298189343,2021,0,0.0255,0,1,TN
(주)신화아이푸드,1298189343,2022,0,0.0199,0,1,TN
(주)신화아이푸드,1298189343,2023,0,0.0323,0,1,TN
(주)신화아이푸드,1298189343,2024,0,0.0023,0,1,TN
(주)딘타이펑코리아,1308606478,2021,0,0.0698,1,0,FP
(주)딘타이펑코리아,1308606478,2022,0,0.1136,1,0,FP
(주)딘타이펑코리아,1308606478,2023,0,0.0934,1,0,FP
(주)딘타이펑코리아,1308606478,2024,0,0.1168,1,0,FP
(주)퍼시픽스타,1318601442,2021,0,0.7321,1,0,FP
(주)퍼시픽스타,1318601442,2023,0,0.0079,0,1,TN
(주)퍼시픽스타,1318601442,2024,0,0.0016,0,1,TN
주식회사덕용푸드시스템,1318605472,2021,0,0.0117,0,1,TN
주식회사덕용푸드시스템,1318605472,2022,0,0.0047,0,1,TN
주식회사엔타스시스템,1318605486,2021,0,0.0413,1,0,FP
주식회사엔타스시스템,1318605486,2022,0,0.0144,0,1,TN
주식회사미래금,1318645509,2021,0,0.0169,0,1,TN
주식회사미래금,1318645509,2022,0,0.015,0,1,TN
주식회사미래금,1318645509,2023,0,0.4685,1,0,FP
주식회사미래금,1318645509,2024,0,0.0176,0,1,TN
(주)엔타스에스디,1318652150,2021,0,0.0117,0,1,TN
(주)엔타스에스디,1318652150,2022,0,0.0052,0,1,TN
(주)엔타스에스디,1318652150,2023,0,0.006,0,1,TN
(주)엔타스에스디,1318652150,2024,0,0.0056,0,1,TN
주식회사도레도레,1318668405,2021,0,0.2169,1,0,FP
주식회사도레도레,1318668405,2022,0,0.0279,0,1,TN
주식회사도레도레,1318668405,2023,0,0.0106,0,1,TN
주식회사도레도레,1318668405,2024,0,0.012,0,1,TN
주식회사에이서비스,1348712775,2022,0,0.004,0,1,TN
주식회사에이서비스,1348712775,2023,0,0.2323,1,0,FP
주식회사에이서비스,1348712775,2024,1,0.1606,1,1,TP
(주)인앤아웃,1358125422,2021,1,0.7412,1,1,TP
주식회사이루다,1358624976,2023,0,0.5866,1,0,FP
주식회사명장홍종흔,1358631934,2021,0,0.4279,1,0,FP
주식회사명장홍종흔,1358631934,2022,1,0.038,0,0,FN
주식회사유에이치씨,1368600642,2022,0,0.0139,0,1,TN
주식회사유에이치씨,1368600642,2023,0,0.0798,1,0,FP
주식회사유에이치씨,1368600642,2024,0,0.1797,1,0,FP
주식회사호텔일구칠사,1378700924,2021,1,0.8306,1,1,TP
주식회사다온신개발,1408195819,2021,1,0.5418,1,1,TP
주식회사갈릴리농원,1418122207,2022,0,0.0065,0,1,TN
주식회사갈릴리농원,1418122207,2023,0,0.0091,0,1,TN
주식회사갈릴리농원,1418122207,2024,0,0.0042,0,1,TN
금호리조트(주),1428103111,2021,1,0.6584,1,1,TP
주식회사만수정,1428149742,2021,0,0.1241,1,0,FP
주식회사만수정,1428149742,2022,0,0.2373,1,0,FP
주식회사만수정,1428149742,2023,0,0.4041,1,0,FP
주식회사만수정,1428149742,2024,0,0.1731,1,0,FP
(주)호텔더숨포레스트,1428169563,2021,0,0.1259,1,0,FP
(주)호텔더숨포레스트,1428169563,2022,0,0.0589,1,0,FP
(주)호텔더숨포레스트,1428169563,2023,0,0.2803,1,0,FP
주식회사핸디즈,1528600358,2022,0,0.0646,1,0,FP
주식회사핸디즈,1528600358,2023,0,0.35,1,0,FP
주식회사핸디즈,1528600358,2024,1,0.9169,1,1,TP
제이앤제이컴퍼니주식회사,1548102435,2021,0,0.0033,0,1,TN
제이앤제이컴퍼니주식회사,1548102435,2022,0,0.0491,1,0,FP
제이앤제이컴퍼니주식회사,1548102435,2023,0,0.5184,1,0,FP
제이앤제이컴퍼니주식회사,1548102435,2024,0,0.3763,1,0,FP
(주)비손,1618602501,2022,0,0.0187,0,1,TN
(주)비손,1618602501,2023,0,0.6494,1,0,FP
(주)비손,1618602501,2024,1,0.8954,1,1,TP
주식회사아유,1638600625,2022,0,0.1221,1,0,FP
주식회사아유,1638600625,2023,0,0.5754,1,0,FP
주식회사아유,1638600625,2024,0,0.8628,1,0,FP
한화푸드테크주식회사,1898702127,2021,0,0.0207,0,1,TN
한화푸드테크주식회사,1898702127,2022,0,0.0014,0,1,TN
한화푸드테크주식회사,1898702127,2023,0,0.0043,0,1,TN
한화푸드테크주식회사,1898702127,2024,0,0.0537,1,0,FP
주식회사스타월드몰,1918701058,2021,0,0.0861,1,0,FP
주식회사스타월드몰,1918701058,2022,0,0.0242,0,1,TN
주식회사스타월드몰,1918701058,2023,0,0.6708,1,0,FP
주식회사스타월드몰,1918701058,2024,0,0.7765,1,0,FP
주식회사라한호텔전주,1938600868,2021,0,0.0897,1,0,FP
주식회사라한호텔전주,1938600868,2022,0,0.1705,1,0,FP
주식회사라한호텔전주,1938600868,2023,0,0.1405,1,0,FP
주식회사라한호텔전주,1938600868,2024,0,0.9404,1,0,FP
주식회사가평빠지캠프통포레스트수상레저,1978601291,2021,1,0.5787,1,1,TP
주식회사에스씨케이컴퍼니,2018121515,2021,0,0.0037,0,1,TN
주식회사에스씨케이컴퍼니,2018121515,2022,0,0.0042,0,1,TN
주식회사에스씨케이컴퍼니,2018121515,2023,0,0.0054,0,1,TN
주식회사에스씨케이컴퍼니,2018121515,2024,0,0.0028,0,1,TN
주식회사사보이호텔,2018130649,2021,0,0.2207,1,0,FP
주식회사사보이호텔,2018130649,2022,1,0.3682,1,1,TP
주식회사더한,2018145496,2021,0,0.046,1,0,FP
주식회사더한,2018145496,2022,0,0.0342,0,1,TN
주식회사더한,2018145496,2023,0,0.0354,0,1,TN
주식회사더한,2018145496,2024,0,0.1033,1,0,FP
오일관광(주),2018148299,2021,0,0.6231,1,0,FP
오일관광(주),2018148299,2022,0,0.0321,0,1,TN
오일관광(주),2018148299,2023,0,0.0546,1,0,FP
오일관광(주),2018148299,2024,0,0.0159,0,1,TN
(주)동바오,2018193023,2021,0,0.3761,1,0,FP
(주)동바오,2018193023,2022,1,0.3833,1,1,TP
에이에이호텔매니지먼트,2018198616,2021,0,0.0047,0,1,TN
에이에이호텔매니지먼트,2018198616,2022,0,0.0022,0,1,TN
에이에이호텔매니지먼트,2018198616,2023,0,0.0053,0,1,TN
에이에이호텔매니지먼트,2018198616,2024,0,0.0026,0,1,TN
주식회사호텔스카이파크,2018617127,2021,0,0.1123,1,0,FP
주식회사호텔스카이파크,2018617127,2022,1,0.1402,1,1,TP
신라에이치엠주식회사,2018640254,2021,0,0.0058,0,1,TN
신라에이치엠주식회사,2018640254,2022,0,0.0025,0,1,TN
신라에이치엠주식회사,2018640254,2023,0,0.0016,0,1,TN
신라에이치엠주식회사,2018640254,2024,0,0.002,0,1,TN
국도관광개발주식회사,2028141931,2021,0,0.395,1,0,FP
국도관광개발주식회사,2028141931,2022,1,0.2249,1,1,TP
백남관광주식회사,2028145562,2021,0,0.3395,1,0,FP
백남관광주식회사,2028145562,2022,1,0.8204,1,1,TP
(주)서한사,2038143548,2021,0,0.4546,1,0,FP
(주)서한사,2038143548,2022,1,0.3278,1,1,TP
(주)한화비앤비,2048645563,2024,1,0.2921,1,1,TP
주식회사아모렉스리조트,2068167345,2021,0,0.5707,1,0,FP
주식회사아모렉스리조트,2068167345,2022,0,0.2155,1,0,FP
주식회사아모렉스리조트,2068167345,2023,0,0.1111,1,0,FP
주식회사아모렉스리조트,2068167345,2024,0,0.4936,1,0,FP
주식회사호텔아띠,2068700841,2021,0,0.4401,1,0,FP
주식회사호텔아띠,2068700841,2022,0,0.4776,1,0,FP
꿈꾸는이상(주),2098154010,2021,0,0.0565,1,0,FP
꿈꾸는이상(주),2098154010,2022,0,0.0175,0,1,TN
꿈꾸는이상(주),2098154010,2023,0,0.0429,1,0,FP
꿈꾸는이상(주),2098154010,2024,0,0.1182,1,0,FP
(주)바르다김선생,2098161001,2022,0,0.0238,0,1,TN
(주)바르다김선생,2098161001,2023,0,0.0389,0,1,TN
(주)바르다김선생,2098161001,2024,0,0.3874,1,0,FP
(주)한울글로벌,2098164371,2021,0,0.8457,1,0,FP
(주)한울글로벌,2098164371,2022,0,0.2301,1,0,FP
(주)한울글로벌,2098164371,2023,0,0.3046,1,0,FP
(주)한울글로벌,2098164371,2024,0,0.5731,1,0,FP
주식회사바이오피드백,2108122880,2021,0,0.8145,1,0,FP
주식회사바이오피드백,2108122880,2022,1,0.6946,1,1,TP
라미드관광주식회사,2108128899,2021,0,0.1363,1,0,FP
라미드관광주식회사,2108128899,2022,0,0.0378,0,1,TN
라미드관광주식회사,2108128899,2023,0,0.3642,1,0,FP
라미드관광주식회사,2108128899,2024,0,0.1213,1,0,FP
(주)전한,2108149502,2021,0,0.0393,0,1,TN
(주)전한,2108149502,2022,0,0.0214,0,1,TN
(주)전한,2108149502,2023,0,0.0607,1,0,FP
(주)전한,2108149502,2024,0,0.0849,1,0,FP
(주)황솔촌상무점,2108154214,2021,0,0.0647,1,0,FP
(주)황솔촌상무점,2108154214,2022,0,0.0107,0,1,TN
(주)황솔촌상무점,2108154214,2023,0,0.0542,1,0,FP
(주)황솔촌상무점,2108154214,2024,0,0.2175,1,0,FP
삼원관광개발주식회사,2118132057,2021,0,0.1273,1,0,FP
삼원관광개발주식회사,2118132057,2022,0,0.0481,1,0,FP
삼원관광개발주식회사,2118132057,2023,0,0.1306,1,0,FP
삼원관광개발주식회사,2118132057,2024,0,0.0422,1,0,FP
한우리외식산업주식회사,2118140237,2021,0,0.0141,0,1,TN
한우리외식산업주식회사,2118140237,2022,0,0.0022,0,1,TN
한우리외식산업주식회사,2118140237,2023,0,0.002,0,1,TN
한우리외식산업주식회사,2118140237,2024,0,0.0462,1,0,FP
주식회사앰배스텔,2118607005,2021,0,0.4661,1,0,FP
주식회사앰배스텔,2118607005,2022,0,0.5747,1,0,FP
주식회사앰배스텔,2118607005,2023,0,0.069,1,0,FP
주식회사앰배스텔,2118607005,2024,0,0.1082,1,0,FP
주식회사썬앳푸드,2118636456,2021,0,0.0396,0,1,TN
주식회사썬앳푸드,2118636456,2022,0,0.0294,0,1,TN
주식회사썬앳푸드,2118636456,2023,0,0.0069,0,1,TN
주식회사썬앳푸드,2118636456,2024,0,0.0096,0,1,TN
제이제이케터링(주),2118644086,2021,1,0.7225,1,1,TP
(주)엣세두에,2118691634,2021,0,0.0146,0,1,TN
(주)엣세두에,2118691634,2022,0,0.2654,1,0,FP
(주)엣세두에,2118691634,2023,1,0.7331,1,1,TP
(주)닥터로빈,2118773725,2021,0,0.0049,0,1,TN
(주)닥터로빈,2118773725,2022,0,0.0101,0,1,TN
(주)닥터로빈,2118773725,2023,0,0.4093,1,0,FP
(주)닥터로빈,2118773725,2024,0,0.1028,1,0,FP
한서외식산업(주),2118823784,2021,0,0.3303,1,0,FP
한서외식산업(주),2118823784,2022,0,0.008,0,1,TN
한서외식산업(주),2118823784,2023,0,0.002,0,1,TN
한서외식산업(주),2118823784,2024,0,0.0045,0,1,TN
(주)캘리스코,2118832153,2021,0,0.2775,1,0,FP
(주)캘리스코,2118832153,2022,1,0.15,1,1,TP
엠즈씨드주식회사,2118895935,2021,0,0.0061,0,1,TN
엠즈씨드주식회사,2118895935,2022,0,0.003,0,1,TN
엠즈씨드주식회사,2118895935,2023,0,0.011,0,1,TN
엠즈씨드주식회사,2118895935,2024,0,0.0175,0,1,TN
신성푸드서비스(주),2128180514,2021,0,0.0969,1,0,FP
신성푸드서비스(주),2128180514,2022,0,0.0162,0,1,TN
신성푸드서비스(주),2128180514,2023,0,0.0032,0,1,TN
신성푸드서비스(주),2128180514,2024,0,0.0032,0,1,TN
선일통산주식회사,2138123480,2021,0,0.0071,0,1,TN
선일통산주식회사,2138123480,2022,0,0.0045,0,1,TN
선일통산주식회사,2138123480,2023,0,0.0125,0,1,TN
선일통산주식회사,2138123480,2024,0,0.005,0,1,TN
주식회사보림로지스틱스,2148115789,2021,0,0.1582,1,0,FP
주식회사보림로지스틱스,2148115789,2022,0,0.1602,1,0,FP
주식회사보림로지스틱스,2148115789,2023,0,0.115,1,0,FP
주식회사보림로지스틱스,2148115789,2024,0,0.0706,1,0,FP
엠오에이치개발(주),2148197331,2021,0,0.2739,1,0,FP
엠오에이치개발(주),2148197331,2023,0,0.3869,1,0,FP
엠오에이치개발(주),2148197331,2024,1,0.4701,1,1,TP
(주)풀무원푸드앤컬처,2148608930,2021,1,0.7617,1,1,TP
(주)체리비홀딩스,2148720528,2021,0,0.0621,1,0,FP
(주)체리비홀딩스,2148720528,2022,0,0.0439,1,0,FP
(주)체리비홀딩스,2148720528,2023,0,0.0158,0,1,TN
(주)체리비홀딩스,2148720528,2024,0,0.0187,0,1,TN
(주)오발탄에프에스,2148820582,2021,0,0.0342,0,1,TN
(주)오발탄에프에스,2148820582,2022,0,0.0303,0,1,TN
(주)오발탄에프에스,2148820582,2023,0,0.2308,1,0,FP
(주)오발탄에프에스,2148820582,2024,0,0.7442,1,0,FP
(주)미셸푸드,2148827630,2021,0,0.0049,0,1,TN
(주)미셸푸드,2148827630,2022,0,0.0034,0,1,TN
(주)미셸푸드,2148827630,2023,0,0.0491,1,0,FP
(주)미셸푸드,2148827630,2024,0,0.2097,1,0,FP
주식회사퍼스트그린에프앤비,2148884005,2022,0,0.0352,0,1,TN
주식회사퍼스트그린에프앤비,2148884005,2023,0,0.0123,0,1,TN
주식회사퍼스트그린에프앤비,2148884005,2024,0,0.3492,1,0,FP
(주)공차코리아,2148884534,2021,0,0.0067,0,1,TN
(주)공차코리아,2148884534,2022,0,0.0058,0,1,TN
(주)공차코리아,2148884534,2023,0,0.0086,0,1,TN
(주)공차코리아,2148884534,2024,0,0.0188,0,1,TN
(주)신세계푸드,2158147377,2021,0,0.0094,0,1,TN
(주)신세계푸드,2158147377,2022,0,0.0169,0,1,TN
(주)신세계푸드,2158147377,2023,0,0.0281,0,1,TN
(주)신세계푸드,2158147377,2024,0,0.0293,0,1,TN
주식회사진풍푸드서비스,2158164911,2021,0,0.0035,0,1,TN
주식회사진풍푸드서비스,2158164911,2022,0,0.0032,0,1,TN
주식회사진풍푸드서비스,2158164911,2023,0,0.1859,1,0,FP
주식회사진풍푸드서비스,2158164911,2024,0,0.0999,1,0,FP
(주)벽제,2158178531,2022,0,0.033,0,1,TN
(주)벽제,2158178531,2023,0,0.0496,1,0,FP
(주)벽제,2158178531,2024,0,0.3829,1,0,FP
(주)리치빔,2158197483,2021,0,0.0078,0,1,TN
(주)리치빔,2158197483,2022,0,0.0047,0,1,TN
(주)리치빔,2158197483,2023,0,0.0045,0,1,TN
(주)리치빔,2158197483,2024,0,0.0045,0,1,TN
(주)후니드,2158665235,2021,0,0.0022,0,1,TN
(주)후니드,2158665235,2022,0,0.0014,0,1,TN
(주)후니드,2158665235,2023,0,0.0157,0,1,TN
(주)후니드,2158665235,2024,0,0.0442,1,0,FP
(주)제이엠더블유인터내셔날,2158674831,2021,0,0.0075,0,1,TN
(주)제이엠더블유인터내셔날,2158674831,2022,0,0.0119,0,1,TN
(주)제이엠더블유인터내셔날,2158674831,2023,0,0.0134,0,1,TN
(주)제이엠더블유인터내셔날,2158674831,2024,0,0.4391,1,0,FP
(주)더파이낸셜어드바이저리그룹,2158776267,2022,0,0.47,1,0,FP
(주)더파이낸셜어드바이저리그룹,2158776267,2023,1,0.5539,1,1,TP
주식회사엘에스씨푸드,2178124119,2021,0,0.0027,0,1,TN
주식회사엘에스씨푸드,2178124119,2022,0,0.002,0,1,TN
주식회사엘에스씨푸드,2178124119,2023,0,0.0902,1,0,FP
주식회사엘에스씨푸드,2178124119,2024,0,0.0074,0,1,TN
(주)웨딩헤너스,2178139290,2021,0,0.0829,1,0,FP
(주)웨딩헤너스,2178139290,2022,0,0.043,1,0,FP
(주)웨딩헤너스,2178139290,2023,0,0.2478,1,0,FP
(주)웨딩헤너스,2178139290,2024,0,0.7607,1,0,FP
(주)호텔더디자이너스건대,2178142757,2021,0,0.2291,1,0,FP
(주)호텔더디자이너스건대,2178142757,2022,0,0.0562,1,0,FP
(주)호텔더디자이너스건대,2178142757,2023,0,0.2284,1,0,FP
(주)호텔더디자이너스건대,2178142757,2024,0,0.4041,1,0,FP
주식회사재욱,2178143076,2021,0,0.5753,1,0,FP
주식회사재욱,2178143076,2022,0,0.0175,0,1,TN
주식회사재욱,2178143076,2023,0,0.1048,1,0,FP
주식회사재욱,2178143076,2024,0,0.0144,0,1,TN
저스트슬립호텔동탄역점주식회사,2198132084,2022,0,0.0042,0,1,TN
저스트슬립호텔동탄역점주식회사,2198132084,2023,0,0.4837,1,0,FP
저스트슬립호텔동탄역점주식회사,2198132084,2024,0,0.6475,1,0,FP
청오디피케이(주),2208103371,2021,0,0.0049,0,1,TN
청오디피케이(주),2208103371,2022,0,0.0072,0,1,TN
청오디피케이(주),2208103371,2023,0,0.0078,0,1,TN
청오디피케이(주),2208103371,2024,0,0.0054,0,1,TN
아모제푸드(주),2208115014,2021,0,0.6337,1,0,FP
아모제푸드(주),2208115014,2022,1,0.0186,0,0,FN
(주)델리에프에스,2208602760,2021,0,0.1789,1,0,FP
(주)델리에프에스,2208602760,2022,1,0.0434,1,1,TP
(주)재원푸드,2208604977,2021,0,0.0039,0,1,TN
(주)재원푸드,2208604977,2022,0,0.0029,0,1,TN
(주)재원푸드,2208604977,2023,0,0.0019,0,1,TN
(주)재원푸드,2208604977,2024,0,0.016,0,1,TN
(주)이에스오리엔트,2208654201,2021,0,0.3978,1,0,FP
(주)이에스오리엔트,2208654201,2022,1,0.0875,1,1,TP
(주)유니크서울,2208752520,2021,0,0.0053,0,1,TN
(주)유니크서울,2208752520,2022,0,0.1244,1,0,FP
(주)유니크서울,2208752520,2023,0,0.1937,1,0,FP
(주)유니크서울,2208752520,2024,0,0.1297,1,0,FP
주식회사갓텐코리아,2208802823,2021,1,0.8229,1,1,TP
한누리주식회사,2218129826,2021,0,0.1845,1,0,FP
한누리주식회사,2218129826,2022,0,0.0475,1,0,FP
한누리주식회사,2218129826,2023,0,0.1785,1,0,FP
한누리주식회사,2218129826,2024,0,0.1033,1,0,FP
주식회사남문,2218142076,2021,0,0.0585,1,0,FP
주식회사남문,2218142076,2022,0,0.0284,0,1,TN
주식회사남문,2218142076,2023,0,0.0386,0,1,TN
주식회사남문,2218142076,2024,0,0.0206,0,1,TN
주식회사통나무집닭갈비,2218144128,2021,0,0.0098,0,1,TN
주식회사통나무집닭갈비,2218144128,2022,0,0.0188,0,1,TN
주식회사통나무집닭갈비,2218144128,2023,0,0.0193,0,1,TN
동해현진관광호텔(주),2228128209,2021,0,0.1937,1,0,FP
동해현진관광호텔(주),2228128209,2022,0,0.0627,1,0,FP
동해현진관광호텔(주),2228128209,2023,0,0.1318,1,0,FP
동해현진관광호텔(주),2228128209,2024,0,0.0837,1,0,FP
(주)소노인터내셔널,2238108341,2021,0,0.0297,0,1,TN
(주)소노인터내셔널,2238108341,2022,0,0.0025,0,1,TN
(주)소노인터내셔널,2238108341,2023,0,0.042,1,0,FP
(주)소노인터내셔널,2238108341,2024,0,0.0273,0,1,TN
주식회사고품질,2248800754,2021,0,0.0825,1,0,FP
주식회사고품질,2248800754,2022,0,0.2499,1,0,FP
주식회사고품질,2248800754,2023,0,0.2463,1,0,FP
주식회사고품질,2248800754,2024,0,0.1951,1,0,FP
(주)승화썬크루즈,2268109811,2021,0,0.0102,0,1,TN
(주)승화썬크루즈,2268109811,2022,0,0.005,0,1,TN
(주)승화썬크루즈,2268109811,2023,0,0.0036,0,1,TN
(주)승화썬크루즈,2268109811,2024,0,0.0053,0,1,TN
모나용평(주),2268124374,2021,0,0.0197,0,1,TN
모나용평(주),2268124374,2022,0,0.2312,1,0,FP
모나용평(주),2268124374,2023,0,0.0964,1,0,FP
모나용평(주),2268124374,2024,0,0.1161,1,0,FP
(주)하슬라아트월드,2268125878,2021,0,0.1002,1,0,FP
(주)하슬라아트월드,2268125878,2022,0,0.0851,1,0,FP
(주)하슬라아트월드,2268125878,2023,0,0.0691,1,0,FP
(주)하슬라아트월드,2268125878,2024,0,0.072,1,0,FP
주식회사동광개발,2278107363,2021,0,0.0884,1,0,FP
주식회사동광개발,2278107363,2022,0,0.0052,0,1,TN
주식회사동광개발,2278107363,2023,0,0.3177,1,0,FP
주식회사동광개발,2278107363,2024,0,0.3935,1,0,FP
주식회사청초수,2278120556,2021,0,0.0511,1,0,FP
주식회사청초수,2278120556,2022,0,0.0096,0,1,TN
주식회사청초수,2278120556,2023,0,0.0613,1,0,FP
주식회사청초수,2278120556,2024,0,0.1128,1,0,FP
주식회사라이프플러스,2278600287,2021,1,0.7065,1,1,TP
본푸드서비스주식회사,2298111219,2021,0,0.0162,0,1,TN
본푸드서비스주식회사,2298111219,2022,0,0.0082,0,1,TN
본푸드서비스주식회사,2298111219,2023,0,0.0142,0,1,TN
본푸드서비스주식회사,2298111219,2024,0,0.055,1,0,FP
더케이호텔앤리조트,2298120585,2021,0,0.0208,0,1,TN
더케이호텔앤리조트,2298120585,2022,0,0.0142,0,1,TN
더케이호텔앤리조트,2298120585,2023,1,0.097,1,1,TP
한국호텔개발(주),2308111825,2021,0,0.5584,1,0,FP
한국호텔개발(주),2308111825,2022,0,0.0484,1,0,FP
(주)코럴핑크,2348700206,2022,0,0.0603,1,0,FP
(주)코럴핑크,2348700206,2023,0,0.676,1,0,FP
(주)코럴핑크,2348700206,2024,0,0.7012,1,0,FP
(주)송산에이앤씨,2438100101,2021,0,0.0336,0,1,TN
(주)송산에이앤씨,2438100101,2022,0,0.0449,1,0,FP
(주)송산에이앤씨,2438100101,2023,0,0.0382,0,1,TN
(주)송산에이앤씨,2438100101,2024,0,0.0321,0,1,TN
주식회사지에프에프지,2488100620,2021,0,0.0044,0,1,TN
주식회사지에프에프지,2488100620,2022,0,0.0137,0,1,TN
주식회사지에프에프지,2488100620,2023,0,0.3508,1,0,FP
주식회사지에프에프지,2488100620,2024,1,0.2097,1,1,TP
주식회사모나밸리,2558100045,2021,0,0.0533,1,0,FP
주식회사모나밸리,2558100045,2022,0,0.5642,1,0,FP
주식회사모나밸리,2558100045,2023,1,0.8457,1,1,TP
주식회사엘라포니시,2598101653,2021,0,0.0109,0,1,TN
주식회사엘라포니시,2598101653,2022,0,0.2407,1,0,FP
주식회사엘라포니시,2598101653,2023,0,0.6034,1,0,FP
주식회사엘라포니시,2598101653,2024,0,0.9044,1,0,FP
주식회사에스씨비에이치,2618113977,2021,0,0.0173,0,1,TN
주식회사에스씨비에이치,2618113977,2022,0,0.0288,0,1,TN
주식회사에스씨비에이치,2618113977,2023,0,0.0265,0,1,TN
주식회사에스씨비에이치,2618113977,2024,0,0.1621,1,0,FP
주식회사엠에프지코리아,2618116391,2021,0,0.0169,0,1,TN
주식회사엠에프지코리아,2618116391,2022,0,0.0041,0,1,TN
주식회사엠에프지코리아,2618116391,2023,0,0.0027,0,1,TN
주식회사엠에프지코리아,2618116391,2024,0,0.2422,1,0,FP
주식회사아셈,2688601439,2021,0,0.7498,1,0,FP
주식회사아셈,2688601439,2022,0,0.1893,1,0,FP
주식회사아셈,2688601439,2023,0,0.2289,1,0,FP
주식회사아셈,2688601439,2024,0,0.4745,1,0,FP
(주)플레이에프앤비,2698600414,2021,0,0.1857,1,0,FP
(주)플레이에프앤비,2698600414,2022,0,0.2365,1,0,FP
(주)플레이에프앤비,2698600414,2023,1,0.1653,1,1,TP
주식회사에스엔디유통,2708700463,2021,0,0.6048,1,0,FP
주식회사에스엔디유통,2708700463,2022,0,0.0548,1,0,FP
주식회사에스엔디유통,2708700463,2023,1,0.7907,1,1,TP
(주)인터불고엑스코,2718601643,2021,0,0.0083,0,1,TN
(주)인터불고엑스코,2718601643,2022,0,0.045,1,0,FP
(주)인터불고엑스코,2718601643,2023,0,0.0764,1,0,FP
(주)인터불고엑스코,2718601643,2024,0,0.587,1,0,FP
주식회사씨씨,2788601867,2022,0,0.0107,0,1,TN
주식회사씨씨,2788601867,2023,0,0.5484,1,0,FP
주식회사씨씨,2788601867,2024,0,0.1022,1,0,FP
아킴보주식회사,2878801773,2021,0,0.4028,1,0,FP
아킴보주식회사,2878801773,2022,0,0.0665,1,0,FP
아킴보주식회사,2878801773,2023,0,0.0909,1,0,FP
아킴보주식회사,2878801773,2024,0,0.3553,1,0,FP
주식회사크리스월드더레지던스,2888701823,2022,0,0.0096,0,1,TN
주식회사크리스월드더레지던스,2888701823,2023,0,0.6988,1,0,FP
주식회사크리스월드더레지던스,2888701823,2024,1,0.8323,1,1,TP
주식회사안스,2928700177,2021,0,0.1289,1,0,FP
주식회사안스,2928700177,2022,0,0.0657,1,0,FP
주식회사안스,2928700177,2023,0,0.0183,0,1,TN
주식회사안스,2928700177,2024,0,0.0474,1,0,FP
주식회사제이비그룹,2948602102,2021,0,0.0642,1,0,FP
주식회사제이비그룹,2948602102,2022,0,0.2296,1,0,FP
주식회사제이비그룹,2948602102,2023,1,0.5669,1,1,TP
(주)애성,2958701869,2022,0,0.0059,0,1,TN
(주)애성,2958701869,2023,0,0.6727,1,0,FP
(주)애성,2958701869,2024,1,0.8697,1,1,TP
대보디앤에스(주),3018123531,2021,0,0.0611,1,0,FP
대보디앤에스(주),3018123531,2022,0,0.0081,0,1,TN
대보디앤에스(주),3018123531,2023,0,0.0126,0,1,TN
대보디앤에스(주),3018123531,2024,0,0.0145,0,1,TN
주식회사홍인,3018166976,2022,0,0.0197,0,1,TN
주식회사홍인,3018166976,2023,0,0.0542,1,0,FP
주식회사홍인,3018166976,2024,0,0.7587,1,0,FP
(주)오페라,3058138735,2021,0,0.0238,0,1,TN
(주)오페라,3058138735,2022,0,0.0425,1,0,FP
(주)오페라,3058138735,2023,0,0.2725,1,0,FP
(주)오페라,3058138735,2024,1,0.7465,1,1,TP
(주)한울에프앤에스,3068120903,2021,0,0.5395,1,0,FP
(주)한울에프앤에스,3068120903,2022,1,0.0451,1,1,TP
주식회사부연산업,3118143761,2021,0,0.0948,1,0,FP
주식회사부연산업,3118143761,2022,0,0.2824,1,0,FP
주식회사부연산업,3118143761,2023,0,0.1407,1,0,FP
주식회사부연산업,3118143761,2024,0,0.6351,1,0,FP
주식회사디그니티그룹,3118601261,2021,0,0.0038,0,1,TN
주식회사디그니티그룹,3118601261,2022,0,0.03,0,1,TN
주식회사디그니티그룹,3118601261,2023,0,0.137,1,0,FP
주식회사디그니티그룹,3118601261,2024,0,0.1146,1,0,FP
주식회사에스엔디,3118601301,2021,1,0.8011,1,1,TP
(주)제이에스지,3128157079,2021,0,0.064,1,0,FP
(주)제이에스지,3128157079,2022,0,0.0317,0,1,TN
(주)제이에스지,3128157079,2023,0,0.1438,1,0,FP
(주)제이에스지,3128157079,2024,0,0.0306,0,1,TN
뚜쥬루개발(주),3128161326,2021,0,0.031,0,1,TN
뚜쥬루개발(주),3128161326,2022,0,0.0256,0,1,TN
뚜쥬루개발(주),3128161326,2023,0,0.0381,0,1,TN
뚜쥬루개발(주),3128161326,2024,0,0.0513,1,0,FP
유성관광개발주식회사,3148100719,2021,0,0.7696,1,0,FP
유성관광개발주식회사,3148100719,2022,0,0.0061,0,1,TN
유성관광개발주식회사,3148100719,2023,0,0.1055,1,0,FP
유성관광개발주식회사,3148100719,2024,0,0.0891,1,0,FP
주식회사리아타운,3148613301,2021,1,0.7942,1,1,TP
주식회사호텔아이시시,3148625054,2021,0,0.0712,1,0,FP
주식회사호텔아이시시,3148625054,2022,0,0.2214,1,0,FP
주식회사호텔아이시시,3148625054,2023,0,0.0256,0,1,TN
주식회사호텔아이시시,3148625054,2024,0,0.0318,0,1,TN
주식회사주앤진,3148654976,2021,0,0.3579,1,0,FP
주식회사주앤진,3148654976,2022,0,0.0811,1,0,FP
주식회사주앤진,3148654976,2023,0,0.0471,1,0,FP
주식회사주앤진,3148654976,2024,0,0.1254,1,0,FP
더한옥헤리티지주식회사,3148700268,2021,0,0.5439,1,0,FP
더한옥헤리티지주식회사,3148700268,2022,0,0.225,1,0,FP
더한옥헤리티지주식회사,3148700268,2023,0,0.7175,1,0,FP
더한옥헤리티지주식회사,3148700268,2024,1,0.7396,1,1,TP
주식회사정우푸드,3168108342,2022,0,0.0332,0,1,TN
주식회사정우푸드,3168108342,2023,0,0.5087,1,0,FP
주식회사정우푸드,3168108342,2024,0,0.7222,1,0,FP
주식회사초석,3178140501,2022,0,0.0449,1,0,FP
주식회사초석,3178140501,2023,0,0.6943,1,0,FP
주식회사초석,3178140501,2024,1,0.7909,1,1,TP
타니베이관광호텔주식회사,3218700285,2021,0,0.3709,1,0,FP
타니베이관광호텔주식회사,3218700285,2022,0,0.1426,1,0,FP
타니베이관광호텔주식회사,3218700285,2023,0,0.5716,1,0,FP
타니베이관광호텔주식회사,3218700285,2024,0,0.8852,1,0,FP
파인그로브(주),3218802510,2022,0,0.0035,0,1,TN
파인그로브(주),3218802510,2023,0,0.7476,1,0,FP
파인그로브(주),3218802510,2024,0,0.6615,1,0,FP
주식회사엠제이오,3258800377,2022,0,0.0379,0,1,TN
주식회사엠제이오,3258800377,2023,0,0.0894,1,0,FP
주식회사엠제이오,3258800377,2024,0,0.1168,1,0,FP
다이와로얄코리아주식회사,3258802055,2021,0,0.0324,0,1,TN
다이와로얄코리아주식회사,3258802055,2022,0,0.4377,1,0,FP
다이와로얄코리아주식회사,3258802055,2023,1,0.0558,1,1,TP
주식회사해람,3278701375,2021,0,0.0325,0,1,TN
주식회사해람,3278701375,2022,0,0.0451,1,0,FP
주식회사해람,3278701375,2023,1,0.5577,1,1,TP
주식회사제주하버뷰호텔,3348701368,2021,1,0.6062,1,1,TP
주식회사호텔동방,3358800675,2021,0,0.5214,1,0,FP
주식회사호텔동방,3358800675,2022,0,0.0742,1,0,FP
주식회사호텔동방,3358800675,2023,0,0.1303,1,0,FP
주식회사호텔동방,3358800675,2024,0,0.3968,1,0,FP
주식회사시더스에프엔비,3408102021,2022,0,0.2156,1,0,FP
주식회사시더스에프엔비,3408102021,2023,0,0.7247,1,0,FP
주식회사시더스에프엔비,3408102021,2024,1,0.6524,1,1,TP
더클래스호텔주식회사,3498600520,2021,1,0.6829,1,1,TP
두성유통(주),3558700236,2021,0,0.0238,0,1,TN
두성유통(주),3558700236,2022,0,0.004,0,1,TN
두성유통(주),3558700236,2023,0,0.0046,0,1,TN
두성유통(주),3558700236,2024,0,0.0021,0,1,TN
주식회사타르틴코리아,3578600517,2022,1,0.7697,1,1,TP
주식회사호텔아트하임,3778100874,2021,0,0.5736,1,0,FP
주식회사호텔아트하임,3778100874,2022,0,0.7103,1,0,FP
주식회사호텔아트하임,3778100874,2023,0,0.6682,1,0,FP
주식회사호텔아트하임,3778100874,2024,0,0.7925,1,0,FP
(주)후니에프앤비,3828700261,2021,0,0.0044,0,1,TN
(주)후니에프앤비,3828700261,2022,0,0.0039,0,1,TN
(주)후니에프앤비,3828700261,2023,0,0.0102,0,1,TN
(주)후니에프앤비,3828700261,2024,0,0.0128,0,1,TN
주식회사라한호텔포항,3828700956,2021,0,0.0847,1,0,FP
주식회사라한호텔포항,3828700956,2022,0,0.1817,1,0,FP
주식회사라한호텔포항,3828700956,2023,0,0.22,1,0,FP
주식회사라한호텔포항,3828700956,2024,0,0.5994,1,0,FP
농업회사법인주식회사소풍캠핑장,3978800275,2022,0,0.1038,1,0,FP
농업회사법인주식회사소풍캠핑장,3978800275,2023,0,0.3701,1,0,FP
농업회사법인주식회사소풍캠핑장,3978800275,2024,0,0.7681,1,0,FP
주식회사이더블유에스(EWS),3988801452,2022,0,0.0439,1,0,FP
주식회사이더블유에스(EWS),3988801452,2023,0,0.3612,1,0,FP
주식회사이더블유에스(EWS),3988801452,2024,1,0.2724,1,1,TP
투썸플레이스주식회사,4048601054,2021,0,0.0046,0,1,TN
투썸플레이스주식회사,4048601054,2022,0,0.0039,0,1,TN
투썸플레이스주식회사,4048601054,2023,0,0.0022,0,1,TN
투썸플레이스주식회사,4048601054,2024,0,0.0134,0,1,TN
한국예술종합학교교육원주식회사,4088170126,2021,0,0.0105,0,1,TN
한국예술종합학교교육원주식회사,4088170126,2022,0,0.2213,1,0,FP
한국예술종합학교교육원주식회사,4088170126,2023,1,0.7115,1,1,TP
주식회사에스알호텔,4098801164,2021,1,0.7976,1,1,TP
주식회사국제스테이,4108105424,2022,0,0.0079,0,1,TN
주식회사국제스테이,4108105424,2023,0,0.0518,1,0,FP
주식회사국제스테이,4108105424,2024,0,0.1275,1,0,FP
시카프관광개발주식회사,4108170250,2021,0,0.104,1,0,FP
시카프관광개발주식회사,4108170250,2022,0,0.1241,1,0,FP
시카프관광개발주식회사,4108170250,2023,0,0.0691,1,0,FP
시카프관광개발주식회사,4108170250,2024,0,0.0587,1,0,FP
(주)더블류에이치,4108606850,2021,0,0.8769,1,0,FP
(주)더블류에이치,4108606850,2022,1,0.4661,1,1,TP
(주)인디브리움,4108707384,2021,0,0.0595,1,0,FP
(주)인디브리움,4108707384,2022,0,0.0968,1,0,FP
(주)인디브리움,4108707384,2023,0,0.0931,1,0,FP
(주)인디브리움,4108707384,2024,0,0.0759,1,0,FP
(주)사천온천랜드앤관광호텔,4138800072,2021,1,0.7592,1,1,TP
주식회사명동교자,4158158192,2021,0,0.0424,1,0,FP
주식회사명동교자,4158158192,2022,0,0.0132,0,1,TN
주식회사명동교자,4158158192,2023,0,0.0959,1,0,FP
주식회사명동교자,4158158192,2024,0,0.0365,0,1,TN
주식회사정진홈푸드,4168155413,2022,0,0.0173,0,1,TN
주식회사정진홈푸드,4168155413,2023,0,0.232,1,0,FP
주식회사정진홈푸드,4168155413,2024,1,0.4709,1,1,TP
주식회사여수예술랜드,4178146372,2021,0,0.0281,0,1,TN
주식회사여수예술랜드,4178146372,2022,0,0.0242,0,1,TN
주식회사여수예술랜드,4178146372,2023,0,0.035,0,1,TN
주식회사여수예술랜드,4178146372,2024,0,0.2168,1,0,FP
리버유성호텔,4198801443,2021,0,0.5858,1,0,FP
리버유성호텔,4198801443,2022,1,0.2513,1,1,TP
드로잉컴퍼니(주),4248600952,2021,0,0.1125,1,0,FP
드로잉컴퍼니(주),4248600952,2022,0,0.0643,1,0,FP
드로잉컴퍼니(주),4248600952,2023,0,0.4453,1,0,FP
드로잉컴퍼니(주),4248600952,2024,0,0.4895,1,0,FP
(주)카페꼼마,4258601672,2021,0,0.0264,0,1,TN
(주)카페꼼마,4258601672,2022,0,0.0258,0,1,TN
(주)카페꼼마,4258601672,2023,1,0.6447,1,1,TP
경성호텔(주),4288702420,2022,0,0.006,0,1,TN
경성호텔(주),4288702420,2023,0,0.1446,1,0,FP
경성호텔(주),4288702420,2024,0,0.3136,1,0,FP
(주)오에이치,4368701723,2022,0,0.0338,0,1,TN
(주)오에이치,4368701723,2023,0,0.3663,1,0,FP
(주)오에이치,4368701723,2024,0,0.3144,1,0,FP
주식회사에이서비스코리아,4558101213,2021,0,0.4672,1,0,FP
주식회사에이서비스코리아,4558101213,2022,1,0.5652,1,1,TP
(주)해운대암소갈비집,4558700614,2022,0,0.0015,0,1,TN
(주)해운대암소갈비집,4558700614,2023,0,0.0036,0,1,TN
(주)해운대암소갈비집,4558700614,2024,0,0.0051,0,1,TN
주식회사고기한마당,4568100240,2021,0,0.0368,0,1,TN
주식회사고기한마당,4568100240,2022,0,0.0511,1,0,FP
주식회사고기한마당,4568100240,2023,1,0.6612,1,1,TP
주식회사블루망고블랙,4628602613,2022,0,0.0274,0,1,TN
주식회사블루망고블랙,4628602613,2023,0,0.5271,1,0,FP
주식회사블루망고블랙,4628602613,2024,0,0.7482,1,0,FP
주식회사미래엠,4678700728,2023,0,0.0077,0,1,TN
주식회사미래엠,4678700728,2024,0,0.0501,1,0,FP
주식회사굿모닝뷰,4828800592,2021,0,0.7413,1,0,FP
주식회사굿모닝뷰,4828800592,2022,0,0.1389,1,0,FP
케이에이치강원개발주식회사,4858102533,2022,0,0.0538,1,0,FP
케이에이치강원개발주식회사,4858102533,2023,0,0.6496,1,0,FP
케이에이치강원개발주식회사,4858102533,2024,1,0.7971,1,1,TP
(주)케이에이치엠아이,4858702253,2021,0,0.0341,0,1,TN
(주)케이에이치엠아이,4858702253,2022,0,0.0179,0,1,TN
(주)케이에이치엠아이,4858702253,2023,0,0.2259,1,0,FP
(주)케이에이치엠아이,4858702253,2024,0,0.2956,1,0,FP
주식회사에이치앤포세카,4868800459,2021,0,0.3396,1,0,FP
주식회사에이치앤포세카,4868800459,2022,0,0.0036,0,1,TN
주식회사에이치앤포세카,4868800459,2023,0,0.0126,0,1,TN
주식회사에이치앤포세카,4868800459,2024,0,0.2463,1,0,FP
주식회사피오르,4948700429,2021,0,0.1023,1,0,FP
주식회사피오르,4948700429,2022,0,0.7356,1,0,FP
주식회사피오르,4948700429,2023,1,0.8214,1,1,TP
(주)더노블쉽,4968801815,2021,0,0.5413,1,0,FP
(주)더노블쉽,4968801815,2022,1,0.1314,1,1,TP
주식회사범섬리조트,4998100058,2021,0,0.3436,1,0,FP
주식회사범섬리조트,4998100058,2022,0,0.2442,1,0,FP
주식회사범섬리조트,4998100058,2023,0,0.3514,1,0,FP
주식회사범섬리조트,4998100058,2024,0,0.669,1,0,FP
주식회사즐거운세상,5028168897,2021,0,0.3063,1,0,FP
주식회사즐거운세상,5028168897,2022,0,0.0583,1,0,FP
주식회사즐거운세상,5028168897,2023,0,0.0566,1,0,FP
주식회사즐거운세상,5028168897,2024,0,0.092,1,0,FP
(주)쓰리에프글로벌,5028192325,2021,0,0.2866,1,0,FP
(주)쓰리에프글로벌,5028192325,2022,0,0.0243,0,1,TN
(주)쓰리에프글로벌,5028192325,2023,0,0.0105,0,1,TN
(주)쓰리에프글로벌,5028192325,2024,0,0.0225,0,1,TN
(주)연정개발,5028613835,2022,0,0.0117,0,1,TN
(주)연정개발,5028613835,2023,0,0.5865,1,0,FP
(주)연정개발,5028613835,2024,1,0.7761,1,1,TP
(주)아이비푸드,5048166783,2021,0,0.0163,0,1,TN
(주)아이비푸드,5048166783,2022,0,0.0013,0,1,TN
(주)아이비푸드,5048166783,2023,0,0.004,0,1,TN
(주)아이비푸드,5048166783,2024,0,0.0026,0,1,TN
주식회사생활속행복,5048184006,2021,0,0.7265,1,0,FP
주식회사생활속행복,5048184006,2022,1,0.031,0,0,FN
(주)신화케이푸드,5078801487,2021,0,0.8682,1,0,FP
(주)신화케이푸드,5078801487,2022,0,0.3307,1,0,FP
(주)신화케이푸드,5078801487,2023,0,0.1796,1,0,FP
(주)신화케이푸드,5078801487,2024,0,0.7632,1,0,FP
주식회사광동유통,5088108131,2021,0,0.0039,0,1,TN
주식회사광동유통,5088108131,2022,0,0.0027,0,1,TN
주식회사광동유통,5088108131,2023,0,0.0084,0,1,TN
주식회사광동유통,5088108131,2024,0,0.0046,0,1,TN
주식회사아르피나,5088128345,2024,0,0.8632,1,0,FP
주식회사다옴,5088136694,2021,0,0.5752,1,0,FP
주식회사다옴,5088136694,2022,0,0.0347,0,1,TN
주식회사다옴,5088136694,2023,0,0.0848,1,0,FP
주식회사다옴,5088136694,2024,0,0.4422,1,0,FP
(주)씨엠케이푸드,5088700510,2022,0,0.0089,0,1,TN
(주)씨엠케이푸드,5088700510,2023,0,0.0354,0,1,TN
(주)씨엠케이푸드,5088700510,2024,0,0.5498,1,0,FP
주식회사파라다이스웨딩,5148190811,2021,0,0.7792,1,0,FP
주식회사파라다이스웨딩,5148190811,2022,1,0.3702,1,1,TP
주식회사머드린,5148199938,2021,1,0.8042,1,1,TP
(주)이랜드이츠,5148601083,2021,0,0.2311,1,0,FP
(주)이랜드이츠,5148601083,2022,0,0.0161,0,1,TN
(주)이랜드이츠,5148601083,2023,0,0.0126,0,1,TN
(주)이랜드이츠,5148601083,2024,0,0.0112,0,1,TN
주식회사시티호텔,5148801433,2021,0,0.0368,0,1,TN
주식회사시티호텔,5148801433,2022,0,0.2951,1,0,FP
주식회사시티호텔,5148801433,2023,1,0.1335,1,1,TP
주식회사공간7,5208800220,2021,0,0.2309,1,0,FP
주식회사공간7,5208800220,2022,0,0.5461,1,0,FP
주식회사공간7,5208800220,2023,0,0.8305,1,0,FP
주식회사공간7,5208800220,2024,0,0.9594,1,0,FP
네스트주식회사,5358601931,2021,0,0.0347,0,1,TN
네스트주식회사,5358601931,2022,0,0.0703,1,0,FP
네스트주식회사,5358601931,2023,0,0.0291,0,1,TN
네스트주식회사,5358601931,2024,0,0.0849,1,0,FP
기흥아이씨티스퀘어,5458701691,2021,0,0.0424,1,0,FP
기흥아이씨티스퀘어,5458701691,2022,0,0.7838,1,0,FP
기흥아이씨티스퀘어,5458701691,2023,0,0.4821,1,0,FP
기흥아이씨티스퀘어,5458701691,2024,0,0.3177,1,0,FP
(주)케이알에스,5628100619,2021,1,0.8333,1,1,TP
디디에스코리아주식회사,5628800447,2021,0,0.0123,0,1,TN
디디에스코리아주식회사,5628800447,2022,0,0.0425,1,0,FP
디디에스코리아주식회사,5628800447,2023,0,0.0433,1,0,FP
디디에스코리아주식회사,5628800447,2024,0,0.0454,1,0,FP
주식회사엘케이매니지먼트,5668100381,2021,0,0.0092,0,1,TN
주식회사엘케이매니지먼트,5668100381,2022,0,0.0015,0,1,TN
주식회사엘케이매니지먼트,5668100381,2023,0,0.0055,0,1,TN
주식회사엘케이매니지먼트,5668100381,2024,0,0.1137,1,0,FP
주식회사시에나삼척,5678102418,2022,0,0.01,0,1,TN
주식회사시에나삼척,5678102418,2023,0,0.9232,1,0,FP
주식회사시에나삼척,5678102418,2024,1,0.8484,1,1,TP
주식회사바로테이스티,5738100638,2021,0,0.024,0,1,TN
주식회사바로테이스티,5738100638,2022,0,0.032,0,1,TN
주식회사바로테이스티,5738100638,2023,0,0.5218,1,0,FP
주식회사바로테이스티,5738100638,2024,0,0.1251,1,0,FP
주식회사바른파트너즈,5768100879,2021,0,0.0147,0,1,TN
주식회사바른파트너즈,5768100879,2022,0,0.0591,1,0,FP
주식회사바른파트너즈,5768100879,2023,0,0.0358,0,1,TN
주식회사바른파트너즈,5768100879,2024,0,0.0276,0,1,TN
주식회사조이마당,5818101375,2021,0,0.0566,1,0,FP
주식회사조이마당,5818101375,2022,0,0.0173,0,1,TN
주식회사조이마당,5818101375,2023,0,0.1433,1,0,FP
스탠포드호텔안동(주),5818600522,2021,0,0.5684,1,0,FP
스탠포드호텔안동(주),5818600522,2022,1,0.0192,0,0,FN
주식회사보리에,6038167963,2021,0,0.5978,1,0,FP
주식회사보리에,6038167963,2022,0,0.0533,1,0,FP
주식회사보리에,6038167963,2023,0,0.8736,1,0,FP
주식회사보리에,6038167963,2024,0,0.7884,1,0,FP
(주)빌더스개발에이엠씨,6048800718,2021,0,0.0724,1,0,FP
(주)빌더스개발에이엠씨,6048800718,2022,0,0.1049,1,0,FP
(주)빌더스개발에이엠씨,6048800718,2023,0,0.0159,0,1,TN
(주)빌더스개발에이엠씨,6048800718,2024,0,0.0241,0,1,TN
(주)썬엘,6058132382,2021,0,0.0133,0,1,TN
(주)썬엘,6058132382,2022,0,0.0027,0,1,TN
(주)썬엘,6058132382,2023,0,0.0342,0,1,TN
(주)썬엘,6058132382,2024,0,0.0091,0,1,TN
(주)사미헌,6058197497,2022,0,0.0132,0,1,TN
(주)사미헌,6058197497,2023,0,0.0479,1,0,FP
(주)사미헌,6058197497,2024,0,0.0238,0,1,TN
(주)부산비즈니스호텔,6058623947,2021,0,0.6889,1,0,FP
(주)부산비즈니스호텔,6058623947,2022,0,0.0505,1,0,FP
(주)부산비즈니스호텔,6058623947,2023,0,0.0895,1,0,FP
(주)부산비즈니스호텔,6058623947,2024,0,0.3169,1,0,FP
(주)호텔아리나,6068113355,2021,0,0.7291,1,0,FP
(주)호텔아리나,6068113355,2022,1,0.6496,1,1,TP
진산호텔앤리조트(주),6068122489,2023,0,0.154,1,0,FP
진산호텔앤리조트(주),6068122489,2024,0,0.3916,1,0,FP
(주)그랜드모먼트유스호스텔,6068155020,2021,0,0.3552,1,0,FP
(주)그랜드모먼트유스호스텔,6068155020,2022,0,0.2713,1,0,FP
(주)그랜드모먼트유스호스텔,6068155020,2023,0,0.1101,1,0,FP
(주)그랜드모먼트유스호스텔,6068155020,2024,0,0.1553,1,0,FP
주식회사케이원관광개발,6068662754,2021,0,0.0837,1,0,FP
주식회사케이원관광개발,6068662754,2022,0,0.0799,1,0,FP
주식회사케이원관광개발,6068662754,2023,0,0.1418,1,0,FP
주식회사케이원관광개발,6068662754,2024,0,0.1316,1,0,FP
(주)화송,6078139324,2021,0,0.6987,1,0,FP
(주)화송,6078139324,2022,0,0.1245,1,0,FP
(주)화송,6078139324,2023,0,0.7646,1,0,FP
(주)화송,6078139324,2024,0,0.7381,1,0,FP
주식회사호텔농심,6078145864,2021,0,0.1616,1,0,FP
주식회사호텔농심,6078145864,2022,0,0.1459,1,0,FP
베니키아해운대호텔마리안느(주),6078604984,2021,0,0.7463,1,0,FP
베니키아해운대호텔마리안느(주),6078604984,2022,0,0.041,1,0,FP
베니키아해운대호텔마리안느(주),6078604984,2023,0,0.0958,1,0,FP
베니키아해운대호텔마리안느(주),6078604984,2024,0,0.051,1,0,FP
(주)새벽집,6088146492,2021,0,0.6394,1,0,FP
(주)새벽집,6088146492,2022,0,0.0546,1,0,FP
(주)새벽집,6088146492,2023,0,0.1089,1,0,FP
(주)새벽집,6088146492,2024,0,0.3166,1,0,FP
주식회사스카이뷰관광호텔,6088150453,2021,0,0.0525,1,0,FP
주식회사스카이뷰관광호텔,6088150453,2022,0,0.0356,0,1,TN
주식회사스카이뷰관광호텔,6088150453,2023,0,0.0539,1,0,FP
주식회사스카이뷰관광호텔,6088150453,2024,0,0.1605,1,0,FP
주식회사비에디션,6088702588,2022,0,0.0072,0,1,TN
주식회사비에디션,6088702588,2023,0,0.3418,1,0,FP
주식회사비에디션,6088702588,2024,0,0.1826,1,0,FP
(주)비앤에스푸드,6098183919,2022,0,0.0406,1,0,FP
(주)비앤에스푸드,6098183919,2023,0,0.0088,0,1,TN
(주)비앤에스푸드,6098183919,2024,0,0.0034,0,1,TN
주식회사가온에프앤에스,6108800237,2021,0,0.0173,0,1,TN
주식회사가온에프앤에스,6108800237,2022,0,0.0217,0,1,TN
주식회사가온에프앤에스,6108800237,2023,0,0.0192,0,1,TN
주식회사가온에프앤에스,6108800237,2024,0,0.393,1,0,FP
주식회사김덕규과자점,6118700266,2021,0,0.0779,1,0,FP
주식회사김덕규과자점,6118700266,2022,0,0.0316,0,1,TN
주식회사김덕규과자점,6118700266,2023,0,0.0603,1,0,FP
주식회사김덕규과자점,6118700266,2024,0,0.1983,1,0,FP
(주)웰리브,6128122539,2021,0,0.6123,1,0,FP
(주)웰리브,6128122539,2022,1,0.7097,1,1,TP
농업회사법인주식회사밀모,6158182031,2021,1,0.7898,1,1,TP
제이더블유웨딩컨벤션주식회사,6158195424,2021,0,0.3742,1,0,FP
제이더블유웨딩컨벤션주식회사,6158195424,2022,0,0.3124,1,0,FP
제이더블유웨딩컨벤션주식회사,6158195424,2023,0,0.3006,1,0,FP
제이더블유웨딩컨벤션주식회사,6158195424,2024,0,0.2109,1,0,FP
글래드호텔앤리조트(주),6168101370,2021,0,0.0325,0,1,TN
글래드호텔앤리조트(주),6168101370,2022,0,0.0122,0,1,TN
글래드호텔앤리조트(주),6168101370,2023,0,0.0125,0,1,TN
글래드호텔앤리조트(주),6168101370,2024,0,0.014,0,1,TN
동양개발(주),6168112595,2021,1,0.6207,1,1,TP
해비치호텔앤드리조트(주),6168127929,2021,0,0.2343,1,0,FP
해비치호텔앤드리조트(주),6168127929,2022,0,0.569,1,0,FP
해비치호텔앤드리조트(주),6168127929,2023,0,0.3461,1,0,FP
해비치호텔앤드리조트(주),6168127929,2024,1,0.2243,1,1,TP
더케이제주호텔(주),6168133907,2021,0,0.1581,1,0,FP
더케이제주호텔(주),6168133907,2022,0,0.0057,0,1,TN
더케이제주호텔(주),6168133907,2023,0,0.0276,0,1,TN
더케이제주호텔(주),6168133907,2024,0,0.0047,0,1,TN
(주)다인리조트,6168144608,2021,0,0.2231,1,0,FP
(주)다인리조트,6168144608,2022,0,0.0546,1,0,FP
(주)다인리조트,6168144608,2023,0,0.6907,1,0,FP
(주)다인리조트,6168144608,2024,0,0.4855,1,0,FP
(주)도림아스타,6168181582,2021,0,0.4966,1,0,FP
(주)도림아스타,6168181582,2022,0,0.1367,1,0,FP
(주)도림아스타,6168181582,2023,0,0.0651,1,0,FP
(주)도림아스타,6168181582,2024,0,0.1838,1,0,FP
(주)코델리아리조트,6168192828,2021,0,0.1461,1,0,FP
(주)코델리아리조트,6168192828,2022,0,0.1397,1,0,FP
(주)코델리아리조트,6168192828,2023,0,0.4563,1,0,FP
(주)코델리아리조트,6168192828,2024,0,0.769,1,0,FP
(주)섬오름,6168195882,2021,0,0.6264,1,0,FP
(주)섬오름,6168195882,2022,0,0.127,1,0,FP
(주)섬오름,6168195882,2023,0,0.4425,1,0,FP
(주)섬오름,6168195882,2024,0,0.3935,1,0,FP
주왕산업개발주식회사,6168198671,2021,0,0.4136,1,0,FP
주왕산업개발주식회사,6168198671,2022,1,0.181,1,1,TP
주식회사덕림제주샹그릴라호텔,6168199520,2021,0,0.7268,1,0,FP
주식회사덕림제주샹그릴라호텔,6168199520,2022,1,0.755,1,1,TP
한성개발(주),6168199670,2021,0,0.0562,1,0,FP
한성개발(주),6168199670,2022,0,0.0149,0,1,TN
한성개발(주),6168199670,2023,0,0.0315,0,1,TN
한성개발(주),6168199670,2024,0,0.2546,1,0,FP
(주)마레보,6168600037,2021,0,0.0727,1,0,FP
주식회사호텔레오,6168602393,2021,0,0.6864,1,0,FP
주식회사호텔레오,6168602393,2022,1,0.0438,1,1,TP
호텔더원,6168605143,2021,0,0.147,1,0,FP
호텔더원,6168605143,2022,0,0.0639,1,0,FP
호텔더원,6168605143,2023,0,0.2032,1,0,FP
호텔더원,6168605143,2024,0,0.3199,1,0,FP
주식회사갤러리,6168608077,2021,0,0.6652,1,0,FP
주식회사갤러리,6168608077,2022,1,0.0849,1,1,TP
(주)바이오시스,6178131635,2021,0,0.0052,0,1,TN
(주)바이오시스,6178131635,2022,0,0.0038,0,1,TN
(주)바이오시스,6178131635,2023,0,0.0368,0,1,TN
(주)바이오시스,6178131635,2024,0,0.0081,0,1,TN
호메르스호텔(주),6178168883,2021,0,0.4616,1,0,FP
호메르스호텔(주),6178168883,2022,0,0.0265,0,1,TN
호메르스호텔(주),6178168883,2023,0,0.0167,0,1,TN
(주)해운대관광호텔,6178602566,2021,0,0.0618,1,0,FP
(주)해운대관광호텔,6178602566,2022,0,0.0199,0,1,TN
(주)해운대관광호텔,6178602566,2023,0,0.0295,0,1,TN
(주)해운대관광호텔,6178602566,2024,0,0.1116,1,0,FP
주식회사이흥용과자점,6178618511,2021,0,0.0884,1,0,FP
주식회사이흥용과자점,6178618511,2022,0,0.0305,0,1,TN
주식회사이흥용과자점,6178618511,2023,0,0.0851,1,0,FP
주식회사이흥용과자점,6178618511,2024,0,0.1564,1,0,FP
주식회사센트럴베이,6178618525,2021,0,0.0566,1,0,FP
주식회사센트럴베이,6178618525,2022,0,0.0312,0,1,TN
주식회사센트럴베이,6178618525,2023,0,0.0653,1,0,FP
주식회사센트럴베이,6178618525,2024,0,0.2628,1,0,FP
주식회사더스토리컴퍼니,6178623799,2021,1,0.838,1,1,TP
(주)파라다이스호텔부산,6188100741,2021,0,0.016,0,1,TN
(주)파라다이스호텔부산,6188100741,2022,0,0.0023,0,1,TN
(주)파라다이스호텔부산,6188100741,2023,0,0.0035,0,1,TN
(주)파라다이스호텔부산,6188100741,2024,0,0.0059,0,1,TN
주식회사호텔일루아,6188107176,2021,0,0.5265,1,0,FP
주식회사호텔일루아,6188107176,2022,0,0.0427,1,0,FP
주식회사호텔일루아,6188107176,2023,0,0.7001,1,0,FP
주식회사호텔일루아,6188107176,2024,0,0.5687,1,0,FP
주식회사신세계개발,6218103481,2021,0,0.0539,1,0,FP
주식회사신세계개발,6218103481,2022,1,0.0422,1,1,TP
(주)동부산온천호텔,6218167127,2021,0,0.0521,1,0,FP
(주)동부산온천호텔,6218167127,2022,0,0.0595,1,0,FP
(주)동부산온천호텔,6218167127,2023,0,0.1207,1,0,FP
(주)동부산온천호텔,6218167127,2024,0,0.2701,1,0,FP
주식회사올킹,6318101253,2021,0,0.2045,1,0,FP
주식회사올킹,6318101253,2022,0,0.087,1,0,FP
주식회사올킹,6318101253,2023,0,0.0449,1,0,FP
주식회사올킹,6318101253,2024,0,0.6477,1,0,FP
주식회사더앤리조트,6318101476,2021,1,0.7582,1,1,TP
주식회사유니리조트개발,6358802059,2021,0,0.0308,0,1,TN
주식회사유니리조트개발,6358802059,2022,0,0.0753,1,0,FP
주식회사유니리조트개발,6358802059,2023,0,0.6745,1,0,FP
주식회사유니리조트개발,6358802059,2024,0,0.3331,1,0,FP
마키노차야,6368102072,2022,0,0.0099,0,1,TN
마키노차야,6368102072,2023,0,0.0064,0,1,TN
마키노차야,6368102072,2024,0,0.0026,0,1,TN
주식회사대전용전개발,6388101685,2021,0,0.5425,1,0,FP
주식회사대전용전개발,6388101685,2022,0,0.3068,1,0,FP
주식회사대전용전개발,6388101685,2023,0,0.7978,1,0,FP
주식회사대전용전개발,6388101685,2024,0,0.8461,1,0,FP
주식회사엘티알,6628600893,2022,0,0.1642,1,0,FP
주식회사엘티알,6628600893,2023,0,0.2095,1,0,FP
주식회사엘티알,6628600893,2024,0,0.4025,1,0,FP
주식회사와이피하우스앤비치클럽,6638102400,2022,0,0.0098,0,1,TN
주식회사와이피하우스앤비치클럽,6638102400,2023,0,0.0313,0,1,TN
주식회사와이피하우스앤비치클럽,6638102400,2024,0,0.6144,1,0,FP
파크원호텔매니지먼트주식회사,6638600955,2021,0,0.0181,0,1,TN
파크원호텔매니지먼트주식회사,6638600955,2022,0,0.0271,0,1,TN
파크원호텔매니지먼트주식회사,6638600955,2023,0,0.0277,0,1,TN
파크원호텔매니지먼트주식회사,6638600955,2024,0,0.072,1,0,FP
휴랜드(주),6718801508,2021,0,0.7582,1,0,FP
휴랜드(주),6718801508,2022,0,0.0627,1,0,FP
휴랜드(주),6718801508,2023,0,0.3327,1,0,FP
휴랜드(주),6718801508,2024,0,0.8063,1,0,FP
(주)리치팜,6738100938,2021,0,0.0775,1,0,FP
(주)리치팜,6738100938,2022,0,0.023,0,1,TN
(주)리치팜,6738100938,2023,0,0.6312,1,0,FP
(주)리치팜,6738100938,2024,0,0.3877,1,0,FP
주식회사에이치원호텔,6848801713,2021,0,0.023,0,1,TN
주식회사에이치원호텔,6848801713,2022,0,0.0394,0,1,TN
주식회사에이치원호텔,6848801713,2023,0,0.1298,1,0,FP
주식회사에이치원호텔,6848801713,2024,0,0.4099,1,0,FP
주식회사플랜허브플러스,6858700248,2022,0,0.0264,0,1,TN
주식회사플랜허브플러스,6858700248,2023,0,0.8575,1,0,FP
주식회사플랜허브플러스,6858700248,2024,0,0.9117,1,0,FP
다옴레져개발,6948102200,2021,0,0.0708,1,0,FP
다옴레져개발,6948102200,2022,0,0.8925,1,0,FP
다옴레져개발,6948102200,2023,0,0.8509,1,0,FP
다옴레져개발,6948102200,2024,0,0.9739,1,0,FP
씨에스호텔,6988700564,2021,0,0.2153,1,0,FP
씨에스호텔,6988700564,2022,0,0.0283,0,1,TN
씨에스호텔,6988700564,2023,0,0.1336,1,0,FP
씨에스호텔,6988700564,2024,0,0.5273,1,0,FP
(주)캘리포니아베이커리카페,7098100746,2022,0,0.0077,0,1,TN
(주)캘리포니아베이커리카페,7098100746,2023,0,0.4861,1,0,FP
(주)캘리포니아베이커리카페,7098100746,2024,1,0.4391,1,1,TP
(주)시그너스골프클럽,7098101158,2021,0,0.0157,0,1,TN
(주)시그너스골프클럽,7098101158,2022,0,0.0046,0,1,TN
(주)시그너스골프클럽,7098101158,2023,0,0.006,0,1,TN
(주)시그너스골프클럽,7098101158,2024,0,0.0065,0,1,TN
주식회사더반,7118101490,2021,0,0.0065,0,1,TN
주식회사더반,7118101490,2022,0,0.7198,1,0,FP
주식회사더반,7118101490,2023,1,0.7794,1,1,TP
푸디스트주식회사,7118101637,2021,0,0.1488,1,0,FP
푸디스트주식회사,7118101637,2022,1,0.0058,0,0,FN
다인인베스트먼트주식회사,7128100077,2021,0,0.288,1,0,FP
다인인베스트먼트주식회사,7128100077,2022,0,0.1255,1,0,FP
다인인베스트먼트주식회사,7128100077,2023,0,0.1848,1,0,FP
다인인베스트먼트주식회사,7128100077,2024,0,0.1361,1,0,FP
주식회사플로렌스,7218601003,2022,0,0.0223,0,1,TN
주식회사플로렌스,7218601003,2023,0,0.0037,0,1,TN
주식회사플로렌스,7218601003,2024,0,0.004,0,1,TN
주식회사목은,7228601379,2022,1,0.5167,1,1,TP
주식회사베리,7288700088,2021,0,0.5954,1,0,FP
주식회사베리,7288700088,2022,0,0.0716,1,0,FP
주식회사베리,7288700088,2023,0,0.043,1,0,FP
주식회사베리,7288700088,2024,0,0.184,1,0,FP
주식회사골든,7298701794,2021,0,0.0041,0,1,TN
주식회사골든,7298701794,2022,0,0.7161,1,0,FP
주식회사골든,7298701794,2023,0,0.0665,1,0,FP
주식회사골든,7298701794,2024,0,0.4688,1,0,FP
더센트럴홀딩스주식회사,7388702351,2022,0,0.0033,0,1,TN
더센트럴홀딩스주식회사,7388702351,2023,0,0.6137,1,0,FP
더센트럴홀딩스주식회사,7388702351,2024,1,0.7581,1,1,TP
주식회사레저가온,7488700103,2021,1,0.826,1,1,TP
주식회사큐스키친,7588100108,2022,0,0.0026,0,1,TN
주식회사큐스키친,7588100108,2023,0,0.2095,1,0,FP
주식회사큐스키친,7588100108,2024,0,0.1243,1,0,FP
주식회사본태인터네셔널,7698800261,2022,0,0.0987,1,0,FP
주식회사본태인터네셔널,7698800261,2023,0,0.0671,1,0,FP
주식회사본태인터네셔널,7698800261,2024,0,0.7652,1,0,FP
주식회사제이스퀘어호텔,7718100265,2021,0,0.1547,1,0,FP
주식회사제이스퀘어호텔,7718100265,2022,0,0.0372,0,1,TN
주식회사제이스퀘어호텔,7718100265,2023,0,0.1172,1,0,FP
주식회사제이스퀘어호텔,7718100265,2024,0,0.101,1,0,FP
주식회사휴먼푸드서비스,7748701135,2022,0,0.0158,0,1,TN
주식회사휴먼푸드서비스,7748701135,2023,0,0.0172,0,1,TN
주식회사휴먼푸드서비스,7748701135,2024,0,0.0178,0,1,TN
주식회사아리아나,7768100348,2021,0,0.2341,1,0,FP
주식회사아리아나,7768100348,2022,0,0.0563,1,0,FP
주식회사아리아나,7768100348,2023,0,0.0547,1,0,FP
주식회사아리아나,7768100348,2024,0,0.2326,1,0,FP
주식회사대통상사,7808801966,2022,0,0.0628,1,0,FP
주식회사대통상사,7808801966,2023,0,0.6967,1,0,FP
주식회사대통상사,7808801966,2024,0,0.9465,1,0,FP
주식회사칼리오페,7858101394,2022,0,0.0127,0,1,TN
주식회사칼리오페,7858101394,2023,0,0.1998,1,0,FP
주식회사칼리오페,7858101394,2024,0,0.1918,1,0,FP
주식회사케이앤에스,7908100887,2021,0,0.5987,1,0,FP
주식회사케이앤에스,7908100887,2022,1,0.1082,1,1,TP
(주)플로팅,7938600197,2022,0,0.0143,0,1,TN
(주)플로팅,7938600197,2023,0,0.6895,1,0,FP
(주)플로팅,7938600197,2024,0,0.5408,1,0,FP
주식회사에이치케이하이웨이,7948600619,2021,0,0.727,1,0,FP
주식회사에이치케이하이웨이,7948600619,2022,1,0.2992,1,1,TP
선산산업주식회사,8028700687,2021,0,0.0225,0,1,TN
선산산업주식회사,8028700687,2022,0,0.0222,0,1,TN
선산산업주식회사,8028700687,2023,0,0.0812,1,0,FP
선산산업주식회사,8028700687,2024,0,0.5664,1,0,FP
(주)엔에스케이,8088601367,2022,0,0.013,0,1,TN
(주)엔에스케이,8088601367,2023,0,0.2197,1,0,FP
(주)엔에스케이,8088601367,2024,0,0.6556,1,0,FP
주식회사케이알코스모랜드,8118800387,2021,0,0.5113,1,0,FP
주식회사케이알코스모랜드,8118800387,2022,0,0.0664,1,0,FP
주식회사케이알코스모랜드,8118800387,2023,0,0.2848,1,0,FP
주식회사케이알코스모랜드,8118800387,2024,0,0.4501,1,0,FP
호텔라온주식회사,8218100478,2021,0,0.1041,1,0,FP
호텔라온주식회사,8218100478,2022,0,0.1746,1,0,FP
호텔라온주식회사,8218100478,2023,0,0.1109,1,0,FP
호텔라온주식회사,8218100478,2024,0,0.4247,1,0,FP
(주)삼원가든,8278701161,2021,0,0.2334,1,0,FP
(주)삼원가든,8278701161,2022,1,0.2456,1,1,TP
케이비스소르젠떼주식회사,8328701329,2022,0,0.0107,0,1,TN
케이비스소르젠떼주식회사,8328701329,2023,0,0.6887,1,0,FP
케이비스소르젠떼주식회사,8328701329,2024,1,0.5459,1,1,TP
주식회사에이엠씨글로벌,8438800083,2021,1,0.8877,1,1,TP
주식회사삼우진,8468701406,2021,0,0.1481,1,0,FP
주식회사삼우진,8468701406,2022,0,0.4431,1,0,FP
주식회사삼우진,8468701406,2023,0,0.3224,1,0,FP
주식회사삼우진,8468701406,2024,0,0.2127,1,0,FP
주식회사케이엠이엔씨,8528100093,2022,0,0.0091,0,1,TN
주식회사케이엠이엔씨,8528100093,2023,0,0.4657,1,0,FP
주식회사케이엠이엔씨,8528100093,2024,0,0.02,0,1,TN
주식회사삼원개발,8638802329,2022,0,0.0043,0,1,TN
주식회사삼원개발,8638802329,2023,0,0.6806,1,0,FP
주식회사삼원개발,8638802329,2024,0,0.669,1,0,FP
동궁이유엠주식회사,8648100984,2023,1,0.8194,1,1,TP
티티호텔이호주식회사,8668101408,2021,0,0.0241,0,1,TN
티티호텔이호주식회사,8668101408,2022,0,0.3865,1,0,FP
티티호텔이호주식회사,8668101408,2023,0,0.3936,1,0,FP
티티호텔이호주식회사,8668101408,2024,1,0.4,1,1,TP
주식회사알파개발,8688700732,2021,0,0.0313,0,1,TN
주식회사알파개발,8688700732,2022,0,0.1296,1,0,FP
주식회사알파개발,8688700732,2023,0,0.1749,1,0,FP
주식회사알파개발,8688700732,2024,0,0.6816,1,0,FP
일진리조트주식회사,8888101596,2021,0,0.0034,0,1,TN
일진리조트주식회사,8888101596,2022,0,0.123,1,0,FP
일진리조트주식회사,8888101596,2023,1,0.3668,1,1,TP
