부실확률_w,Porter5F_w,생애주기점수_w,산업충격민감도_w,기업충격민감도_w,부실확률변화_w,가중치합,spearman_rho,p_value
0.5,0.05,0.05,0.3,0.05,0.05,1.0,-0.065389,0.245699338
0.5,0.05,0.05,0.2,0.15,0.05,1.0,-0.059064,0.294470139
0.5,0.1,0.2,0.05,0.1,0.05,1.0,0.057977,0.303458444
0.5,0.05,0.05,0.25,0.1,0.05,1.0,-0.057172,0.31023371
0.65,0.05,0.1,0.05,0.1,0.05,1.0,0.056214,0.318429432
0.5,0.1,0.15,0.05,0.15,0.05,1.0,0.056155,0.318937946
0.65,0.05,0.15,0.05,0.05,0.05,1.0,0.056097,0.31943264
0.6,0.05,0.15,0.05,0.1,0.05,1.0,0.055889,0.321233342
0.6,0.05,0.1,0.05,0.15,0.05,1.0,0.054763,0.331096843
0.55,0.1,0.15,0.05,0.1,0.05,1.0,0.054615,0.332404267
0.55,0.05,0.15,0.05,0.15,0.05,1.0,0.054405,0.33427581
0.5,0.1,0.15,0.05,0.1,0.1,1.0,0.054258,0.335582702
0.5,0.05,0.05,0.25,0.05,0.1,1.0,-0.054231,0.335828001
0.55,0.1,0.2,0.05,0.05,0.05,1.0,0.05382,0.339505486
0.5,0.15,0.2,0.05,0.05,0.05,1.0,0.05366,0.340939965
0.55,0.05,0.05,0.25,0.05,0.05,1.0,-0.053572,0.341741628
0.6,0.05,0.2,0.05,0.05,0.05,1.0,0.052959,0.347301494
0.7,0.05,0.1,0.05,0.05,0.05,1.0,0.052869,0.348119689
0.55,0.1,0.15,0.05,0.05,0.1,1.0,0.052795,0.348791624
0.5,0.1,0.25,0.05,0.05,0.05,1.0,0.052475,0.351725114
0.6,0.1,0.15,0.05,0.05,0.05,1.0,0.051785,0.358107174
0.5,0.2,0.15,0.05,0.05,0.05,1.0,0.051525,0.360529292
0.5,0.1,0.15,0.05,0.05,0.15,1.0,0.051334,0.36230862
0.55,0.05,0.2,0.05,0.1,0.05,1.0,0.051215,0.363430177
0.5,0.1,0.2,0.05,0.05,0.1,1.0,0.05091,0.366294079
0.5,0.05,0.05,0.2,0.1,0.1,1.0,-0.049542,0.379336536
0.55,0.05,0.15,0.05,0.1,0.1,1.0,0.049512,0.379621752
0.5,0.05,0.05,0.15,0.15,0.1,1.0,-0.049018,0.384405415
0.5,0.05,0.05,0.2,0.05,0.15,1.0,-0.048947,0.385090971
0.5,0.05,0.05,0.15,0.1,0.15,1.0,-0.048893,0.385616381
0.55,0.05,0.05,0.2,0.1,0.05,1.0,-0.047536,0.398957759
0.5,0.05,0.2,0.05,0.15,0.05,1.0,0.047404,0.400272695
0.6,0.05,0.1,0.05,0.1,0.1,1.0,0.047254,0.40175875
0.55,0.05,0.05,0.2,0.05,0.1,1.0,-0.047053,0.403773164
0.55,0.05,0.1,0.05,0.2,0.05,1.0,0.047045,0.403848257
0.55,0.05,0.25,0.05,0.05,0.05,1.0,0.046988,0.404417752
0.55,0.05,0.2,0.05,0.05,0.1,1.0,0.046837,0.405934268
0.55,0.05,0.05,0.15,0.15,0.05,1.0,-0.04649,0.409422598
0.65,0.05,0.1,0.05,0.05,0.1,1.0,0.04637,0.410639307
0.6,0.05,0.15,0.05,0.05,0.1,1.0,0.046342,0.410923094
0.5,0.05,0.15,0.05,0.15,0.1,1.0,0.045985,0.414540057
0.5,0.1,0.1,0.05,0.2,0.05,1.0,0.045711,0.417326023
0.55,0.05,0.1,0.05,0.15,0.1,1.0,0.045402,0.420482363
0.5,0.05,0.05,0.15,0.2,0.05,1.0,-0.045399,0.420519788
0.5,0.05,0.05,0.15,0.05,0.2,1.0,-0.045397,0.420538501
0.5,0.05,0.15,0.05,0.2,0.05,1.0,0.045192,0.422642346
0.55,0.1,0.1,0.05,0.15,0.05,1.0,0.045172,0.422847879
0.55,0.05,0.05,0.15,0.1,0.1,1.0,-0.045018,0.424427539
0.6,0.1,0.1,0.05,0.05,0.1,1.0,0.044948,0.425153772
0.5,0.1,0.05,0.25,0.05,0.05,1.0,-0.044889,0.425757706
0.55,0.1,0.1,0.05,0.05,0.15,1.0,0.044874,0.425914461
0.5,0.15,0.1,0.05,0.15,0.05,1.0,0.044869,0.425968
0.55,0.05,0.05,0.15,0.05,0.15,1.0,-0.044277,0.43209988
0.5,0.15,0.15,0.05,0.1,0.05,1.0,0.044214,0.432755653
0.6,0.05,0.05,0.2,0.05,0.05,1.0,-0.044191,0.432996032
0.5,0.1,0.05,0.2,0.1,0.05,1.0,-0.044038,0.434588474
0.5,0.05,0.1,0.25,0.05,0.05,1.0,-0.044004,0.434950996
0.55,0.2,0.1,0.05,0.05,0.05,1.0,0.0439,0.436038339
0.55,0.15,0.15,0.05,0.05,0.05,1.0,0.043757,0.437532379
0.7,0.05,0.05,0.05,0.1,0.05,1.0,0.043424,0.44103525
0.5,0.2,0.1,0.05,0.1,0.05,1.0,0.043396,0.441325937
0.5,0.15,0.15,0.05,0.05,0.1,1.0,0.043313,0.442203462
0.6,0.05,0.05,0.15,0.1,0.05,1.0,-0.043297,0.442365657
0.5,0.1,0.05,0.05,0.25,0.05,1.0,0.043229,0.443093146
0.5,0.1,0.05,0.15,0.1,0.1,1.0,-0.043167,0.443747108
0.6,0.05,0.05,0.15,0.05,0.1,1.0,-0.043069,0.44477587
0.5,0.1,0.1,0.05,0.15,0.1,1.0,0.042929,0.446260354
0.65,0.1,0.1,0.05,0.05,0.05,1.0,0.042866,0.446930267
0.5,0.15,0.1,0.05,0.1,0.1,1.0,0.042785,0.447786572
0.65,0.05,0.05,0.05,0.15,0.05,1.0,0.04222,0.453811468
0.5,0.1,0.1,0.2,0.05,0.05,1.0,-0.042118,0.45491201
0.5,0.05,0.2,0.05,0.1,0.1,1.0,0.042052,0.455612837
0.5,0.1,0.1,0.05,0.05,0.2,1.0,0.041936,0.456864607
0.6,0.1,0.1,0.05,0.1,0.05,1.0,0.041916,0.457075266
0.5,0.05,0.15,0.05,0.1,0.15,1.0,0.041696,0.459442192
0.55,0.1,0.05,0.15,0.1,0.05,1.0,-0.041537,0.461155387
0.65,0.05,0.05,0.15,0.05,0.05,1.0,-0.041262,0.46413392
0.6,0.05,0.1,0.05,0.05,0.15,1.0,0.041224,0.464543418
0.5,0.05,0.1,0.2,0.1,0.05,1.0,-0.040986,0.467128224
0.55,0.15,0.1,0.05,0.1,0.05,1.0,0.040916,0.467891816
0.5,0.05,0.25,0.05,0.1,0.05,1.0,0.04076,0.469590915
0.5,0.05,0.3,0.05,0.05,0.05,1.0,0.040588,0.471466738
0.5,0.15,0.05,0.2,0.05,0.05,1.0,-0.040528,0.472120675
0.5,0.15,0.05,0.05,0.2,0.05,1.0,0.0405,0.472427819
0.5,0.2,0.1,0.05,0.05,0.1,1.0,0.040428,0.473223579
0.55,0.1,0.1,0.05,0.1,0.1,1.0,0.040408,0.473438339
0.5,0.1,0.05,0.15,0.15,0.05,1.0,-0.040185,0.475881225
0.55,0.1,0.05,0.2,0.05,0.05,1.0,-0.04017,0.476049143
0.6,0.15,0.1,0.05,0.05,0.05,1.0,0.040125,0.476541632
0.5,0.1,0.1,0.05,0.1,0.15,1.0,0.039368,0.484907548
0.55,0.05,0.1,0.05,0.1,0.15,1.0,0.039356,0.485036591
0.55,0.05,0.1,0.2,0.05,0.05,1.0,-0.039294,0.485728336
0.5,0.1,0.05,0.2,0.05,0.1,1.0,-0.039043,0.488519368
0.55,0.1,0.05,0.05,0.2,0.05,1.0,0.038831,0.490888905
0.55,0.05,0.15,0.05,0.05,0.15,1.0,0.038807,0.491158671
0.5,0.25,0.1,0.05,0.05,0.05,1.0,0.038765,0.491625094
0.7,0.1,0.05,0.05,0.05,0.05,1.0,0.038737,0.491945493
0.5,0.05,0.2,0.05,0.05,0.15,1.0,0.038624,0.493201244
0.5,0.05,0.1,0.2,0.05,0.1,1.0,-0.038606,0.493411288
0.6,0.1,0.05,0.05,0.15,0.05,1.0,0.038217,0.497773866
0.5,0.05,0.25,0.05,0.05,0.1,1.0,0.038175,0.498248952
0.5,0.05,0.1,0.05,0.2,0.1,1.0,0.038083,0.499285626
0.5,0.05,0.1,0.05,0.25,0.05,1.0,0.037999,0.500226956
0.55,0.15,0.05,0.05,0.15,0.05,1.0,0.03759,0.504865411
0.55,0.15,0.1,0.05,0.05,0.1,1.0,0.036889,0.512841346
0.6,0.05,0.05,0.05,0.2,0.05,1.0,0.036844,0.513358086
0.5,0.1,0.05,0.15,0.05,0.15,1.0,-0.036749,0.51444746
0.5,0.05,0.1,0.05,0.15,0.15,1.0,0.036377,0.518712792
0.5,0.15,0.1,0.05,0.05,0.15,1.0,0.035754,0.525900509
0.5,0.1,0.2,0.1,0.05,0.05,1.0,0.035642,0.527202912
0.55,0.1,0.05,0.15,0.05,0.1,1.0,-0.035599,0.527701293
0.5,0.15,0.05,0.05,0.15,0.1,1.0,0.035592,0.527784911
0.65,0.1,0.05,0.05,0.05,0.1,1.0,0.035517,0.528650919
0.55,0.05,0.1,0.05,0.05,0.2,1.0,0.035328,0.530849154
0.5,0.2,0.05,0.05,0.15,0.05,1.0,0.034331,0.542522267
0.55,0.15,0.05,0.05,0.1,0.1,1.0,0.033959,0.546902248
0.5,0.15,0.15,0.1,0.05,0.05,1.0,0.033951,0.546998808
0.6,0.2,0.05,0.05,0.05,0.05,1.0,0.033848,0.548216839
0.5,0.3,0.05,0.05,0.05,0.05,1.0,0.033749,0.549389541
0.5,0.1,0.05,0.05,0.2,0.1,1.0,0.033702,0.549947281
0.6,0.15,0.05,0.05,0.1,0.05,1.0,0.033588,0.551290462
0.55,0.2,0.05,0.05,0.05,0.1,1.0,0.033505,0.55227472
0.5,0.05,0.15,0.05,0.05,0.2,1.0,0.033499,0.552353374
0.55,0.1,0.15,0.1,0.05,0.05,1.0,0.033334,0.554309702
0.65,0.1,0.05,0.05,0.1,0.05,1.0,0.033077,0.557366657
0.5,0.05,0.1,0.15,0.05,0.15,1.0,-0.032794,0.560750402
0.5,0.05,0.1,0.05,0.1,0.2,1.0,0.032537,0.563819763
0.5,0.1,0.15,0.1,0.1,0.05,1.0,0.03226,0.567149441
0.7,0.05,0.05,0.05,0.05,0.1,1.0,0.032096,0.569120262
0.6,0.1,0.05,0.15,0.05,0.05,1.0,-0.031952,0.570863867
0.55,0.1,0.05,0.05,0.15,0.1,1.0,0.031492,0.576423742
0.5,0.25,0.05,0.05,0.1,0.05,1.0,0.031412,0.577388407
0.5,0.2,0.05,0.05,0.1,0.1,1.0,0.031338,0.57828738
0.55,0.2,0.05,0.05,0.1,0.05,1.0,0.031283,0.578948847
0.5,0.2,0.05,0.05,0.05,0.15,1.0,0.031025,0.582093176
0.5,0.05,0.1,0.15,0.1,0.1,1.0,-0.031022,0.582128275
0.6,0.1,0.05,0.05,0.05,0.15,1.0,0.030689,0.586191071
0.5,0.1,0.1,0.15,0.1,0.05,1.0,-0.030645,0.586728794
0.65,0.05,0.05,0.05,0.1,0.1,1.0,0.03053,0.588132749
0.65,0.15,0.05,0.05,0.05,0.05,1.0,0.030445,0.589172413
0.55,0.05,0.1,0.15,0.05,0.1,1.0,-0.030355,0.590264517
0.5,0.15,0.05,0.05,0.1,0.15,1.0,0.030352,0.59031051
0.5,0.05,0.1,0.05,0.05,0.25,1.0,0.03029,0.591072527
0.5,0.2,0.1,0.1,0.05,0.05,1.0,0.029856,0.596399724
0.55,0.25,0.05,0.05,0.05,0.05,1.0,0.029428,0.601678288
0.5,0.15,0.05,0.15,0.05,0.1,1.0,-0.028775,0.609764971
0.5,0.05,0.1,0.15,0.15,0.05,1.0,-0.028596,0.611988016
0.5,0.25,0.05,0.05,0.05,0.1,1.0,0.028532,0.612794872
0.6,0.05,0.05,0.05,0.15,0.1,1.0,0.02825,0.616303044
0.55,0.05,0.1,0.15,0.1,0.05,1.0,-0.027951,0.620049735
0.5,0.1,0.1,0.15,0.05,0.1,1.0,-0.02786,0.621190063
0.5,0.1,0.05,0.05,0.15,0.15,1.0,0.027718,0.622971617
0.55,0.15,0.1,0.1,0.05,0.05,1.0,0.027715,0.622999259
0.6,0.1,0.05,0.05,0.1,0.1,1.0,0.027417,0.626752748
0.55,0.05,0.05,0.05,0.25,0.05,1.0,0.027158,0.630014003
0.5,0.1,0.15,0.1,0.05,0.1,1.0,0.027121,0.63048187
0.5,0.05,0.05,0.1,0.15,0.15,1.0,-0.026219,0.6418889
0.5,0.15,0.05,0.05,0.05,0.2,1.0,0.025808,0.647121734
0.6,0.15,0.05,0.05,0.05,0.1,1.0,0.025742,0.647963998
0.55,0.15,0.05,0.05,0.05,0.15,1.0,0.02572,0.648249697
0.5,0.05,0.05,0.1,0.1,0.2,1.0,-0.025398,0.652364673
0.55,0.1,0.1,0.15,0.05,0.05,1.0,-0.025191,0.655014019
0.5,0.05,0.05,0.1,0.05,0.25,1.0,-0.02514,0.655660891
0.5,0.15,0.1,0.1,0.1,0.05,1.0,0.025089,0.65631409
0.55,0.05,0.05,0.1,0.1,0.15,1.0,-0.025087,0.65634238
0.6,0.05,0.1,0.15,0.05,0.05,1.0,-0.025022,0.657172195
0.5,0.15,0.1,0.1,0.05,0.1,1.0,0.02434,0.66594888
0.55,0.05,0.05,0.05,0.2,0.1,1.0,0.024075,0.669367841
0.55,0.1,0.05,0.05,0.1,0.15,1.0,0.023992,0.670446508
0.55,0.05,0.05,0.1,0.05,0.2,1.0,-0.023231,0.680316631
0.55,0.05,0.05,0.1,0.15,0.1,1.0,-0.022774,0.686261633
0.5,0.05,0.05,0.1,0.2,0.1,1.0,-0.022556,0.689107043
0.65,0.05,0.05,0.05,0.05,0.15,1.0,0.02254,0.689320537
0.6,0.05,0.05,0.1,0.1,0.1,1.0,-0.022535,0.689379581
0.55,0.1,0.05,0.05,0.05,0.2,1.0,0.021831,0.698609614
0.5,0.05,0.05,0.05,0.3,0.05,1.0,0.021266,0.706048347
0.6,0.05,0.05,0.05,0.1,0.15,1.0,0.02105,0.708887776
0.5,0.05,0.15,0.2,0.05,0.05,1.0,-0.020882,0.711108681
0.5,0.1,0.05,0.05,0.1,0.2,1.0,0.020546,0.715555049
0.5,0.1,0.1,0.1,0.15,0.05,1.0,0.020468,0.716594391
0.6,0.05,0.05,0.1,0.05,0.15,1.0,-0.019934,0.723677727
0.55,0.15,0.05,0.15,0.05,0.05,1.0,-0.019675,0.727122682
0.65,0.05,0.05,0.1,0.05,0.1,1.0,-0.019228,0.73309045
0.65,0.05,0.05,0.1,0.1,0.05,1.0,-0.019194,0.733534722
0.7,0.05,0.05,0.1,0.05,0.05,1.0,-0.018801,0.738791228
0.55,0.05,0.05,0.1,0.2,0.05,1.0,-0.018672,0.740529339
0.6,0.05,0.05,0.1,0.15,0.05,1.0,-0.018316,0.745303748
0.55,0.1,0.1,0.1,0.1,0.05,1.0,0.018061,0.748730346
0.5,0.05,0.05,0.1,0.25,0.05,1.0,-0.016869,0.764808058
0.5,0.1,0.05,0.05,0.05,0.25,1.0,0.016854,0.765000503
0.6,0.05,0.15,0.1,0.05,0.05,1.0,0.016463,0.77030006
0.6,0.1,0.1,0.1,0.05,0.05,1.0,0.016381,0.771413728
0.55,0.1,0.05,0.1,0.05,0.15,1.0,-0.015867,0.778399466
0.5,0.05,0.15,0.15,0.05,0.1,1.0,-0.015618,0.78179105
0.55,0.05,0.05,0.05,0.15,0.15,1.0,0.01547,0.783804103
0.5,0.05,0.05,0.05,0.25,0.1,1.0,0.015453,0.784033461
0.6,0.15,0.05,0.1,0.05,0.05,1.0,0.015085,0.78905778
0.6,0.05,0.05,0.05,0.05,0.2,1.0,0.014886,0.791776217
0.55,0.05,0.15,0.1,0.1,0.05,1.0,0.014847,0.792303105
0.5,0.05,0.15,0.1,0.15,0.05,1.0,0.014422,0.798130326
0.5,0.05,0.15,0.15,0.1,0.05,1.0,-0.014236,0.800676472
0.5,0.15,0.05,0.1,0.05,0.15,1.0,0.013842,0.806080095
0.55,0.05,0.15,0.15,0.05,0.05,1.0,-0.013529,0.810379678
0.55,0.2,0.05,0.1,0.05,0.05,1.0,0.013438,0.811630413
0.5,0.25,0.05,0.1,0.05,0.05,1.0,0.013414,0.811957044
0.5,0.1,0.05,0.1,0.05,0.2,1.0,-0.013137,0.815771866
0.5,0.15,0.05,0.15,0.1,0.05,1.0,-0.012979,0.817949234
0.5,0.05,0.2,0.1,0.1,0.05,1.0,0.012501,0.824538659
0.55,0.05,0.15,0.1,0.05,0.1,1.0,0.01244,0.825389587
0.55,0.05,0.05,0.05,0.1,0.2,1.0,0.012382,0.826187616
0.55,0.15,0.05,0.1,0.05,0.1,1.0,0.012199,0.828716989
0.5,0.2,0.05,0.1,0.05,0.1,1.0,0.012099,0.830100689
0.5,0.05,0.05,0.05,0.2,0.15,1.0,0.011355,0.840404652
0.5,0.05,0.2,0.1,0.05,0.1,1.0,0.011336,0.840660608
0.5,0.05,0.25,0.1,0.05,0.05,1.0,0.011217,0.842315408
0.55,0.15,0.05,0.1,0.1,0.05,1.0,0.011003,0.845281322
0.5,0.15,0.05,0.1,0.1,0.1,1.0,0.010921,0.846425309
0.5,0.1,0.1,0.1,0.1,0.1,1.0,0.010841,0.847540267
0.6,0.1,0.05,0.1,0.05,0.1,1.0,-0.01056,0.85144964
0.55,0.05,0.2,0.1,0.05,0.05,1.0,0.010302,0.855028152
0.65,0.05,0.1,0.1,0.05,0.05,1.0,0.009677,0.863739339
0.5,0.15,0.1,0.15,0.05,0.05,1.0,-0.00951,0.866061571
0.5,0.05,0.15,0.1,0.1,0.1,1.0,0.009387,0.867786549
0.55,0.05,0.1,0.1,0.15,0.05,1.0,0.008843,0.875380617
0.6,0.05,0.1,0.1,0.1,0.05,1.0,0.008513,0.879996914
0.55,0.05,0.05,0.05,0.05,0.25,1.0,0.008397,0.881619084
0.5,0.05,0.2,0.15,0.05,0.05,1.0,-0.008144,0.885158448
0.5,0.1,0.05,0.1,0.2,0.05,1.0,0.00787,0.888993692
0.5,0.15,0.05,0.1,0.15,0.05,1.0,0.007611,0.892632064
0.55,0.1,0.1,0.1,0.05,0.1,1.0,0.007229,0.897991211
0.5,0.2,0.05,0.1,0.1,0.05,1.0,0.007137,0.899281176
0.5,0.1,0.05,0.1,0.1,0.15,1.0,-0.006913,0.902426136
0.5,0.05,0.15,0.1,0.05,0.15,1.0,0.006911,0.902458538
0.6,0.05,0.1,0.1,0.05,0.1,1.0,0.006822,0.903703455
0.55,0.1,0.05,0.1,0.15,0.05,1.0,0.006763,0.904538014
0.5,0.05,0.05,0.05,0.15,0.2,1.0,0.005782,0.918325704
0.55,0.05,0.1,0.1,0.05,0.15,1.0,0.005275,0.925469414
0.5,0.05,0.05,0.05,0.1,0.25,1.0,0.004907,0.930648517
0.5,0.05,0.1,0.1,0.2,0.05,1.0,0.004561,0.935539059
0.55,0.05,0.1,0.1,0.1,0.1,1.0,0.004117,0.94180348
0.5,0.05,0.1,0.1,0.15,0.1,1.0,0.003744,0.947056219
0.5,0.2,0.05,0.15,0.05,0.05,1.0,-0.002942,0.958395603
0.6,0.1,0.05,0.1,0.1,0.05,1.0,0.002804,0.960336869
0.5,0.1,0.1,0.1,0.05,0.15,1.0,0.002317,0.967230245
0.65,0.1,0.05,0.1,0.05,0.05,1.0,-0.002215,0.968660062
0.5,0.05,0.1,0.1,0.05,0.2,1.0,0.002179,0.969172474
0.5,0.1,0.05,0.1,0.15,0.1,1.0,0.002115,0.970081815
0.5,0.1,0.15,0.15,0.05,0.05,1.0,-0.002068,0.970745163
0.55,0.1,0.05,0.1,0.1,0.1,1.0,-0.001998,0.971740206
0.5,0.05,0.1,0.1,0.1,0.15,1.0,-0.000573,0.99189314
0.5,0.05,0.05,0.05,0.05,0.3,1.0,-0.000378,0.994654317
