회사명,회계년도,Rank,Feature,Value,SHAP_Value,Direction,abs_SHAP,base_value,pred_prob,pred_label,true_label,threshold
농협경제지주주식회사,2021,1,금융비용부담률,0.009080606250904727,-0.9115157,정상기여(-),0.9115157,0.305469,0.426478,0,0,0.44
농협경제지주주식회사,2021,2,매출액증가율,0.24685352495405335,0.25307497,부실기여(+),0.25307497,0.305469,0.426478,0,0,0.44
농협경제지주주식회사,2021,3,총자본영업이익률_diff,0.8956390190378994,0.2159333,부실기여(+),0.2159333,0.305469,0.426478,0,0,0.44
농협경제지주주식회사,2021,4,ROIC_diff,0.9038375434224365,0.18588401,부실기여(+),0.18588401,0.305469,0.426478,0,0,0.44
농협경제지주주식회사,2021,5,자본잠식률,0.9636305483780869,0.1561402,부실기여(+),0.1561402,0.305469,0.426478,0,0,0.44
농협경제지주주식회사,2021,6,순이익률_ratio,0.7305308583053174,0.13039872,부실기여(+),0.13039872,0.305469,0.426478,0,0,0.44
농협경제지주주식회사,2021,7,유형자산증가율_ratio_industry,0.14242115345980189,-0.115994565,정상기여(-),0.115994565,0.305469,0.426478,0,0,0.44
농협경제지주주식회사,2021,8,매입채무지급기간_diff,0.3559804957880124,-0.11390258,정상기여(-),0.11390258,0.305469,0.426478,0,0,0.44
농협경제지주주식회사,2021,9,영업CF_유동부채_diff,0.2601930909160273,0.10200066,부실기여(+),0.10200066,0.305469,0.426478,0,0,0.44
농협경제지주주식회사,2021,10,업력,12.0,-0.07110249,정상기여(-),0.07110249,0.305469,0.426478,0,0,0.44
농협경제지주주식회사,2021,11,순운전자본대총자본_ratio_industry,0.5418382477350699,-0.07106937,정상기여(-),0.07106937,0.305469,0.426478,0,0,0.44
농협경제지주주식회사,2021,12,유동비율변화_diff,0.46693170934122563,-0.07100554,정상기여(-),0.07100554,0.305469,0.426478,0,0,0.44
농협경제지주주식회사,2021,13,현금ROA,0.47003542532920317,0.07052634,부실기여(+),0.07052634,0.305469,0.426478,0,0,0.44
농협경제지주주식회사,2021,14,현금ROE_ratio,0.5601404490576173,-0.06517756,정상기여(-),0.06517756,0.305469,0.426478,0,0,0.44
농협경제지주주식회사,2021,15,장기부채의존도,0.18200107369365023,-0.058051392,정상기여(-),0.058051392,0.305469,0.426478,0,0,0.44
농협경제지주주식회사,2021,16,자기자본비율_diff_industry,0.6015670267247282,-0.057590313,정상기여(-),0.057590313,0.305469,0.426478,0,0,0.44
농협경제지주주식회사,2021,17,유형자산비율,0.2528059382818337,-0.057470504,정상기여(-),0.057470504,0.305469,0.426478,0,0,0.44
농협경제지주주식회사,2021,18,ROA변화,0.5362831243818267,0.052134246,부실기여(+),0.052134246,0.305469,0.426478,0,0,0.44
농협경제지주주식회사,2021,19,ROA_ratio,0.6124924640126003,0.0519483,부실기여(+),0.0519483,0.305469,0.426478,0,0,0.44
농협경제지주주식회사,2021,20,총자산회전율_ratio,0.07667338469138275,0.04722027,부실기여(+),0.04722027,0.305469,0.426478,0,0,0.44
농협경제지주주식회사,2021,21,비유동자산회전율_ratio,0.007864106002074291,0.03917146,부실기여(+),0.03917146,0.305469,0.426478,0,0,0.44
농협경제지주주식회사,2021,22,재고자산보유기간_ratio,0.05174672567487059,-0.03751828,정상기여(-),0.03751828,0.305469,0.426478,0,0,0.44
농협경제지주주식회사,2021,23,ROE_diff,0.5824341648069546,-0.03646864,정상기여(-),0.03646864,0.305469,0.426478,0,0,0.44
농협경제지주주식회사,2021,24,부채비율변화,0.5683262442505335,-0.035562728,정상기여(-),0.035562728,0.305469,0.426478,0,0,0.44
농협경제지주주식회사,2021,25,감가상각비율,0.037595225091423996,-0.03502066,정상기여(-),0.03502066,0.305469,0.426478,0,0,0.44
농협경제지주주식회사,2021,26,매출액순이익률_diff_industry,0.6343248591497633,0.03332491,부실기여(+),0.03332491,0.305469,0.426478,0,0,0.44
농협경제지주주식회사,2021,27,유동비율_ratio,0.022335518098094306,-0.032573156,정상기여(-),0.032573156,0.305469,0.426478,0,0,0.44
농협경제지주주식회사,2021,28,매출채권회전율_ratio_industry,0.0077366803547900525,-0.031895347,정상기여(-),0.031895347,0.305469,0.426478,0,0,0.44
농협경제지주주식회사,2021,29,부채비율,0.0166767377173217,-0.030188242,정상기여(-),0.030188242,0.305469,0.426478,0,0,0.44
농협경제지주주식회사,2021,30,유보율_diff,0.041045323717229354,-0.030166682,정상기여(-),0.030166682,0.305469,0.426478,0,0,0.44
농협경제지주주식회사,2021,31,장기부채비율,0.019029995269213725,-0.028817516,정상기여(-),0.028817516,0.305469,0.426478,0,0,0.44
농협경제지주주식회사,2021,32,매출총이익률_diff,0.17904103342317085,0.025262777,부실기여(+),0.025262777,0.305469,0.426478,0,0,0.44
농협경제지주주식회사,2021,33,총자산증가율_diff_industry,0.2832424082980335,-0.024225673,정상기여(-),0.024225673,0.305469,0.426478,0,0,0.44
농협경제지주주식회사,2021,34,유형자산회전율_diff,0.002171389846499139,0.024021216,부실기여(+),0.024021216,0.305469,0.426478,0,0,0.44
농협경제지주주식회사,2021,35,자기자본증가율,0.2120742331918203,-0.0223505,정상기여(-),0.0223505,0.305469,0.426478,0,0,0.44
농협경제지주주식회사,2021,36,영업현금흐름비율,0.5863086391823347,-0.022300823,정상기여(-),0.022300823,0.305469,0.426478,0,0,0.44
농협경제지주주식회사,2021,37,FCF_총자산_ratio,0.5097079280323732,-0.021106184,정상기여(-),0.021106184,0.305469,0.426478,0,0,0.44
농협경제지주주식회사,2021,38,순운전자본회전율_diff,0.11276796193786424,-0.020900339,정상기여(-),0.020900339,0.305469,0.426478,0,0,0.44
농협경제지주주식회사,2021,39,순운전자본비율_ratio,0.47049213221356745,0.01730801,부실기여(+),0.01730801,0.305469,0.426478,0,0,0.44
농협경제지주주식회사,2021,40,차입금의존도_diff_industry,0.41121839643241787,-0.017178744,정상기여(-),0.017178744,0.305469,0.426478,0,0,0.44
농협경제지주주식회사,2021,41,영업CF_총부채_diff,0.5615189750822589,0.012864465,부실기여(+),0.012864465,0.305469,0.426478,0,0,0.44
농협경제지주주식회사,2021,42,순이익증가율_diff,0.1946114801373568,-0.011552128,정상기여(-),0.011552128,0.305469,0.426478,0,0,0.44
농협경제지주주식회사,2021,43,비유동장기적합률_ratio,0.12168937445831253,0.010871552,부실기여(+),0.010871552,0.305469,0.426478,0,0,0.44
농협경제지주주식회사,2021,44,매출원가율,0.8815600765942494,0.006000286,부실기여(+),0.006000286,0.305469,0.426478,0,0,0.44
농협경제지주주식회사,2021,45,유동자산회전율,0.12761253357675084,-0.0050828033,정상기여(-),0.0050828033,0.305469,0.426478,0,0,0.44
