변수그룹,변수,비교,평균(A),평균(B),평균차(A-B),F(Scheffe),p값,유의성
기본 재무비율,부채비율,도입기 vs 성장기,12694.5144,3361.5259,9332.9885,125.4946,0.0,***
기본 재무비율,부채비율,도입기 vs 성숙기,12694.5144,2813.472,9881.0423,305.1919,0.0,***
기본 재무비율,부채비율,도입기 vs 쇠퇴기,12694.5144,7363.0267,5331.4877,78.5676,0.0,***
기본 재무비율,부채비율,성장기 vs 성숙기,3361.5259,2813.472,548.0539,0.4582,0.928,n.s.
기본 재무비율,부채비율,성장기 vs 쇠퇴기,3361.5259,7363.0267,-4001.5008,22.9581,0.0,***
기본 재무비율,부채비율,성숙기 vs 쇠퇴기,2813.472,7363.0267,-4549.5547,64.0291,0.0,***
기본 재무비율,총부채비율,도입기 vs 성장기,90.2445,64.5139,25.7306,88.8889,0.0,***
기본 재무비율,총부채비율,도입기 vs 성숙기,90.2445,59.3808,30.8637,277.4786,0.0,***
기본 재무비율,총부채비율,도입기 vs 쇠퇴기,90.2445,78.4365,11.808,35.914,0.0,***
기본 재무비율,총부채비율,성장기 vs 성숙기,64.5139,59.3808,5.1332,3.7456,0.2904,n.s.
기본 재무비율,총부채비율,성장기 vs 쇠퇴기,64.5139,78.4365,-13.9226,25.8997,0.0,***
기본 재무비율,총부채비율,성숙기 vs 쇠퇴기,59.3808,78.4365,-19.0557,104.6782,0.0,***
기본 재무비율,장기부채비율,도입기 vs 성장기,3626.44,1143.8551,2482.5849,115.25,0.0,***
기본 재무비율,장기부채비율,도입기 vs 성숙기,3626.44,905.1057,2721.3343,300.4556,0.0,***
기본 재무비율,장기부채비율,도입기 vs 쇠퇴기,3626.44,1881.6619,1744.7781,109.2134,0.0,***
기본 재무비율,장기부채비율,성장기 vs 성숙기,1143.8551,905.1057,238.7494,1.1285,0.7702,n.s.
기본 재무비율,장기부채비율,성장기 vs 쇠퇴기,1143.8551,1881.6619,-737.8068,10.1304,0.0176,*
기본 재무비율,장기부채비율,성숙기 vs 쇠퇴기,905.1057,1881.6619,-976.5562,38.2898,0.0,***
기본 재무비율,장기부채의존도,도입기 vs 성장기,27.4503,20.6603,6.79,16.2816,0.001,**
기본 재무비율,장기부채의존도,도입기 vs 성숙기,27.4503,18.9809,8.4694,54.9605,0.0,***
기본 재무비율,장기부채의존도,도입기 vs 쇠퇴기,27.4503,23.6713,3.779,9.6754,0.0216,*
기본 재무비율,장기부채의존도,성장기 vs 성숙기,20.6603,18.9809,1.6794,1.0546,0.788,n.s.
기본 재무비율,장기부채의존도,성장기 vs 쇠퇴기,20.6603,23.6713,-3.011,3.1863,0.3639,n.s.
기본 재무비율,장기부채의존도,성숙기 vs 쇠퇴기,18.9809,23.6713,-4.6904,16.6818,0.0008,***
기본 재무비율,차입금의존도,도입기 vs 성장기,62.9586,33.0505,29.9081,204.0225,0.0,***
기본 재무비율,차입금의존도,도입기 vs 성숙기,62.9586,29.3867,33.5719,557.7463,0.0,***
기본 재무비율,차입금의존도,도입기 vs 쇠퇴기,62.9586,43.445,19.5136,166.625,0.0,***
기본 재무비율,차입금의존도,성장기 vs 성숙기,33.0505,29.3867,3.6638,3.2417,0.356,n.s.
기본 재무비율,차입금의존도,성장기 vs 쇠퇴기,33.0505,43.445,-10.3945,24.5251,0.0,***
기본 재무비율,차입금의존도,성숙기 vs 쇠퇴기,29.3867,43.445,-14.0583,96.7879,0.0,***
기본 재무비율,순차입금비율,도입기 vs 성장기,7116.5873,1858.4313,5258.1559,131.563,0.0,***
기본 재무비율,순차입금비율,도입기 vs 성숙기,7116.5873,1684.0905,5432.4968,304.684,0.0,***
기본 재무비율,순차입금비율,도입기 vs 쇠퇴기,7116.5873,4239.7328,2876.8545,75.5554,0.0,***
기본 재무비율,순차입금비율,성장기 vs 성숙기,1858.4313,1684.0905,174.3409,0.1531,0.9848,n.s.
기본 재무비율,순차입금비율,성장기 vs 쇠퇴기,1858.4313,4239.7328,-2381.3014,26.8536,0.0,***
기본 재무비율,순차입금비율,성숙기 vs 쇠퇴기,1684.0905,4239.7328,-2555.6423,66.7303,0.0,***
기본 재무비율,금융부채비율,도입기 vs 성장기,7483.8144,1963.2431,5520.5713,133.7298,0.0,***
기본 재무비율,금융부채비율,도입기 vs 성숙기,7483.8144,1788.9865,5694.8279,308.7488,0.0,***
기본 재무비율,금융부채비율,도입기 vs 쇠퇴기,7483.8144,4487.1091,2996.7053,75.5982,0.0,***
기본 재무비율,금융부채비율,성장기 vs 성숙기,1963.2431,1788.9865,174.2566,0.1411,0.9865,n.s.
기본 재무비율,금융부채비율,성장기 vs 쇠퇴기,1963.2431,4487.1091,-2523.866,27.8163,0.0,***
기본 재무비율,금융부채비율,성숙기 vs 쇠퇴기,1788.9865,4487.1091,-2698.1226,68.5867,0.0,***
기본 재무비율,자기자본비율,도입기 vs 성장기,6.4148,33.4128,-26.998,52.4683,0.0,***
기본 재무비율,자기자본비율,도입기 vs 성숙기,6.4148,37.881,-31.4662,154.6338,0.0,***
기본 재무비율,자기자본비율,도입기 vs 쇠퇴기,6.4148,17.1942,-10.7794,16.0466,0.0011,**
기본 재무비율,자기자본비율,성장기 vs 성숙기,33.4128,37.881,-4.4681,1.5215,0.6773,n.s.
기본 재무비율,자기자본비율,성장기 vs 쇠퇴기,33.4128,17.1942,16.2187,18.8439,0.0003,***
기본 재무비율,자기자본비율,성숙기 vs 쇠퇴기,37.881,17.1942,20.6868,66.1417,0.0,***
기본 재무비율,유보율,도입기 vs 성장기,-452.3729,1221.0877,-1673.4606,43.783,0.0,***
기본 재무비율,유보율,도입기 vs 성숙기,-452.3729,1310.4683,-1762.8412,105.4107,0.0,***
기본 재무비율,유보율,도입기 vs 쇠퇴기,-452.3729,473.375,-925.748,25.7053,0.0,***
기본 재무비율,유보율,성장기 vs 성숙기,1221.0877,1310.4683,-89.3806,0.1322,0.9877,n.s.
기본 재무비율,유보율,성장기 vs 쇠퇴기,1221.0877,473.375,747.7127,8.6986,0.0337,*
기본 재무비율,유보율,성숙기 vs 쇠퇴기,1310.4683,473.375,837.0932,23.5222,0.0,***
기본 재무비율,자본잠식률,도입기 vs 성장기,-169.4476,-1598.0943,1428.6467,38.8886,0.0,***
기본 재무비율,자본잠식률,도입기 vs 성숙기,-169.4476,-1603.2912,1433.8436,84.9884,0.0,***
기본 재무비율,자본잠식률,도입기 vs 쇠퇴기,-169.4476,-895.5374,726.0898,19.2715,0.0002,***
기본 재무비율,자본잠식률,성장기 vs 성숙기,-1598.0943,-1603.2912,5.1969,0.0005,1.0,n.s.
기본 재무비율,자본잠식률,성장기 vs 쇠퇴기,-1598.0943,-895.5374,-702.5569,9.3593,0.025,*
기본 재무비율,자본잠식률,성숙기 vs 쇠퇴기,-1603.2912,-895.5374,-707.7538,20.4924,0.0001,***
기본 재무비율,유동비율,도입기 vs 성장기,344.1218,320.3117,23.8101,0.1368,0.9871,n.s.
기본 재무비율,유동비율,도입기 vs 성숙기,344.1218,566.7279,-222.6061,25.9416,0.0,***
기본 재무비율,유동비율,도입기 vs 쇠퇴기,344.1218,514.5219,-170.4001,13.4413,0.0038,**
기본 재무비율,유동비율,성장기 vs 성숙기,320.3117,566.7279,-246.4162,15.5123,0.0014,**
기본 재무비율,유동비율,성장기 vs 쇠퇴기,320.3117,514.5219,-194.2102,9.0571,0.0287,*
기본 재무비율,유동비율,성숙기 vs 쇠퇴기,566.7279,514.5219,52.206,1.412,0.7027,n.s.
기본 재무비율,당좌비율_추정,도입기 vs 성장기,181.7077,253.2974,-71.5897,2.5547,0.4656,n.s.
기본 재무비율,당좌비율_추정,도입기 vs 성숙기,181.7077,416.3123,-234.6046,59.5255,0.0,***
기본 재무비율,당좌비율_추정,도입기 vs 쇠퇴기,181.7077,358.8024,-177.0947,29.993,0.0,***
기본 재무비율,당좌비율_추정,성장기 vs 성숙기,253.2974,416.3123,-163.0149,14.0248,0.0029,**
기본 재무비율,당좌비율_추정,성장기 vs 쇠퇴기,253.2974,358.8024,-105.505,5.522,0.1375,n.s.
기본 재무비율,당좌비율_추정,성숙기 vs 쇠퇴기,416.3123,358.8024,57.5098,3.5399,0.3158,n.s.
기본 재무비율,현금비율,도입기 vs 성장기,28.5146,49.2972,-20.7826,5.33,0.1493,n.s.
기본 재무비율,현금비율,도입기 vs 성숙기,28.5146,89.6595,-61.1449,100.1004,0.0,***
기본 재무비율,현금비율,도입기 vs 쇠퇴기,28.5146,63.9175,-35.4029,29.6737,0.0,***
기본 재무비율,현금비율,성장기 vs 성숙기,49.2972,89.6595,-40.3623,21.2854,0.0001,***
기본 재무비율,현금비율,성장기 vs 쇠퇴기,49.2972,63.9175,-14.6203,2.6251,0.4532,n.s.
기본 재무비율,현금비율,성숙기 vs 쇠퇴기,89.6595,63.9175,25.742,17.5579,0.0006,***
기본 재무비율,순운전자본비율,도입기 vs 성장기,2.4681,11.2305,-8.7624,7.2201,0.0654,n.s.
기본 재무비율,순운전자본비율,도입기 vs 성숙기,2.4681,23.9638,-21.4957,94.2719,0.0,***
기본 재무비율,순운전자본비율,도입기 vs 쇠퇴기,2.4681,8.8771,-6.409,7.4103,0.0601,n.s.
기본 재무비율,순운전자본비율,성장기 vs 성숙기,11.2305,23.9638,-12.7333,16.1426,0.0011,**
기본 재무비율,순운전자본비율,성장기 vs 쇠퇴기,11.2305,8.8771,2.3534,0.5183,0.9148,n.s.
기본 재무비율,순운전자본비율,성숙기 vs 쇠퇴기,23.9638,8.8771,15.0867,45.9558,0.0,***
기본 재무비율,순운전자본회전율,도입기 vs 성장기,2.6411,3.8303,-1.1892,9.1045,0.028,*
기본 재무비율,순운전자본회전율,도입기 vs 성숙기,2.6411,4.9405,-2.2994,73.8457,0.0,***
기본 재무비율,순운전자본회전율,도입기 vs 쇠퇴기,2.6411,2.5089,0.1322,0.216,0.975,n.s.
기본 재무비율,순운전자본회전율,성장기 vs 성숙기,3.8303,4.9405,-1.1101,8.3999,0.0386,*
기본 재무비율,순운전자본회전율,성장기 vs 쇠퇴기,3.8303,2.5089,1.3215,11.1878,0.0108,*
기본 재무비율,순운전자본회전율,성숙기 vs 쇠퇴기,4.9405,2.5089,2.4316,81.7274,0.0,***
기본 재무비율,금융비용부담률,도입기 vs 성장기,1097.3417,88.1456,1009.1961,73.4276,0.0,***
기본 재무비율,금융비용부담률,도입기 vs 성숙기,1097.3417,27.5206,1069.8211,179.0253,0.0,***
기본 재무비율,금융비용부담률,도입기 vs 쇠퇴기,1097.3417,792.066,305.2757,12.8901,0.0049,**
기본 재무비율,금융비용부담률,성장기 vs 성숙기,88.1456,27.5206,60.625,0.2805,0.9636,n.s.
기본 재무비율,금융비용부담률,성장기 vs 쇠퇴기,88.1456,792.066,-703.9204,35.5519,0.0,***
기본 재무비율,금융비용부담률,성숙기 vs 쇠퇴기,27.5206,792.066,-764.5454,90.4838,0.0,***
기본 재무비율,비유동비율,도입기 vs 성장기,4481.5672,1441.098,3040.4691,54.4512,0.0,***
기본 재무비율,비유동비율,도입기 vs 성숙기,4481.5672,1239.7233,3241.8438,134.3057,0.0,***
기본 재무비율,비유동비율,도입기 vs 쇠퇴기,4481.5672,3125.1535,1356.4137,20.7909,0.0001,***
기본 재무비율,비유동비율,성장기 vs 성숙기,1441.098,1239.7233,201.3747,0.2529,0.9686,n.s.
기본 재무비율,비유동비율,성장기 vs 쇠퇴기,1441.098,3125.1535,-1684.0554,16.6244,0.0009,***
기본 재무비율,비유동비율,성숙기 vs 쇠퇴기,1239.7233,3125.1535,-1885.4301,44.9576,0.0,***
기본 재무비율,비유동장기적합률,도입기 vs 성장기,269.0064,127.6444,141.362,56.55,0.0,***
기본 재무비율,비유동장기적합률,도입기 vs 성숙기,269.0064,102.5147,166.4917,170.1908,0.0,***
기본 재무비율,비유동장기적합률,도입기 vs 쇠퇴기,269.0064,199.0853,69.9211,26.5428,0.0,***
기본 재무비율,비유동장기적합률,성장기 vs 성숙기,127.6444,102.5147,25.1297,1.8921,0.5951,n.s.
기본 재무비율,비유동장기적합률,성장기 vs 쇠퇴기,127.6444,199.0853,-71.4409,14.3737,0.0025,**
기본 재무비율,비유동장기적합률,성숙기 vs 쇠퇴기,102.5147,199.0853,-96.5706,56.6648,0.0,***
기본 재무비율,유형자산비율,도입기 vs 성장기,19.5701,25.1607,-5.5906,13.8208,0.0032,**
기본 재무비율,유형자산비율,도입기 vs 성숙기,19.5701,16.1034,3.4667,11.53,0.0092,**
기본 재무비율,유형자산비율,도입기 vs 쇠퇴기,19.5701,15.0156,4.5545,17.5974,0.0005,***
기본 재무비율,유형자산비율,성장기 vs 성숙기,25.1607,16.1034,9.0573,38.4069,0.0,***
기본 재무비율,유형자산비율,성장기 vs 쇠퇴기,25.1607,15.0156,10.1451,45.2928,0.0,***
기본 재무비율,유형자산비율,성숙기 vs 쇠퇴기,16.1034,15.0156,1.0877,1.1234,0.7714,n.s.
기본 재무비율,유형자산부채비율,도입기 vs 성장기,27.8266,46.268,-18.4414,38.8952,0.0,***
기본 재무비율,유형자산부채비율,도입기 vs 성숙기,27.8266,39.4922,-11.6656,33.7681,0.0,***
기본 재무비율,유형자산부채비율,도입기 vs 쇠퇴기,27.8266,29.7107,-1.8841,0.7789,0.8545,n.s.
기본 재무비율,유형자산부채비율,성장기 vs 성숙기,46.268,39.4922,6.7758,5.5594,0.1353,n.s.
기본 재무비율,유형자산부채비율,성장기 vs 쇠퇴기,46.268,29.7107,16.5574,31.2029,0.0,***
기본 재무비율,유형자산부채비율,성숙기 vs 쇠퇴기,39.4922,29.7107,9.7815,23.495,0.0,***
기본 재무비율,ROA,도입기 vs 성장기,-4.7591,-0.9687,-3.7904,17.4389,0.0006,***
기본 재무비율,ROA,도입기 vs 성숙기,-4.7591,1.7623,-6.5213,111.9974,0.0,***
기본 재무비율,ROA,도입기 vs 쇠퇴기,-4.7591,-7.8355,3.0764,22.0398,0.0001,***
기본 재무비율,ROA,성장기 vs 성숙기,-0.9687,1.7623,-2.7309,9.5846,0.0225,*
기본 재무비율,ROA,성장기 vs 쇠퇴기,-0.9687,-7.8355,6.8668,56.96,0.0,***
기본 재무비율,ROA,성숙기 vs 쇠퇴기,1.7623,-7.8355,9.5977,240.0754,0.0,***
기본 재무비율,ROE,도입기 vs 성장기,38.3109,8.3547,29.9562,20.8535,0.0001,***
기본 재무비율,ROE,도입기 vs 성숙기,38.3109,22.0388,16.2721,13.3499,0.004,**
기본 재무비율,ROE,도입기 vs 쇠퇴기,38.3109,13.864,24.4468,26.6451,0.0,***
기본 재무비율,ROE,성장기 vs 성숙기,8.3547,22.0388,-13.684,4.6072,0.2031,n.s.
기본 재무비율,ROE,성장기 vs 쇠퇴기,8.3547,13.864,-5.5093,0.702,0.8727,n.s.
기본 재무비율,ROE,성숙기 vs 쇠퇴기,22.0388,13.864,8.1747,3.3344,0.343,n.s.
기본 재무비율,ROIC,도입기 vs 성장기,-6.7832,-2.5445,-4.2387,2.8197,0.4204,n.s.
기본 재무비율,ROIC,도입기 vs 성숙기,-6.7832,0.633,-7.4162,18.7274,0.0003,***
기본 재무비율,ROIC,도입기 vs 쇠퇴기,-6.7832,-17.6438,10.8606,35.5144,0.0,***
기본 재무비율,ROIC,성장기 vs 성숙기,-2.5445,0.633,-3.1775,1.6776,0.6419,n.s.
기본 재무비율,ROIC,성장기 vs 쇠퇴기,-2.5445,-17.6438,15.0992,35.6085,0.0,***
기본 재무비율,ROIC,성숙기 vs 쇠퇴기,0.633,-17.6438,18.2767,112.5614,0.0,***
기본 재무비율,총자본영업이익률,도입기 vs 성장기,-1.6049,1.6981,-3.3029,25.796,0.0,***
기본 재무비율,총자본영업이익률,도입기 vs 성숙기,-1.6049,3.514,-5.1188,134.4249,0.0,***
기본 재무비율,총자본영업이익률,도입기 vs 쇠퇴기,-1.6049,-4.1337,2.5289,29.0121,0.0,***
기본 재무비율,총자본영업이익률,성장기 vs 성숙기,1.6981,3.514,-1.8159,8.2554,0.0411,*
기본 재무비율,총자본영업이익률,성장기 vs 쇠퇴기,1.6981,-4.1337,5.8318,80.0331,0.0,***
기본 재무비율,총자본영업이익률,성숙기 vs 쇠퇴기,3.514,-4.1337,7.6477,296.9442,0.0,***
기본 재무비율,매출총이익률,도입기 vs 성장기,1.8747,23.4509,-21.5762,52.5404,0.0,***
기본 재무비율,매출총이익률,도입기 vs 성숙기,1.8747,21.6897,-19.815,96.142,0.0,***
기본 재무비율,매출총이익률,도입기 vs 쇠퇴기,1.8747,6.948,-5.0733,5.573,0.1345,n.s.
기본 재무비율,매출총이익률,성장기 vs 성숙기,23.4509,21.6897,1.7613,0.3707,0.9462,n.s.
기본 재무비율,매출총이익률,성장기 vs 쇠퇴기,23.4509,6.948,16.5029,30.5893,0.0,***
기본 재무비율,매출총이익률,성숙기 vs 쇠퇴기,21.6897,6.948,14.7417,52.6612,0.0,***
기본 재무비율,영업이익률,도입기 vs 성장기,-1191.7032,-103.6956,-1088.0076,79.493,0.0,***
기본 재무비율,영업이익률,도입기 vs 성숙기,-1191.7032,-54.9654,-1136.7378,188.265,0.0,***
기본 재무비율,영업이익률,도입기 vs 쇠퇴기,-1191.7032,-862.9396,-328.7637,13.925,0.003,**
기본 재무비율,영업이익률,성장기 vs 성숙기,-103.6956,-54.9654,-48.7302,0.1688,0.9825,n.s.
기본 재무비율,영업이익률,성장기 vs 쇠퇴기,-103.6956,-862.9396,759.2439,38.5243,0.0,***
기본 재무비율,영업이익률,성숙기 vs 쇠퇴기,-54.9654,-862.9396,807.9742,94.1274,0.0,***
기본 재무비율,순이익률,도입기 vs 성장기,-2688.6423,-200.4597,-2488.1827,59.7953,0.0,***
기본 재무비율,순이익률,도입기 vs 성숙기,-2688.6423,-134.2498,-2554.3925,136.7292,0.0,***
기본 재무비율,순이익률,도입기 vs 쇠퇴기,-2688.6423,-2140.0201,-548.6223,5.5771,0.1343,n.s.
기본 재무비율,순이익률,성장기 vs 성숙기,-200.4597,-134.2498,-66.2098,0.0448,0.9975,n.s.
기본 재무비율,순이익률,성장기 vs 쇠퇴기,-200.4597,-2140.0201,1939.5604,36.159,0.0,***
기본 재무비율,순이익률,성숙기 vs 쇠퇴기,-134.2498,-2140.0201,2005.7702,83.4297,0.0,***
기본 재무비율,EBITDA마진,도입기 vs 성장기,-1143.0127,-91.2521,-1051.7606,77.3179,0.0,***
기본 재무비율,EBITDA마진,도입기 vs 성숙기,-1143.0127,-49.3559,-1093.6568,181.3811,0.0,***
기본 재무비율,EBITDA마진,도입기 vs 쇠퇴기,-1143.0127,-838.3259,-304.6868,12.4485,0.006,**
기본 재무비율,EBITDA마진,성장기 vs 성숙기,-91.2521,-49.3559,-41.8962,0.1299,0.988,n.s.
기본 재무비율,EBITDA마진,성장기 vs 쇠퇴기,-91.2521,-838.3259,747.0737,38.8222,0.0,***
기본 재무비율,EBITDA마진,성숙기 vs 쇠퇴기,-49.3559,-838.3259,788.9699,93.4164,0.0,***
기본 재무비율,현금ROA,도입기 vs 성장기,-1.3387,6.4344,-7.7731,32.7203,0.0,***
기본 재무비율,현금ROA,도입기 vs 성숙기,-1.3387,16.92,-18.2587,391.6958,0.0,***
기본 재무비율,현금ROA,도입기 vs 쇠퇴기,-1.3387,-4.9216,3.5829,13.3369,0.004,**
기본 재무비율,현금ROA,성장기 vs 성숙기,6.4344,16.92,-10.4856,63.0387,0.0,***
기본 재무비율,현금ROA,성장기 vs 쇠퇴기,6.4344,-4.9216,11.356,69.5,0.0,***
기본 재무비율,현금ROA,성숙기 vs 쇠퇴기,16.92,-4.9216,21.8416,554.6896,0.0,***
기본 재무비율,현금ROE,도입기 vs 성장기,270.4598,105.6926,164.7672,49.5412,0.0,***
기본 재무비율,현금ROE,도입기 vs 성숙기,270.4598,149.0606,121.3992,58.35,0.0,***
기본 재무비율,현금ROE,도입기 vs 쇠퇴기,270.4598,130.0525,140.4073,69.0188,0.0,***
기본 재무비율,현금ROE,성장기 vs 성숙기,105.6926,149.0606,-43.368,3.6338,0.304,n.s.
기본 재무비율,현금ROE,성장기 vs 쇠퇴기,105.6926,130.0525,-24.3599,1.0777,0.7825,n.s.
기본 재무비율,현금ROE,성숙기 vs 쇠퇴기,149.0606,130.0525,19.0081,1.4157,0.7019,n.s.
기본 재무비율,매출원가율,도입기 vs 성장기,97.4097,76.5329,20.8768,51.1268,0.0,***
기본 재무비율,매출원가율,도입기 vs 성숙기,97.4097,78.2607,19.149,93.3248,0.0,***
기본 재무비율,매출원가율,도입기 vs 쇠퇴기,97.4097,92.7149,4.6948,4.9603,0.1749,n.s.
기본 재무비율,매출원가율,성장기 vs 성숙기,76.5329,78.2607,-1.7278,0.3708,0.9462,n.s.
기본 재무비율,매출원가율,성장기 vs 쇠퇴기,76.5329,92.7149,-16.1821,30.5699,0.0,***
기본 재무비율,매출원가율,성숙기 vs 쇠퇴기,78.2607,92.7149,-14.4543,52.6221,0.0,***
기본 재무비율,판관비율,도입기 vs 성장기,1224.7569,128.1487,1096.6082,79.6978,0.0,***
기본 재무비율,판관비율,도입기 vs 성숙기,1224.7569,76.9235,1147.8334,189.4459,0.0,***
기본 재무비율,판관비율,도입기 vs 쇠퇴기,1224.7569,887.5614,337.1955,14.4567,0.0024,**
기본 재무비율,판관비율,성장기 vs 성숙기,128.1487,76.9235,51.2252,0.1841,0.9801,n.s.
기본 재무비율,판관비율,성장기 vs 쇠퇴기,128.1487,887.5614,-759.4127,38.037,0.0,***
기본 재무비율,판관비율,성숙기 vs 쇠퇴기,76.9235,887.5614,-810.6379,93.509,0.0,***
기본 재무비율,감가상각비율,도입기 vs 성장기,72.3034,12.6226,59.6808,73.7236,0.0,***
기본 재무비율,감가상각비율,도입기 vs 성숙기,72.3034,6.3212,65.9823,195.5127,0.0,***
기본 재무비율,감가상각비율,도입기 vs 쇠퇴기,72.3034,50.6959,21.6075,18.5399,0.0003,***
기본 재무비율,감가상각비율,성장기 vs 성숙기,12.6226,6.3212,6.3014,0.8702,0.8326,n.s.
기본 재무비율,감가상각비율,성장기 vs 쇠퇴기,12.6226,50.6959,-38.0733,29.8597,0.0,***
기본 재무비율,감가상각비율,성숙기 vs 쇠퇴기,6.3212,50.6959,-44.3748,87.5115,0.0,***
기본 재무비율,총자산회전율,도입기 vs 성장기,0.4934,1.0151,-0.5217,91.4486,0.0,***
기본 재무비율,총자산회전율,도입기 vs 성숙기,0.4934,1.1356,-0.6423,300.6585,0.0,***
기본 재무비율,총자산회전율,도입기 vs 쇠퇴기,0.4934,0.6164,-0.123,9.7585,0.0208,*
기본 재무비율,총자산회전율,성장기 vs 성숙기,1.0151,1.1356,-0.1205,5.1663,0.1602,n.s.
기본 재무비율,총자산회전율,성장기 vs 쇠퇴기,1.0151,0.6164,0.3987,53.1435,0.0,***
기본 재무비율,총자산회전율,성숙기 vs 쇠퇴기,1.1356,0.6164,0.5192,194.452,0.0,***
기본 재무비율,유동자산회전율,도입기 vs 성장기,0.8601,1.9429,-1.0829,166.2724,0.0,***
기본 재무비율,유동자산회전율,도입기 vs 성숙기,0.8601,1.8096,-0.9495,277.3589,0.0,***
기본 재무비율,유동자산회전율,도입기 vs 쇠퇴기,0.8601,1.0333,-0.1733,8.1663,0.0428,*
기본 재무비율,유동자산회전율,성장기 vs 성숙기,1.9429,1.8096,0.1334,2.6704,0.4454,n.s.
기본 재무비율,유동자산회전율,성장기 vs 쇠퇴기,1.9429,1.0333,0.9096,116.7578,0.0,***
기본 재무비율,유동자산회전율,성숙기 vs 쇠퇴기,1.8096,1.0333,0.7762,183.4499,0.0,***
기본 재무비율,비유동자산회전율,도입기 vs 성장기,24.5152,12.884,11.6312,5.6557,0.1298,n.s.
기본 재무비율,비유동자산회전율,도입기 vs 성숙기,24.5152,31.8633,-7.3481,4.8975,0.1796,n.s.
기본 재무비율,비유동자산회전율,도입기 vs 쇠퇴기,24.5152,14.6657,9.8495,7.7809,0.0509,n.s.
기본 재무비율,비유동자산회전율,성장기 vs 성숙기,12.884,31.8633,-18.9793,15.944,0.0012,**
기본 재무비율,비유동자산회전율,성장기 vs 쇠퇴기,12.884,14.6657,-1.7817,0.1321,0.9877,n.s.
기본 재무비율,비유동자산회전율,성숙기 vs 쇠퇴기,31.8633,14.6657,17.1976,26.548,0.0,***
기본 재무비율,유형자산회전율,도입기 vs 성장기,213.3162,195.586,17.7302,0.1697,0.9823,n.s.
기본 재무비율,유형자산회전율,도입기 vs 성숙기,213.3162,279.701,-66.3848,5.1606,0.1606,n.s.
기본 재무비율,유형자산회전율,도입기 vs 쇠퇴기,213.3162,188.0426,25.2736,0.6614,0.8822,n.s.
기본 재무비율,유형자산회전율,성장기 vs 성숙기,195.586,279.701,-84.115,4.0432,0.257,n.s.
기본 재무비율,유형자산회전율,성장기 vs 쇠퇴기,195.586,188.0426,7.5434,0.0306,0.9986,n.s.
기본 재무비율,유형자산회전율,성숙기 vs 쇠퇴기,279.701,188.0426,91.6584,9.736,0.021,*
기본 재무비율,자기자본회전율,도입기 vs 성장기,2.3991,3.2319,-0.8328,9.8617,0.0199,*
기본 재무비율,자기자본회전율,도입기 vs 성숙기,2.3991,3.3994,-1.0004,30.8691,0.0,***
기본 재무비율,자기자본회전율,도입기 vs 쇠퇴기,2.3991,2.207,0.1921,1.0066,0.7997,n.s.
기본 재무비율,자기자본회전율,성장기 vs 성숙기,3.2319,3.3994,-0.1675,0.4224,0.9356,n.s.
기본 재무비율,자기자본회전율,성장기 vs 쇠퇴기,3.2319,2.207,1.0249,14.864,0.002,**
기본 재무비율,자기자본회전율,성숙기 vs 쇠퇴기,3.3994,2.207,1.1925,43.4083,0.0,***
기본 재무비율,투하자본회전율,도입기 vs 성장기,1.0935,2.265,-1.1715,34.3148,0.0,***
기본 재무비율,투하자본회전율,도입기 vs 성숙기,1.0935,2.8549,-1.7614,168.3173,0.0,***
기본 재무비율,투하자본회전율,도입기 vs 쇠퇴기,1.0935,1.3841,-0.2906,4.0509,0.2562,n.s.
기본 재무비율,투하자본회전율,성장기 vs 성숙기,2.265,2.8549,-0.59,9.214,0.0267,*
기본 재무비율,투하자본회전율,성장기 vs 쇠퇴기,2.265,1.3841,0.8809,19.3089,0.0002,***
기본 재무비율,투하자본회전율,성숙기 vs 쇠퇴기,2.8549,1.3841,1.4708,116.1446,0.0,***
기본 재무비율,매출채권회전율,도입기 vs 성장기,347.0551,119.4424,227.6127,87.5715,0.0,***
기본 재무비율,매출채권회전율,도입기 vs 성숙기,347.0551,163.4501,183.6051,123.6297,0.0,***
기본 재무비율,매출채권회전율,도입기 vs 쇠퇴기,347.0551,244.3847,102.6705,34.1841,0.0,***
기본 재무비율,매출채권회전율,성장기 vs 성숙기,119.4424,163.4501,-44.0077,3.466,0.3253,n.s.
기본 재무비율,매출채권회전율,성장기 vs 쇠퇴기,119.4424,244.3847,-124.9423,26.2601,0.0,***
기본 재무비율,매출채권회전율,성숙기 vs 쇠퇴기,163.4501,244.3847,-80.9346,23.7736,0.0,***
기본 재무비율,매출채권회수기간,도입기 vs 성장기,2103.5045,705.6418,1397.8627,64.3081,0.0,***
기본 재무비율,매출채권회수기간,도입기 vs 성숙기,2103.5045,781.9601,1321.5444,124.7052,0.0,***
기본 재무비율,매출채권회수기간,도입기 vs 쇠퇴기,2103.5045,1830.7627,272.7418,4.6968,0.1956,n.s.
기본 재무비율,매출채권회수기간,성장기 vs 성숙기,705.6418,781.9601,-76.3183,0.203,0.9771,n.s.
기본 재무비율,매출채권회수기간,성장기 vs 쇠퇴기,705.6418,1830.7627,-1125.1209,41.4613,0.0,***
기본 재무비율,매출채권회수기간,성숙기 vs 쇠퇴기,781.9601,1830.7627,-1048.8026,77.7286,0.0,***
기본 재무비율,재고자산회전율,도입기 vs 성장기,986.5119,2530.4544,-1543.9425,95.5922,0.0,***
기본 재무비율,재고자산회전율,도입기 vs 성숙기,986.5119,2080.6342,-1094.1223,104.154,0.0,***
기본 재무비율,재고자산회전율,도입기 vs 쇠퇴기,986.5119,1661.4848,-674.9729,35.0507,0.0,***
기본 재무비율,재고자산회전율,성장기 vs 성숙기,2530.4544,2080.6342,449.8202,8.5908,0.0354,*
기본 재무비율,재고자산회전율,성장기 vs 쇠퇴기,2530.4544,1661.4848,868.9696,30.1354,0.0,***
기본 재무비율,재고자산회전율,성숙기 vs 쇠퇴기,2080.6342,1661.4848,419.1494,15.127,0.0017,**
기본 재무비율,재고자산보유기간,도입기 vs 성장기,38112.8189,20285.1381,17827.6808,32.3856,0.0,***
기본 재무비율,재고자산보유기간,도입기 vs 성숙기,38112.8189,15543.524,22569.2949,112.6112,0.0,***
기본 재무비율,재고자산보유기간,도입기 vs 쇠퇴기,38112.8189,37976.9398,135.8791,0.0036,0.9999,n.s.
기본 재무비율,재고자산보유기간,성장기 vs 성숙기,20285.1381,15543.524,4741.614,2.4256,0.489,n.s.
기본 재무비율,재고자산보유기간,성장기 vs 쇠퇴기,20285.1381,37976.9398,-17691.8018,31.7405,0.0,***
기본 재무비율,재고자산보유기간,성숙기 vs 쇠퇴기,15543.524,37976.9398,-22433.4158,110.1054,0.0,***
기본 재무비율,매입채무회전율,도입기 vs 성장기,671.7333,445.0897,226.6436,20.2566,0.0002,***
기본 재무비율,매입채무회전율,도입기 vs 성숙기,671.7333,597.5106,74.2227,4.7134,0.1942,n.s.
기본 재무비율,매입채무회전율,도입기 vs 쇠퇴기,671.7333,613.7754,57.9579,2.5414,0.4679,n.s.
기본 재무비율,매입채무회전율,성장기 vs 성숙기,445.0897,597.5106,-152.4209,9.6999,0.0214,*
기본 재무비율,매입채무회전율,성장기 vs 쇠퇴기,445.0897,613.7754,-168.6856,11.1672,0.0109,*
기본 재무비율,매입채무회전율,성숙기 vs 쇠퇴기,597.5106,613.7754,-16.2648,0.224,0.9736,n.s.
기본 재무비율,매입채무지급기간,도입기 vs 성장기,2997.5101,1395.2826,1602.2274,80.6082,0.0,***
기본 재무비율,매입채무지급기간,도입기 vs 성숙기,2997.5101,1083.5828,1913.9273,249.5546,0.0,***
기본 재무비율,매입채무지급기간,도입기 vs 쇠퇴기,2997.5101,1935.94,1061.5701,67.8877,0.0,***
기본 재무비율,매입채무지급기간,성장기 vs 성숙기,1395.2826,1083.5828,311.6999,3.23,0.3576,n.s.
기본 재무비율,매입채무지급기간,성장기 vs 쇠퇴기,1395.2826,1935.94,-540.6574,9.1344,0.0277,*
기본 재무비율,매입채무지급기간,성숙기 vs 쇠퇴기,1083.5828,1935.94,-852.3572,48.9813,0.0,***
기본 재무비율,현금전환주기_CCC,도입기 vs 성장기,13127.282,8289.5875,4837.6945,41.6098,0.0,***
기본 재무비율,현금전환주기_CCC,도입기 vs 성숙기,13127.282,6937.0683,6190.2137,147.8135,0.0,***
기본 재무비율,현금전환주기_CCC,도입기 vs 쇠퇴기,13127.282,10833.4321,2293.8499,17.9478,0.0005,***
기본 재무비율,현금전환주기_CCC,성장기 vs 성숙기,8289.5875,6937.0683,1352.5192,3.4435,0.3283,n.s.
기본 재무비율,현금전환주기_CCC,성장기 vs 쇠퇴기,8289.5875,10833.4321,-2543.8446,11.45,0.0096,**
기본 재무비율,현금전환주기_CCC,성숙기 vs 쇠퇴기,6937.0683,10833.4321,-3896.3638,57.9554,0.0,***
기본 재무비율,영업CF_유동부채,도입기 vs 성장기,-12.4918,26.2114,-38.7032,68.7433,0.0,***
기본 재무비율,영업CF_유동부채,도입기 vs 성숙기,-12.4918,49.964,-62.4558,388.3884,0.0,***
기본 재무비율,영업CF_유동부채,도입기 vs 쇠퇴기,-12.4918,-25.22,12.7282,14.2638,0.0026,**
기본 재무비율,영업CF_유동부채,성장기 vs 성숙기,26.2114,49.964,-23.7526,27.413,0.0,***
기본 재무비율,영업CF_유동부채,성장기 vs 쇠퇴기,26.2114,-25.22,51.4315,120.8096,0.0,***
기본 재무비율,영업CF_유동부채,성숙기 vs 쇠퇴기,49.964,-25.22,75.1841,556.9861,0.0,***
기본 재무비율,영업CF_총부채,도입기 vs 성장기,-1.7505,14.5262,-16.2767,43.3354,0.0,***
기본 재무비율,영업CF_총부채,도입기 vs 성숙기,-1.7505,31.8899,-33.6404,401.6212,0.0,***
기본 재무비율,영업CF_총부채,도입기 vs 쇠퇴기,-1.7505,-10.7632,9.0127,25.4911,0.0,***
기본 재무비율,영업CF_총부채,성장기 vs 성숙기,14.5262,31.8899,-17.3637,52.2147,0.0,***
기본 재무비율,영업CF_총부채,성장기 vs 쇠퇴기,14.5262,-10.7632,25.2894,104.1109,0.0,***
기본 재무비율,영업CF_총부채,성숙기 vs 쇠퇴기,31.8899,-10.7632,42.6531,638.9528,0.0,***
기본 재무비율,FCF,도입기 vs 성장기,-7167.3994,12.1682,-7179.5676,39.8663,0.0,***
기본 재무비율,FCF,도입기 vs 성숙기,-7167.3994,4195.9363,-11363.3357,216.6729,0.0,***
기본 재무비율,FCF,도입기 vs 쇠퇴기,-7167.3994,-4368.2826,-2799.1168,11.6256,0.0088,**
기본 재무비율,FCF,성장기 vs 성숙기,12.1682,4195.9363,-4183.7681,14.3331,0.0025,**
기본 재무비율,FCF,성장기 vs 쇠퇴기,12.1682,-4368.2826,4380.4508,14.7691,0.002,**
기본 재무비율,FCF,성숙기 vs 쇠퇴기,4195.9363,-4368.2826,8564.2189,121.7981,0.0,***
기본 재무비율,FCF_총자산,도입기 vs 성장기,3.234,1.5657,1.6683,0.3331,0.9537,n.s.
기본 재무비율,FCF_총자산,도입기 vs 성숙기,3.234,25.2361,-22.0022,125.6998,0.0,***
기본 재무비율,FCF_총자산,도입기 vs 쇠퇴기,3.234,-0.5903,3.8242,3.3579,0.3398,n.s.
기본 재무비율,FCF_총자산,성장기 vs 성숙기,1.5657,25.2361,-23.6705,70.9956,0.0,***
기본 재무비율,FCF_총자산,성장기 vs 쇠퇴기,1.5657,-0.5903,2.1559,0.5536,0.907,n.s.
기본 재무비율,FCF_총자산,성숙기 vs 쇠퇴기,25.2361,-0.5903,25.8264,171.3973,0.0,***
기본 재무비율,매출액증가율,도입기 vs 성장기,64.0043,15.3541,48.6502,17.2484,0.0006,***
기본 재무비율,매출액증가율,도입기 vs 성숙기,64.0043,26.1693,37.835,22.6334,0.0,***
기본 재무비율,매출액증가율,도입기 vs 쇠퇴기,64.0043,15.1043,48.9,33.4318,0.0,***
기본 재무비율,매출액증가율,성장기 vs 성숙기,15.3541,26.1693,-10.8152,0.9025,0.8248,n.s.
기본 재무비율,매출액증가율,성장기 vs 쇠퇴기,15.3541,15.1043,0.2498,0.0005,1.0,n.s.
기본 재무비율,매출액증가율,성숙기 vs 쇠퇴기,26.1693,15.1043,11.065,1.9157,0.5901,n.s.
기본 재무비율,영업이익증가율,도입기 vs 성장기,-37.6555,4.3109,-41.9664,13.878,0.0031,**
기본 재무비율,영업이익증가율,도입기 vs 성숙기,-37.6555,12.5135,-50.1689,43.0305,0.0,***
기본 재무비율,영업이익증가율,도입기 vs 쇠퇴기,-37.6555,-33.0147,-4.6408,0.3256,0.9551,n.s.
기본 재무비율,영업이익증가율,성장기 vs 성숙기,4.3109,12.5135,-8.2025,0.5613,0.9052,n.s.
기본 재무비율,영업이익증가율,성장기 vs 쇠퇴기,4.3109,-33.0147,37.3256,10.9256,0.0122,*
기본 재무비율,영업이익증가율,성숙기 vs 쇠퇴기,12.5135,-33.0147,45.5282,35.0702,0.0,***
기본 재무비율,순이익증가율,도입기 vs 성장기,-32.7729,7.38,-40.1529,9.9724,0.0189,*
기본 재무비율,순이익증가율,도입기 vs 성숙기,-32.7729,23.8589,-56.6318,43.04,0.0,***
기본 재무비율,순이익증가율,도입기 vs 쇠퇴기,-32.7729,-18.9512,-13.8217,2.267,0.5189,n.s.
기본 재무비율,순이익증가율,성장기 vs 성숙기,7.38,23.8589,-16.479,1.7784,0.6197,n.s.
기본 재무비율,순이익증가율,성장기 vs 쇠퇴기,7.38,-18.9512,26.3312,4.2679,0.2341,n.s.
기본 재무비율,순이익증가율,성숙기 vs 쇠퇴기,23.8589,-18.9512,42.8102,24.3398,0.0,***
기본 재무비율,EBITDA증가율,도입기 vs 성장기,-27.8366,6.9323,-34.7689,10.7897,0.013,*
기본 재무비율,EBITDA증가율,도입기 vs 성숙기,-27.8366,6.4251,-34.2616,22.7315,0.0,***
기본 재무비율,EBITDA증가율,도입기 vs 쇠퇴기,-27.8366,-32.8765,5.0399,0.435,0.9329,n.s.
기본 재무비율,EBITDA증가율,성장기 vs 성숙기,6.9323,6.4251,0.5072,0.0024,1.0,n.s.
기본 재무비율,EBITDA증가율,성장기 vs 쇠퇴기,6.9323,-32.8765,39.8088,14.0765,0.0028,**
기본 재무비율,EBITDA증가율,성숙기 vs 쇠퇴기,6.4251,-32.8765,39.3016,29.6009,0.0,***
기본 재무비율,총자산증가율,도입기 vs 성장기,4.3689,6.3324,-1.9635,1.0504,0.7891,n.s.
기본 재무비율,총자산증가율,도입기 vs 성숙기,4.3689,-9.6359,14.0048,115.9421,0.0,***
기본 재무비율,총자산증가율,도입기 vs 쇠퇴기,4.3689,-9.8755,14.2444,106.0611,0.0,***
기본 재무비율,총자산증가율,성장기 vs 성숙기,6.3324,-9.6359,15.9683,73.556,0.0,***
기본 재무비율,총자산증가율,성장기 vs 쇠퇴기,6.3324,-9.8755,16.2079,71.2303,0.0,***
기본 재무비율,총자산증가율,성숙기 vs 쇠퇴기,-9.6359,-9.8755,0.2396,0.0336,0.9984,n.s.
기본 재무비율,유형자산증가율,도입기 vs 성장기,90.1345,153.0166,-62.882,5.8523,0.1192,n.s.
기본 재무비율,유형자산증가율,도입기 vs 성숙기,90.1345,77.2112,12.9233,0.5363,0.9108,n.s.
기본 재무비율,유형자산증가율,도입기 vs 쇠퇴기,90.1345,67.8828,22.2517,1.4059,0.7042,n.s.
기본 재무비율,유형자산증가율,성장기 vs 성숙기,153.0166,77.2112,75.8053,9.0048,0.0293,*
기본 재무비율,유형자산증가율,성장기 vs 쇠퇴기,153.0166,67.8828,85.1337,10.6754,0.0137,*
기본 재무비율,유형자산증가율,성숙기 vs 쇠퇴기,77.2112,67.8828,9.3284,0.2765,0.9644,n.s.
기본 재무비율,자기자본증가율,도입기 vs 성장기,-21.3815,1.8789,-23.2605,39.6334,0.0,***
기본 재무비율,자기자본증가율,도입기 vs 성숙기,-21.3815,5.5506,-26.9321,115.2789,0.0,***
기본 재무비율,자기자본증가율,도입기 vs 쇠퇴기,-21.3815,-12.7413,-8.6403,10.4917,0.0149,*
기본 재무비율,자기자본증가율,성장기 vs 성숙기,1.8789,5.5506,-3.6717,1.0456,0.7902,n.s.
기본 재무비율,자기자본증가율,성장기 vs 쇠퇴기,1.8789,-12.7413,14.6202,15.5825,0.0014,**
기본 재무비율,자기자본증가율,성숙기 vs 쇠퇴기,5.5506,-12.7413,18.2918,52.6254,0.0,***
기본 재무비율,부채증가율,도입기 vs 성장기,13.7893,16.9242,-3.1348,1.1876,0.756,n.s.
기본 재무비율,부채증가율,도입기 vs 성숙기,13.7893,-10.2702,24.0595,151.7754,0.0,***
기본 재무비율,부채증가율,도입기 vs 쇠퇴기,13.7893,-3.7682,17.5575,71.4716,0.0,***
기본 재무비율,부채증가율,성장기 vs 성숙기,16.9242,-10.2702,27.1944,94.6235,0.0,***
기본 재무비율,부채증가율,성장기 vs 쇠퇴기,16.9242,-3.7682,20.6924,51.4958,0.0,***
기본 재무비율,부채증가율,성숙기 vs 쇠퇴기,-10.2702,-3.7682,-6.502,10.9696,0.012,*
기본 재무비율,영업현금흐름증가율,도입기 vs 성장기,-39.7356,69.4902,-109.2258,61.9151,0.0,***
기본 재무비율,영업현금흐름증가율,도입기 vs 성숙기,-39.7356,75.8806,-115.6162,150.5107,0.0,***
기본 재무비율,영업현금흐름증가율,도입기 vs 쇠퇴기,-39.7356,-41.4974,1.7618,0.0309,0.9986,n.s.
기본 재무비율,영업현금흐름증가율,성장기 vs 성숙기,69.4902,75.8806,-6.3904,0.2244,0.9736,n.s.
기본 재무비율,영업현금흐름증가율,성장기 vs 쇠퇴기,69.4902,-41.4974,110.9876,63.6212,0.0,***
기본 재무비율,영업현금흐름증가율,성숙기 vs 쇠퇴기,75.8806,-41.4974,117.378,153.5237,0.0,***
기본 재무비율,FCF증가율,도입기 vs 성장기,-73.0244,4.2944,-77.3188,15.7243,0.0013,**
기본 재무비율,FCF증가율,도입기 vs 성숙기,-73.0244,60.6877,-133.7121,102.0299,0.0,***
기본 재무비율,FCF증가율,도입기 vs 쇠퇴기,-73.0244,-69.0107,-4.0137,0.0813,0.994,n.s.
기본 재무비율,FCF증가율,성장기 vs 성숙기,4.2944,60.6877,-56.3933,8.8563,0.0314,*
기본 재무비율,FCF증가율,성장기 vs 쇠퇴기,4.2944,-69.0107,73.3051,14.0662,0.0028,**
기본 재무비율,FCF증가율,성숙기 vs 쇠퇴기,60.6877,-69.0107,129.6985,95.0009,0.0,***
기본 재무비율,ROA변화,도입기 vs 성장기,-1.792,-3.1409,1.3489,1.8917,0.5952,n.s.
기본 재무비율,ROA변화,도입기 vs 성숙기,-1.792,-2.099,0.307,0.2126,0.9755,n.s.
기본 재무비율,ROA변화,도입기 vs 쇠퇴기,-1.792,-4.0578,2.2658,10.2402,0.0167,*
기본 재무비율,ROA변화,성장기 vs 성숙기,-3.1409,-2.099,-1.0419,1.195,0.7542,n.s.
기본 재무비율,ROA변화,성장기 vs 쇠퇴기,-3.1409,-4.0578,0.9169,0.8699,0.8327,n.s.
기본 재무비율,ROA변화,성숙기 vs 쇠퇴기,-2.099,-4.0578,1.9589,8.5655,0.0358,*
기본 재무비율,영업이익률변화,도입기 vs 성장기,-36.1529,-19.1034,-17.0495,1.729,0.6305,n.s.
기본 재무비율,영업이익률변화,도입기 vs 성숙기,-36.1529,-12.4952,-23.6577,7.2228,0.0653,n.s.
기본 재무비율,영업이익률변화,도입기 vs 쇠퇴기,-36.1529,-35.9892,-0.1636,0.0003,1.0,n.s.
기본 재무비율,영업이익률변화,성장기 vs 성숙기,-19.1034,-12.4952,-6.6082,0.275,0.9647,n.s.
기본 재무비율,영업이익률변화,성장기 vs 쇠퇴기,-19.1034,-35.9892,16.8859,1.6879,0.6397,n.s.
기본 재무비율,영업이익률변화,성숙기 vs 쇠퇴기,-12.4952,-35.9892,23.494,7.0494,0.0705,n.s.
기본 재무비율,부채비율변화,도입기 vs 성장기,49.1932,32.7488,16.4444,0.2747,0.9647,n.s.
기본 재무비율,부채비율변화,도입기 vs 성숙기,49.1932,-93.3704,142.5636,44.7981,0.0,***
기본 재무비율,부채비율변화,도입기 vs 쇠퇴기,49.1932,4.18,45.0132,3.9491,0.2672,n.s.
기본 재무비율,부채비율변화,성장기 vs 성숙기,32.7488,-93.3704,126.1192,17.1088,0.0007,***
기본 재무비율,부채비율변화,성장기 vs 쇠퇴기,32.7488,4.18,28.5688,0.8252,0.8434,n.s.
기본 재무비율,부채비율변화,성숙기 vs 쇠퇴기,-93.3704,4.18,-97.5504,20.7574,0.0001,***
기본 재무비율,유동비율변화,도입기 vs 성장기,-36.476,-15.9794,-20.4966,0.1772,0.9812,n.s.
기본 재무비율,유동비율변화,도입기 vs 성숙기,-36.476,149.5356,-186.0116,31.6589,0.0,***
기본 재무비율,유동비율변화,도입기 vs 쇠퇴기,-36.476,51.3426,-87.8186,6.2398,0.1007,n.s.
기본 재무비율,유동비율변화,성장기 vs 성숙기,-15.9794,149.5356,-165.515,12.2322,0.0067,**
기본 재무비율,유동비율변화,성장기 vs 쇠퇴기,-15.9794,51.3426,-67.322,1.9022,0.593,n.s.
기본 재무비율,유동비율변화,성숙기 vs 쇠퇴기,149.5356,51.3426,98.193,8.7307,0.0332,*
