변수그룹,변수,F통계량,p값,유의성,Eta²,효과크기
기본 재무비율,부채비율,75.9728,0.0,***,0.072,중
기본 재무비율,총부채비율,187.9621,0.0,***,0.1611,대
기본 재무비율,장기부채비율,64.9724,0.0,***,0.0622,중
기본 재무비율,장기부채의존도,89.9549,0.0,***,0.0842,중
기본 재무비율,차입금의존도,213.1293,0.0,***,0.1788,대
기본 재무비율,순차입금비율,75.4019,0.0,***,0.0715,중
기본 재무비율,금융부채비율,75.6889,0.0,***,0.0718,중
기본 재무비율,자기자본비율,175.1859,0.0,***,0.1518,대
기본 재무비율,유보율,55.8148,0.0,***,0.0539,소
기본 재무비율,자본잠식률,36.7224,0.0,***,0.0362,소
기본 재무비율,유동비율,54.7459,0.0,***,0.053,소
기본 재무비율,당좌비율_추정,50.0809,0.0,***,0.0487,소
기본 재무비율,현금비율,44.5001,0.0,***,0.0435,소
기본 재무비율,순운전자본비율,136.6163,0.0,***,0.1225,중
기본 재무비율,순운전자본회전율,10.6547,1e-06,***,0.0108,소
기본 재무비율,금융비용부담률,159.3318,0.0,***,0.14,중
기본 재무비율,비유동비율,78.2179,0.0,***,0.074,중
기본 재무비율,비유동장기적합률,62.2327,0.0,***,0.0598,소
기본 재무비율,유형자산비율,52.8343,0.0,***,0.0512,소
기본 재무비율,유형자산부채비율,57.0651,0.0,***,0.0551,소
기본 재무비율,ROA,294.1777,0.0,***,0.2311,대
기본 재무비율,ROE,62.1051,0.0,***,0.0597,소
기본 재무비율,ROIC,236.9948,0.0,***,0.1949,대
기본 재무비율,총자본영업이익률,386.8233,0.0,***,0.2832,대
기본 재무비율,매출총이익률,68.3864,0.0,***,0.0653,중
기본 재무비율,영업이익률,92.5864,0.0,***,0.0864,중
기본 재무비율,순이익률,93.5101,0.0,***,0.0872,중
기본 재무비율,EBITDA마진,88.3995,0.0,***,0.0828,중
기본 재무비율,현금ROA,596.4348,0.0,***,0.3786,대
기본 재무비율,현금ROE,35.0261,0.0,***,0.0345,소
기본 재무비율,매출원가율,53.161,0.0,***,0.0515,소
기본 재무비율,판관비율,109.2243,0.0,***,0.1004,중
기본 재무비율,감가상각비율,126.9838,0.0,***,0.1148,중
기본 재무비율,총자산회전율,77.913,0.0,***,0.0737,중
기본 재무비율,유동자산회전율,23.3169,0.0,***,0.0233,소
기본 재무비율,비유동자산회전율,40.0634,0.0,***,0.0393,소
기본 재무비율,유형자산회전율,11.6583,0.0,***,0.0118,소
기본 재무비율,자기자본회전율,1.5576,0.197639,n.s.,0.0016,소
기본 재무비율,투하자본회전율,53.7591,0.0,***,0.0521,소
기본 재무비율,매출채권회전율,3.3915,0.017265,*,0.0035,소
기본 재무비율,매출채권회수기간,47.233,0.0,***,0.046,소
기본 재무비율,재고자산회전율,3.6224,0.012571,*,0.0037,소
기본 재무비율,재고자산보유기간,58.1428,0.0,***,0.0561,소
기본 재무비율,매입채무회전율,2.0955,0.098716,n.s.,0.0021,소
기본 재무비율,매입채무지급기간,59.9236,0.0,***,0.0577,소
기본 재무비율,현금전환주기_CCC,51.6885,0.0,***,0.0501,소
기본 재무비율,영업CF_유동부채,344.223,0.0,***,0.2601,대
기본 재무비율,영업CF_총부채,331.2651,0.0,***,0.2528,대
기본 재무비율,FCF,61.8216,0.0,***,0.0594,소
기본 재무비율,FCF_총자산,188.3559,0.0,***,0.1614,대
기본 재무비율,매출액증가율,26.3411,0.0,***,0.0262,소
기본 재무비율,영업이익증가율,21.1353,0.0,***,0.0211,소
기본 재무비율,순이익증가율,19.6009,0.0,***,0.0196,소
기본 재무비율,EBITDA증가율,18.7056,0.0,***,0.0187,소
기본 재무비율,총자산증가율,68.0889,0.0,***,0.065,중
기본 재무비율,유형자산증가율,32.0205,0.0,***,0.0317,소
기본 재무비율,자기자본증가율,33.7609,0.0,***,0.0333,소
기본 재무비율,부채증가율,27.5836,0.0,***,0.0274,소
기본 재무비율,영업현금흐름증가율,58.095,0.0,***,0.056,소
기본 재무비율,FCF증가율,17.7811,0.0,***,0.0178,소
기본 재무비율,ROA변화,9.953,2e-06,***,0.0101,소
기본 재무비율,영업이익률변화,8.8803,7e-06,***,0.009,소
기본 재무비율,부채비율변화,8.6333,1.1e-05,***,0.0087,소
기본 재무비율,유동비율변화,5.3306,0.001161,**,0.0054,소
전기대비_변화량(diff),종업원_diff,70.1766,0.0,***,0.0669,중
전기대비_변화량(diff),자산총계(요약)(백만원)_diff,163.7524,0.0,***,0.1433,대
전기대비_변화량(diff),투자활동으로 인한 현금흐름(요약)(백만원)_diff,171.1039,0.0,***,0.1488,대
전기대비_변화량(diff),재무활동으로 인한 현금흐름(요약)(백만원)_diff,74.3695,0.0,***,0.0706,중
전기대비_변화량(diff),부채비율_diff,74.3647,0.0,***,0.0706,중
전기대비_변화량(diff),총부채비율_diff,179.8386,0.0,***,0.1552,대
전기대비_변화량(diff),장기부채비율_diff,68.7636,0.0,***,0.0656,중
전기대비_변화량(diff),장기부채의존도_diff,118.1062,0.0,***,0.1077,중
전기대비_변화량(diff),차입금의존도_diff,219.3237,0.0,***,0.183,대
전기대비_변화량(diff),순차입금비율_diff,75.7929,0.0,***,0.0719,중
전기대비_변화량(diff),금융부채비율_diff,76.0792,0.0,***,0.0721,중
전기대비_변화량(diff),자기자본비율_diff,168.0159,0.0,***,0.1465,대
전기대비_변화량(diff),유보율_diff,30.9274,0.0,***,0.0306,소
전기대비_변화량(diff),자본잠식률_diff,16.5589,0.0,***,0.0166,소
전기대비_변화량(diff),유동비율_diff,56.6992,0.0,***,0.0547,소
전기대비_변화량(diff),당좌비율_추정_diff,52.3876,0.0,***,0.0508,소
전기대비_변화량(diff),현금비율_diff,47.3977,0.0,***,0.0462,소
전기대비_변화량(diff),순운전자본비율_diff,143.7347,0.0,***,0.128,중
전기대비_변화량(diff),순운전자본회전율_diff,1.2342,0.295638,n.s.,0.0013,소
전기대비_변화량(diff),금융비용부담률_diff,176.8285,0.0,***,0.153,대
전기대비_변화량(diff),비유동비율_diff,81.1799,0.0,***,0.0766,중
전기대비_변화량(diff),비유동장기적합률_diff,64.4078,0.0,***,0.0617,중
전기대비_변화량(diff),유형자산비율_diff,49.6415,0.0,***,0.0483,소
전기대비_변화량(diff),유형자산부채비율_diff,61.2457,0.0,***,0.0589,소
전기대비_변화량(diff),ROA_diff,319.6817,0.0,***,0.2462,대
전기대비_변화량(diff),ROE_diff,73.0122,0.0,***,0.0694,중
전기대비_변화량(diff),ROIC_diff,258.7564,0.0,***,0.2091,대
전기대비_변화량(diff),총자본영업이익률_diff,409.0885,0.0,***,0.2947,대
전기대비_변화량(diff),매출총이익률_diff,58.9159,0.0,***,0.0568,소
전기대비_변화량(diff),영업이익률_diff,91.7993,0.0,***,0.0857,중
전기대비_변화량(diff),순이익률_diff,102.1936,0.0,***,0.0945,중
전기대비_변화량(diff),EBITDA마진_diff,86.5023,0.0,***,0.0812,중
전기대비_변화량(diff),영업현금흐름비율_diff,82.6183,0.0,***,0.0778,중
전기대비_변화량(diff),현금ROA_diff,625.2502,0.0,***,0.3897,대
전기대비_변화량(diff),현금ROE_diff,46.0293,0.0,***,0.0449,소
전기대비_변화량(diff),매출원가율_diff,43.3847,0.0,***,0.0424,소
전기대비_변화량(diff),판관비율_diff,114.2687,0.0,***,0.1045,중
전기대비_변화량(diff),감가상각비율_diff,138.0342,0.0,***,0.1236,중
전기대비_변화량(diff),총자산회전율_diff,127.5682,0.0,***,0.1153,중
전기대비_변화량(diff),유동자산회전율_diff,54.4066,0.0,***,0.0526,소
전기대비_변화량(diff),비유동자산회전율_diff,55.2012,0.0,***,0.0534,소
전기대비_변화량(diff),유형자산회전율_diff,12.1874,0.0,***,0.0123,소
전기대비_변화량(diff),자기자본회전율_diff,3.0924,0.025977,*,0.0031,소
전기대비_변화량(diff),투하자본회전율_diff,90.3066,0.0,***,0.0845,중
전기대비_변화량(diff),매출채권회전율_diff,1.8438,0.137028,n.s.,0.0019,소
전기대비_변화량(diff),매출채권회수기간_diff,44.535,0.0,***,0.0435,소
전기대비_변화량(diff),재고자산회전율_diff,6.1809,0.000349,***,0.0063,소
전기대비_변화량(diff),재고자산보유기간_diff,105.0211,0.0,***,0.0969,중
전기대비_변화량(diff),매입채무회전율_diff,1.2887,0.2765,n.s.,0.0013,소
전기대비_변화량(diff),매입채무지급기간_diff,57.7687,0.0,***,0.0557,소
전기대비_변화량(diff),현금전환주기_CCC_diff,87.306,0.0,***,0.0819,중
전기대비_변화량(diff),영업CF_유동부채_diff,374.9793,0.0,***,0.2769,대
전기대비_변화량(diff),영업CF_총부채_diff,353.7906,0.0,***,0.2655,대
전기대비_변화량(diff),FCF_diff,158.064,0.0,***,0.139,중
전기대비_변화량(diff),FCF_총자산_diff,221.2776,0.0,***,0.1844,대
전기대비_변화량(diff),매출액증가율_diff,20.7524,0.0,***,0.0208,소
전기대비_변화량(diff),영업이익증가율_diff,33.2933,0.0,***,0.0329,소
전기대비_변화량(diff),순이익증가율_diff,139.5299,0.0,***,0.1247,중
전기대비_변화량(diff),EBITDA증가율_diff,25.5034,0.0,***,0.0254,소
전기대비_변화량(diff),총자산증가율_diff,68.6989,0.0,***,0.0656,중
전기대비_변화량(diff),유형자산증가율_diff,25.7248,0.0,***,0.0256,소
전기대비_변화량(diff),자기자본증가율_diff,46.4267,0.0,***,0.0453,소
전기대비_변화량(diff),부채증가율_diff,21.5278,0.0,***,0.0215,소
전기대비_변화량(diff),영업현금흐름증가율_diff,21.8561,0.0,***,0.0218,소
전기대비_변화량(diff),FCF증가율_diff,27.3639,0.0,***,0.0272,소
전기대비_변화량(diff),ROA변화_diff,9.6417,2e-06,***,0.0098,소
전기대비_변화량(diff),영업이익률변화_diff,10.4797,1e-06,***,0.0106,소
전기대비_변화량(diff),부채비율변화_diff,9.938,2e-06,***,0.01,소
전기대비_변화량(diff),유동비율변화_diff,9.3814,4e-06,***,0.0095,소
전기대비_변화량(diff),부실라벨_ICR3년_diff,327.1368,0.0,***,0.2505,대
전기대비_변화량(diff),업력_diff,17.2623,0.0,***,0.0173,소
전기대비_변화량(diff),빅4감사_diff,7.4145,6e-05,***,0.0075,소
전기대비_비율(ratio),종업원_ratio,16.1918,0.0,***,0.0163,소
전기대비_비율(ratio),자산총계(요약)(백만원)_ratio,4.1594,0.005979,**,0.0042,소
전기대비_비율(ratio),투자활동으로 인한 현금흐름(요약)(백만원)_ratio,48.594,0.0,***,0.0473,소
전기대비_비율(ratio),재무활동으로 인한 현금흐름(요약)(백만원)_ratio,8.9086,7e-06,***,0.009,소
전기대비_비율(ratio),부채비율_ratio,68.4196,0.0,***,0.0653,중
전기대비_비율(ratio),총부채비율_ratio,179.7656,0.0,***,0.1551,대
전기대비_비율(ratio),장기부채비율_ratio,69.0423,0.0,***,0.0659,중
전기대비_비율(ratio),장기부채의존도_ratio,102.1803,0.0,***,0.0945,중
전기대비_비율(ratio),차입금의존도_ratio,209.6022,0.0,***,0.1763,대
전기대비_비율(ratio),순차입금비율_ratio,76.9525,0.0,***,0.0729,중
전기대비_비율(ratio),금융부채비율_ratio,77.3292,0.0,***,0.0732,중
전기대비_비율(ratio),자기자본비율_ratio,165.578,0.0,***,0.1447,대
전기대비_비율(ratio),유보율_ratio,52.5322,0.0,***,0.0509,소
전기대비_비율(ratio),자본잠식률_ratio,48.4188,0.0,***,0.0471,소
전기대비_비율(ratio),유동비율_ratio,55.7574,0.0,***,0.0539,소
전기대비_비율(ratio),당좌비율_추정_ratio,52.5416,0.0,***,0.0509,소
전기대비_비율(ratio),현금비율_ratio,47.5052,0.0,***,0.0463,소
전기대비_비율(ratio),순운전자본비율_ratio,142.0304,0.0,***,0.1267,중
전기대비_비율(ratio),순운전자본회전율_ratio,5.0408,0.001744,**,0.0051,소
전기대비_비율(ratio),금융비용부담률_ratio,159.4869,0.0,***,0.1401,대
전기대비_비율(ratio),비유동비율_ratio,77.3664,0.0,***,0.0732,중
전기대비_비율(ratio),비유동장기적합률_ratio,62.8799,0.0,***,0.0604,중
전기대비_비율(ratio),유형자산비율_ratio,50.4905,0.0,***,0.049,소
전기대비_비율(ratio),유형자산부채비율_ratio,60.8014,0.0,***,0.0585,소
전기대비_비율(ratio),ROA_ratio,284.5953,0.0,***,0.2252,대
전기대비_비율(ratio),ROE_ratio,87.2004,0.0,***,0.0818,중
전기대비_비율(ratio),ROIC_ratio,245.7232,0.0,***,0.2006,대
전기대비_비율(ratio),총자본영업이익률_ratio,358.9388,0.0,***,0.2683,대
전기대비_비율(ratio),매출총이익률_ratio,59.1618,0.0,***,0.057,소
전기대비_비율(ratio),영업이익률_ratio,94.9066,0.0,***,0.0884,중
전기대비_비율(ratio),순이익률_ratio,85.5232,0.0,***,0.0803,중
전기대비_비율(ratio),EBITDA마진_ratio,86.3936,0.0,***,0.0811,중
전기대비_비율(ratio),영업현금흐름비율_ratio,81.6022,0.0,***,0.0769,중
전기대비_비율(ratio),현금ROA_ratio,519.5398,0.0,***,0.3467,대
전기대비_비율(ratio),현금ROE_ratio,45.2735,0.0,***,0.0442,소
전기대비_비율(ratio),매출원가율_ratio,43.6,0.0,***,0.0426,소
전기대비_비율(ratio),판관비율_ratio,123.8378,0.0,***,0.1123,중
전기대비_비율(ratio),감가상각비율_ratio,136.2364,0.0,***,0.1222,중
전기대비_비율(ratio),총자산회전율_ratio,122.2461,0.0,***,0.111,중
전기대비_비율(ratio),유동자산회전율_ratio,50.7065,0.0,***,0.0492,소
전기대비_비율(ratio),비유동자산회전율_ratio,53.0178,0.0,***,0.0514,소
전기대비_비율(ratio),유형자산회전율_ratio,13.6671,0.0,***,0.0138,소
전기대비_비율(ratio),자기자본회전율_ratio,3.2376,0.021311,*,0.0033,소
전기대비_비율(ratio),투하자본회전율_ratio,86.8637,0.0,***,0.0815,중
전기대비_비율(ratio),매출채권회전율_ratio,2.0674,0.102428,n.s.,0.0021,소
전기대비_비율(ratio),매출채권회수기간_ratio,47.9641,0.0,***,0.0467,소
전기대비_비율(ratio),재고자산회전율_ratio,7.3259,6.8e-05,***,0.0074,소
전기대비_비율(ratio),재고자산보유기간_ratio,92.7165,0.0,***,0.0865,중
전기대비_비율(ratio),매입채무회전율_ratio,0.8634,0.459344,n.s.,0.0009,소
전기대비_비율(ratio),매입채무지급기간_ratio,61.9577,0.0,***,0.0595,소
전기대비_비율(ratio),현금전환주기_CCC_ratio,43.2545,0.0,***,0.0423,소
전기대비_비율(ratio),영업CF_유동부채_ratio,331.5028,0.0,***,0.253,대
전기대비_비율(ratio),영업CF_총부채_ratio,312.04,0.0,***,0.2417,대
전기대비_비율(ratio),FCF_ratio,10.793,0.0,***,0.0109,소
전기대비_비율(ratio),FCF_총자산_ratio,31.7142,0.0,***,0.0314,소
전기대비_비율(ratio),매출액증가율_ratio,1.8058,0.143912,n.s.,0.0018,소
전기대비_비율(ratio),영업이익증가율_ratio,8.1036,2.3e-05,***,0.0082,소
전기대비_비율(ratio),순이익증가율_ratio,8.2836,1.7e-05,***,0.0084,소
전기대비_비율(ratio),EBITDA증가율_ratio,6.672,0.000174,***,0.0068,소
전기대비_비율(ratio),총자산증가율_ratio,1.2494,0.290184,n.s.,0.0013,소
전기대비_비율(ratio),유형자산증가율_ratio,45.4561,0.0,***,0.0444,소
전기대비_비율(ratio),자기자본증가율_ratio,25.0875,0.0,***,0.025,소
전기대비_비율(ratio),부채증가율_ratio,10.8387,0.0,***,0.0109,소
전기대비_비율(ratio),영업현금흐름증가율_ratio,37.1447,0.0,***,0.0366,소
전기대비_비율(ratio),FCF증가율_ratio,15.4765,0.0,***,0.0156,소
전기대비_비율(ratio),ROA변화_ratio,5.0171,0.001804,**,0.0051,소
전기대비_비율(ratio),영업이익률변화_ratio,13.4431,0.0,***,0.0135,소
전기대비_비율(ratio),부채비율변화_ratio,2.8295,0.037104,*,0.0029,소
전기대비_비율(ratio),유동비율변화_ratio,2.1465,0.092317,n.s.,0.0022,소
전기대비_비율(ratio),부실라벨_ICR3년_ratio,63.4913,0.0,***,0.07,중
전기대비_비율(ratio),업력_ratio,19.25,0.0,***,0.0193,소
전기대비_비율(ratio),빅4감사_ratio,7.4145,6e-05,***,0.0075,소
산업대비_변화량(diff_industry),매출액영업이익률_diff_industry,92.4746,0.0,***,0.0863,중
산업대비_변화량(diff_industry),EBIT대매출액_diff_industry,92.4292,0.0,***,0.0863,중
산업대비_변화량(diff_industry),EBITDA대매출액_diff_industry,88.0877,0.0,***,0.0825,중
산업대비_변화량(diff_industry),매출원가대매출액_diff_industry,45.6602,0.0,***,0.0446,소
산업대비_변화량(diff_industry),매출액순이익률_diff_industry,93.5335,0.0,***,0.0872,중
산업대비_변화량(diff_industry),사내유보율_diff_industry,55.8148,0.0,***,0.0539,소
산업대비_변화량(diff_industry),금융비용대매출액_diff_industry,163.5025,0.0,***,0.1431,대
산업대비_변화량(diff_industry),자기자본비율_diff_industry,161.807,0.0,***,0.1418,대
산업대비_변화량(diff_industry),부채비율_diff_industry,74.8489,0.0,***,0.071,중
산업대비_변화량(diff_industry),유동비율_diff_industry,54.006,0.0,***,0.0523,소
산업대비_변화량(diff_industry),당좌비율_diff_industry,49.7378,0.0,***,0.0483,소
산업대비_변화량(diff_industry),현금비율_diff_industry,43.1239,0.0,***,0.0422,소
산업대비_변화량(diff_industry),순운전자본대총자본_diff_industry,133.7916,0.0,***,0.1202,중
산업대비_변화량(diff_industry),비유동비율_diff_industry,77.6896,0.0,***,0.0735,중
산업대비_변화량(diff_industry),비유동장기적합률_diff_industry,62.0351,0.0,***,0.0596,소
산업대비_변화량(diff_industry),차입금의존도_diff_industry,203.7883,0.0,***,0.1723,대
산업대비_변화량(diff_industry),총자산회전율_diff_industry,110.7729,0.0,***,0.1016,중
산업대비_변화량(diff_industry),자기자본회전율_diff_industry,3.7726,0.010219,*,0.0038,소
산업대비_변화량(diff_industry),비유동자산회전율_diff_industry,48.5875,0.0,***,0.0473,소
산업대비_변화량(diff_industry),유형자산회전율_diff_industry,12.3474,0.0,***,0.0125,소
산업대비_변화량(diff_industry),재고자산회전율_diff_industry,4.5305,0.003565,**,0.0046,소
산업대비_변화량(diff_industry),매출채권회전율_diff_industry,4.0847,0.006633,**,0.0042,소
산업대비_변화량(diff_industry),매입채무회전율_diff_industry,2.4286,0.063545,n.s.,0.0025,소
산업대비_변화량(diff_industry),총자산증가율_diff_industry,66.6212,0.0,***,0.0637,중
산업대비_변화량(diff_industry),유형자산증가율_diff_industry,29.9154,0.0,***,0.0297,소
산업대비_변화량(diff_industry),자기자본증가율_diff_industry,32.4684,0.0,***,0.0321,소
산업대비_변화량(diff_industry),매출액증가율_diff_industry,26.209,0.0,***,0.0261,소
산업대비_비율(ratio_industry),매출액영업이익률_ratio_industry,91.3743,0.0,***,0.0854,중
산업대비_비율(ratio_industry),EBIT대매출액_ratio_industry,95.0932,0.0,***,0.0885,중
산업대비_비율(ratio_industry),EBITDA대매출액_ratio_industry,89.6102,0.0,***,0.0839,중
산업대비_비율(ratio_industry),매출원가대매출액_ratio_industry,45.3001,0.0,***,0.0442,소
산업대비_비율(ratio_industry),매출액순이익률_ratio_industry,94.1951,0.0,***,0.0878,중
산업대비_비율(ratio_industry),사내유보율_ratio_industry,55.7839,0.0,***,0.0539,소
산업대비_비율(ratio_industry),금융비용대매출액_ratio_industry,163.2779,0.0,***,0.1429,대
산업대비_비율(ratio_industry),자기자본비율_ratio_industry,156.3123,0.0,***,0.1377,중
산업대비_비율(ratio_industry),부채비율_ratio_industry,69.9687,0.0,***,0.0667,중
산업대비_비율(ratio_industry),유동비율_ratio_industry,52.7529,0.0,***,0.0511,소
산업대비_비율(ratio_industry),당좌비율_ratio_industry,49.7017,0.0,***,0.0483,소
산업대비_비율(ratio_industry),현금비율_ratio_industry,40.8821,0.0,***,0.0401,소
산업대비_비율(ratio_industry),순운전자본대총자본_ratio_industry,132.7805,0.0,***,0.1194,중
산업대비_비율(ratio_industry),비유동비율_ratio_industry,75.3336,0.0,***,0.0715,중
산업대비_비율(ratio_industry),비유동장기적합률_ratio_industry,62.0192,0.0,***,0.0596,소
산업대비_비율(ratio_industry),차입금의존도_ratio_industry,201.6829,0.0,***,0.1708,대
산업대비_비율(ratio_industry),총자산회전율_ratio_industry,93.8962,0.0,***,0.0875,중
산업대비_비율(ratio_industry),자기자본회전율_ratio_industry,1.8071,0.143671,n.s.,0.0018,소
산업대비_비율(ratio_industry),비유동자산회전율_ratio_industry,42.786,0.0,***,0.0419,소
산업대비_비율(ratio_industry),유형자산회전율_ratio_industry,12.7063,0.0,***,0.0128,소
산업대비_비율(ratio_industry),재고자산회전율_ratio_industry,4.587,0.003295,**,0.0047,소
산업대비_비율(ratio_industry),매출채권회전율_ratio_industry,4.2181,0.005511,**,0.0043,소
산업대비_비율(ratio_industry),매입채무회전율_ratio_industry,2.5423,0.054597,n.s.,0.0026,소
산업대비_비율(ratio_industry),총자산증가율_ratio_industry,68.5567,0.0,***,0.0654,중
산업대비_비율(ratio_industry),유형자산증가율_ratio_industry,30.7336,0.0,***,0.0304,소
산업대비_비율(ratio_industry),자기자본증가율_ratio_industry,34.3675,0.0,***,0.0339,소
산업대비_비율(ratio_industry),매출액증가율_ratio_industry,17.1733,0.0,***,0.0172,소
