사업자등록번호,회사명,prob_2014,prob_2015,prob_2016,prob_2017,prob_2018,prob_2019,prob_2020,prob_2021,prob_2022,prob_2023,prob_2024,diff_2014_2015,diff_2015_2016,diff_2016_2017,diff_2017_2018,diff_2018_2019,diff_2019_2020,diff_2020_2021,diff_2021_2022,diff_2022_2023,diff_2023_2024,risk_score
4098618813,이한모터서비스주식회사,,,,0.0018,0.0041,0.004,0.0058,0.0006,0.0043,0.2001,0.568,0.0,0.0,0.0,0.0023,-0.0001,0.0018,-0.0052,0.0037,0.1958,0.3679,97.65
6648602126,아덴힐리조트앤골프주식회사,,,,,,,,0.0009,0.0155,0.0327,0.6445,0.0,0.0,0.0,0.0,0.0,0.0,0.0,0.0146,0.0172,0.6118,97.58
4108707666,(주)큐에이드,,,0.0008,0.0164,0.0097,0.0027,0.002,0.0005,0.0019,0.0263,0.6684,0.0,0.0,0.0156,-0.0067,-0.007,-0.0007,-0.0015,0.0014,0.0244,0.6421,97.38
5038150750,케이지모빌리티대구서비스센터주식회사,0.0035,0.0016,0.0081,0.0251,0.0099,0.111,0.0762,0.0266,0.0814,0.2615,0.4943,-0.0019,0.0065,0.017,-0.0152,0.1011,-0.0348,-0.0496,0.0548,0.1801,0.2328,97.35
8488600255,(주)천일산업개발,,,,,,,,0.0036,0.1332,0.238,0.3517,0.0,0.0,0.0,0.0,0.0,0.0,0.0,0.1296,0.1048,0.1137,96.31
2318700643,주식회사혁진,,,,,0.0042,0.027,0.004,0.0009,0.0044,0.0181,0.3803,0.0,0.0,0.0,0.0,0.0228,-0.023,-0.0031,0.0035,0.0137,0.3622,96.06
2208837259,(주)쥬비스다이어트,,,,,0.0003,0.0008,0.0016,0.0003,0.0015,0.0165,0.3511,0.0,0.0,0.0,0.0,0.0005,0.0008,-0.0013,0.0012,0.015,0.3346,95.26
4088143629,영암관광개발(주),0.0022,0.0196,0.0098,0.01,0.0025,0.0109,0.0545,0.0013,0.01,0.0178,0.3321,0.0174,-0.0098,0.0002,-0.0075,0.0084,0.0436,-0.0532,0.0087,0.0078,0.3143,95.26
1398130664,승일자동차공업(주),,,0.0011,0.0041,0.0029,0.0029,0.004,0.0016,0.0143,0.1473,0.2419,0.0,0.0,0.003,-0.0012,0.0,0.0011,-0.0024,0.0127,0.133,0.0946,94.42
6178136528,주식회사우창,0.0005,0.0015,0.0033,0.0027,0.0012,0.0025,,0.0009,0.0084,0.0258,0.2162,0.001,0.0018,-0.0006,-0.0015,0.0013,0.0,0.0,0.0075,0.0174,0.1904,93.63
3638601355,주식회사아떼오드,,,,,,,,,0.0001,0.3481,0.5249,0.0,0.0,0.0,0.0,0.0,0.0,0.0,0.0,0.348,0.1768,93.38
8138102650,(주)더존비앤씨티,,,,,,,,,0.0003,0.7404,0.7595,0.0,0.0,0.0,0.0,0.0,0.0,0.0,0.0,0.7401,0.0191,93.33
8828702250,새방,,,,,,,,,0.0001,0.1646,0.4437,0.0,0.0,0.0,0.0,0.0,0.0,0.0,0.0,0.1645,0.2791,93.26
1278802034,주식회사더플레이어스,,,,,,,0.0004,0.001,0.0036,0.0299,0.1838,0.0,0.0,0.0,0.0,0.0,0.0,0.0006,0.0026,0.0263,0.1539,92.63
3218601900,주식회사영선개발,,,,,,,,,0.0002,0.1015,0.3433,0.0,0.0,0.0,0.0,0.0,0.0,0.0,0.0,0.1013,0.2418,92.25
1358144360,(주)수지자동차,,,,,,,,0.0015,0.0076,0.059,0.1431,0.0,0.0,0.0,0.0,0.0,0.0,0.0,0.0061,0.0514,0.0841,92.23
1248603520,주식회사리더스,0.0029,0.0175,0.0135,0.0018,0.0003,0.0014,0.0006,0.0004,0.0011,0.0185,0.1071,0.0146,-0.004,-0.0117,-0.0015,0.0011,-0.0008,-0.0002,0.0007,0.0174,0.0886,90.91
3498601010,(주)히어로플레이파크,,,,,,,,,0.0002,0.0058,0.273,0.0,0.0,0.0,0.0,0.0,0.0,0.0,0.0,0.0056,0.2672,90.55
6958800408,주식회사록,,,0.0004,0.0763,0.0006,0.0009,0.0035,0.0006,0.0009,0.0105,0.0927,0.0,0.0,0.0759,-0.0757,0.0003,0.0026,-0.0029,0.0003,0.0096,0.0822,89.99
1788800577,주식회사위더스,,,,,,,,,0.0001,0.0034,0.2292,0.0,0.0,0.0,0.0,0.0,0.0,0.0,0.0,0.0033,0.2258,89.55
4418700411,소닉모터스(주),,,,,,,0.0025,0.2498,0.0065,0.0575,0.7882,0.0,0.0,0.0,0.0,0.0,0.0,0.2473,-0.2433,0.051,0.7307,89.49
2148660654,현대강남자동차서비스(주),,,0.001,0.0053,0.0046,0.0121,0.0024,0.0021,0.0065,0.0216,0.0616,0.0,0.0,0.0043,-0.0007,0.0075,-0.0097,-0.0003,0.0044,0.0151,0.04,89.18
6078195670,주식회사우창금정,,,,,,,,,0.0001,0.011,0.1651,0.0,0.0,0.0,0.0,0.0,0.0,0.0,0.0,0.0109,0.1541,88.64
6158138059,주식회사리더스컨트리클럽,0.0237,0.0548,0.0605,0.0465,0.0218,0.0239,0.0056,0.0005,0.0017,0.0106,0.0467,0.0311,0.0057,-0.014,-0.0247,0.0021,-0.0183,-0.0051,0.0012,0.0089,0.0361,87.22
4618100989,주식회사칼라디움,,,,,0.0049,0.0375,0.2802,0.0631,0.0399,0.1401,0.3205,0.0,0.0,0.0,0.0,0.0326,0.2427,-0.2171,-0.0232,0.1002,0.1804,87.13
6078167039,협신자동차서비스(주),,,,,,0.0021,0.0389,0.004,0.0058,0.0119,0.045,0.0,0.0,0.0,0.0,0.0,0.0368,-0.0349,0.0018,0.0061,0.0331,87.07
1078713471,(주)엠비씨플레이비,0.008,0.0021,0.0055,0.0019,0.0023,0.0004,0.0348,0.0283,0.0105,0.0516,0.2897,-0.0059,0.0034,-0.0036,0.0004,-0.0019,0.0344,-0.0065,-0.0178,0.0411,0.2381,86.77
1318152801,(주)대호아이알,0.0031,0.0058,0.005,0.0075,0.0007,0.0042,0.0028,0.0007,0.001,0.0261,0.0391,0.0027,-0.0008,0.0025,-0.0068,0.0035,-0.0014,-0.0021,0.0003,0.0251,0.013,86.03
7498801233,죽향산업주식회사,,,,,,0.0037,0.006,0.0026,0.0014,0.0467,0.1862,0.0,0.0,0.0,0.0,0.0,0.0023,-0.0034,-0.0012,0.0453,0.1395,85.83
2208743040,(주)쇼플레이,,,,,,,,,0.0002,0.0013,0.0727,0.0,0.0,0.0,0.0,0.0,0.0,0.0,0.0,0.0011,0.0714,85.24
1248158485,삼성전자서비스주식회사,0.0043,0.017,0.0269,0.005,0.0455,0.0288,0.0791,0.0011,0.0041,0.0045,0.034,0.0127,0.0099,-0.0219,0.0405,-0.0167,0.0503,-0.078,0.003,0.0004,0.0295,84.95
1148161794,(주)세영디앤씨,,,,,,,,,0.0001,0.0139,0.0568,0.0,0.0,0.0,0.0,0.0,0.0,0.0,0.0,0.0138,0.0429,84.8
6168140053,(주)더원,0.0005,0.0008,0.0026,0.0004,0.0002,0.0004,0.0263,0.0235,0.3332,0.2861,0.6592,0.0003,0.0018,-0.0022,-0.0002,0.0002,0.0259,-0.0028,0.3097,-0.0471,0.3731,84.65
7228701696,(주)쥬쥬랜드,,,,,,,,0.002,0.3934,0.1078,0.679,0.0,0.0,0.0,0.0,0.0,0.0,0.0,0.3914,-0.2856,0.5712,84.64
5058129480,(주)경주신라컨트리클럽,0.0461,0.0281,0.0158,0.0166,0.0127,0.1125,0.0057,0.0009,0.0098,0.0099,0.0328,-0.018,-0.0123,0.0008,-0.0039,0.0998,-0.1068,-0.0048,0.0089,0.0001,0.0229,84.38
4078114403,신한레저주식회사,0.002,0.0013,0.0051,0.0011,0.0009,0.0029,0.0023,0.0006,0.0108,0.0111,0.028,-0.0007,0.0038,-0.004,-0.0002,0.002,-0.0006,-0.0017,0.0102,0.0003,0.0169,83.84
7978701900,레인보우(주),,,,,,,,0.0016,0.0292,0.0125,0.3791,0.0,0.0,0.0,0.0,0.0,0.0,0.0,0.0276,-0.0167,0.3666,83.14
2588601806,주식회사희경이엔씨,,,,,,,,0.0028,0.0016,0.0038,0.0869,0.0,0.0,0.0,0.0,0.0,0.0,0.0,-0.0012,0.0022,0.0831,82.74
8718701469,주식회사파인비치,,,,,,0.0025,0.0065,0.0007,0.0008,0.0028,0.0193,0.0,0.0,0.0,0.0,0.0,0.004,-0.0058,0.0001,0.002,0.0165,82.57
2148733208,제이타우젠트주식회사,0.029,0.0408,0.017,0.019,0.0113,0.0029,0.004,0.0018,0.0016,0.0039,0.0693,0.0118,-0.0238,0.002,-0.0077,-0.0084,0.0011,-0.0022,-0.0002,0.0023,0.0654,82.54
4328601312,(주)펀인스퀘어,,,,,,,,0.0014,0.0107,0.0064,0.3131,0.0,0.0,0.0,0.0,0.0,0.0,0.0,0.0093,-0.0043,0.3067,82.19
1348638098,(주)더헤븐리조트,0.0294,0.0154,0.0598,0.1421,0.0084,0.0196,0.0697,0.0176,0.0052,0.0156,0.086,-0.014,0.0444,0.0823,-0.1337,0.0112,0.0501,-0.0521,-0.0124,0.0104,0.0704,82.09
1058137005,해비치컨트리클럽주식회사,0.04,0.0261,0.0395,0.0378,0.039,0.0124,0.4327,0.1217,0.0408,0.0573,0.0896,-0.0139,0.0134,-0.0017,0.0012,-0.0266,0.4203,-0.311,-0.0809,0.0165,0.0323,81.82
7818601607,(주)갤럭시코퍼레이션,,,,,,,0.0021,0.0437,0.0398,0.0536,0.075,0.0,0.0,0.0,0.0,0.0,0.0,0.0416,-0.0039,0.0138,0.0214,81.58
2128104286,(주)원천기업,,0.0009,0.2387,0.1199,0.034,0.0654,,,,0.0412,0.125,0.0,0.2378,-0.1188,-0.0859,0.0314,0.0,0.0,0.0,0.0,0.0838,81.58
5058127750,(주)피엠피,0.0814,0.0133,0.0733,0.0243,0.0564,0.0789,0.0535,0.0204,0.0095,0.0097,0.0999,-0.0681,0.06,-0.049,0.0321,0.0225,-0.0254,-0.0331,-0.0109,0.0002,0.0902,81.26
6218603021,(주)대원크리닝,,,,,,,,,0.0001,0.0033,0.0268,0.0,0.0,0.0,0.0,0.0,0.0,0.0,0.0,0.0032,0.0235,81.1
1298658694,주식회사다온플랜,0.0297,0.0118,0.0155,0.0286,0.0325,0.0257,0.0303,0.0281,0.0627,0.0229,0.2495,-0.0179,0.0037,0.0131,0.0039,-0.0068,0.0046,-0.0022,0.0346,-0.0398,0.2266,80.96
1108146807,(주)유니디아,,,,,0.0039,0.0137,0.007,0.0037,0.0466,0.037,0.2418,0.0,0.0,0.0,0.0,0.0098,-0.0067,-0.0033,0.0429,-0.0096,0.2048,80.95
1288106238,주식회사올림픽컨트리클럽,0.0005,0.001,,,,,,0.0009,0.0003,0.0006,0.0648,0.0005,0.0,0.0,0.0,0.0,0.0,0.0,-0.0006,0.0003,0.0642,80.83
3718102030,주식회사금천레저,,,,,,,,0.0075,0.0592,0.0577,0.1855,0.0,0.0,0.0,0.0,0.0,0.0,0.0,0.0517,-0.0015,0.1278,80.59
6308101041,주식회사유심천레저산업,,,,,0.0046,0.3866,0.0192,0.0543,0.3131,0.0496,0.2038,0.0,0.0,0.0,0.0,0.382,-0.3674,0.0351,0.2588,-0.2635,0.1542,80.09
4338101168,나이스엔지니어링(주),,,,,0.0008,0.036,0.0054,0.0019,0.0036,0.006,0.0135,0.0,0.0,0.0,0.0,0.0352,-0.0306,-0.0035,0.0017,0.0024,0.0075,80.04
6108177872,(주)고암개발,0.0048,0.0323,0.038,0.0325,0.0199,0.0155,0.006,0.0008,0.0009,0.0014,0.0136,0.0275,0.0057,-0.0055,-0.0126,-0.0044,-0.0095,-0.0052,0.0001,0.0005,0.0122,79.09
1328153900,(주)나인스포렉스,0.0032,0.0143,0.0121,0.0094,0.0016,0.0037,0.0038,0.0014,0.0029,0.0054,0.0111,0.0111,-0.0022,-0.0027,-0.0078,0.0021,0.0001,-0.0024,0.0015,0.0025,0.0057,78.45
5128110354,한맥개발주식회사,0.0021,0.0028,0.0423,0.0085,0.0008,0.0053,0.003,0.0016,0.0013,0.0034,0.0281,0.0007,0.0395,-0.0338,-0.0077,0.0045,-0.0023,-0.0014,-0.0003,0.0021,0.0247,78.34
1058765842,(주)라이브네이션코리아,0.0914,0.0046,0.0017,0.0021,0.0019,0.003,0.0492,,0.0783,0.0028,0.2539,-0.0868,-0.0029,0.0004,-0.0002,0.0011,0.0462,0.0,0.0,-0.0755,0.2511,76.99
4158137519,솔라시도골프앤빌리지(주),,,,,,,0.0057,0.0869,0.001,0.0014,0.039,0.0,0.0,0.0,0.0,0.0,0.0,0.0812,-0.0859,0.0004,0.0376,76.91
8668700833,주식회사동행복권,,,,,,0.0011,0.0017,0.0035,0.0024,0.0043,0.0205,0.0,0.0,0.0,0.0,0.0,0.0006,0.0018,-0.0011,0.0019,0.0162,76.43
5638801454,골프존지디알아카데미주식회사,,,,,,,0.0008,0.0143,0.0009,0.0156,0.025,0.0,0.0,0.0,0.0,0.0,0.0,0.0135,-0.0134,0.0147,0.0094,76.24
5038162713,(주)누가개발,0.0199,0.114,0.1301,0.014,0.0199,0.027,0.0083,0.0016,0.0029,0.0031,0.0093,0.0941,0.0161,-0.1161,0.0059,0.0071,-0.0187,-0.0067,0.0013,0.0002,0.0062,76.24
8148100577,주식회사대창기업,,,,,0.0062,0.3752,0.0161,0.0027,0.0495,0.0188,0.0611,0.0,0.0,0.0,0.0,0.369,-0.3591,-0.0134,0.0468,-0.0307,0.0423,75.94
4128139648,해피니스컨트리클럽주식회사,0.0307,0.0489,0.0105,0.0402,0.3075,0.0354,0.0062,0.0005,0.0015,0.0032,0.0081,0.0182,-0.0384,0.0297,0.2673,-0.2721,-0.0292,-0.0057,0.001,0.0017,0.0049,75.88
6208100308,(주)삼남,0.0093,0.0557,0.1571,0.0592,0.0869,0.0715,0.0266,0.0041,0.0189,0.008,0.0574,0.0464,0.1014,-0.0979,0.0277,-0.0154,-0.0449,-0.0225,0.0148,-0.0109,0.0494,75.87
4048800118,(주)앙츠,,0.0015,0.0083,,,,,,0.0048,0.0063,0.0117,0.0,0.0068,0.0,0.0,0.0,0.0,0.0,0.0,0.0015,0.0054,75.84
1058639366,(주)골든블루마리나,,,0.001,0.0498,,0.0167,0.0218,0.0294,0.1095,0.0325,0.0602,0.0,0.0,0.0488,0.0,0.0,0.0051,0.0076,0.0801,-0.077,0.0277,75.37
1458102203,주식회사지씨화랑,,,,,,,,,0.0001,0.0074,0.0111,0.0,0.0,0.0,0.0,0.0,0.0,0.0,0.0,0.0073,0.0037,75.06
5118111670,(주)동승레저,0.0021,0.001,0.0017,0.0015,0.0001,0.0071,0.0028,0.0012,0.0014,0.0014,0.0142,-0.0011,0.0007,-0.0002,-0.0014,0.007,-0.0043,-0.0016,0.0002,0.0,0.0128,74.86
4018123409,군산레져산업(주),0.0005,0.001,0.0043,0.0026,0.0015,0.0018,0.0015,0.0005,0.0002,0.0008,0.0153,0.0005,0.0033,-0.0017,-0.0011,0.0003,-0.0003,-0.001,-0.0003,0.0006,0.0145,74.77
6218109277,에이원컨트리클럽주식회사(구:한교관광개발주식회사),0.0229,0.0162,0.0169,0.0148,0.0031,0.0224,0.0071,0.0006,0.0005,0.0015,0.0147,-0.0067,0.0007,-0.0021,-0.0117,0.0193,-0.0153,-0.0065,-0.0001,0.001,0.0132,74.71
2818800096,주식회사빌드원주택,,,,,,,0.0005,0.0229,0.3375,0.0317,0.0474,0.0,0.0,0.0,0.0,0.0,0.0,0.0224,0.3146,-0.3058,0.0157,74.54
5028199255,주식회사다니엘시네마,0.0038,0.0348,0.0367,0.0115,0.2549,0.0077,0.0482,0.0443,0.0048,0.009,0.0164,0.031,0.0019,-0.0252,0.2434,-0.2472,0.0405,-0.0039,-0.0395,0.0042,0.0074,73.85
6178619034,주식회사둥지,,,,,,,,0.0024,0.0047,0.0025,0.0297,0.0,0.0,0.0,0.0,0.0,0.0,0.0,0.0023,-0.0022,0.0272,73.21
1258621351,(주)제이앤제이아트컨벤션,,0.0021,0.0586,0.013,0.0013,0.0042,0.0526,0.047,0.0022,0.0088,0.015,0.0,0.0565,-0.0456,-0.0117,0.0029,0.0484,-0.0056,-0.0448,0.0066,0.0062,73.14
3368802429,주식회사타이틀롤,,,,,,,,,0.0001,0.0065,0.0088,0.0,0.0,0.0,0.0,0.0,0.0,0.0,0.0,0.0064,0.0023,72.84
1178162531,엘리에나호텔주식회사,,,,,,,,0.0015,0.002,0.0024,0.0052,0.0,0.0,0.0,0.0,0.0,0.0,0.0,0.0005,0.0004,0.0028,72.69
5138177663,주식회사노비아갈라,,0.0027,0.0117,0.0023,0.0017,0.0035,0.0187,0.0111,0.0033,0.0048,0.0135,0.0,0.009,-0.0094,-0.0006,0.0018,0.0152,-0.0076,-0.0078,0.0015,0.0087,72.23
5058104359,(주)서라벌,0.0025,0.0084,0.0056,0.0046,0.0008,0.0036,0.0045,0.0008,0.001,0.0008,0.0182,0.0059,-0.0028,-0.001,-0.0038,0.0028,0.0009,-0.0037,0.0002,-0.0002,0.0174,72.17
1288148994,(주)자유로청아공원,0.0003,0.0011,0.0028,0.0019,0.0004,0.002,0.0021,0.0009,0.0023,0.0014,0.0201,0.0008,0.0017,-0.0009,-0.0015,0.0016,0.0001,-0.0012,0.0014,-0.0009,0.0187,72.02
5478101415,아주모터스(주),,,,,,0.0008,0.0055,0.0005,0.0008,0.0006,0.0168,0.0,0.0,0.0,0.0,0.0,0.0047,-0.005,0.0003,-0.0002,0.0162,71.88
2278601869,주식회사와이에이치레저개발,,,,,,,0.0013,0.006,0.0008,0.0014,0.0119,0.0,0.0,0.0,0.0,0.0,0.0,0.0047,-0.0052,0.0006,0.0105,71.83
2118705421,피에스씨네트웍스,0.0751,0.0105,0.0385,0.0355,0.0023,0.0261,,,,,0.3608,-0.0646,0.028,-0.003,-0.0332,0.0238,0.0,0.0,0.0,0.0,0.0,71.4
2068159433,티비테크애드(주),0.0025,0.0059,0.0076,0.0034,0.0022,0.002,0.0031,0.0015,0.0055,0.0022,0.0178,0.0034,0.0017,-0.0042,-0.0012,-0.0002,0.0011,-0.0016,0.004,-0.0033,0.0156,70.76
1148719376,보듬컴퍼니,,,,,,,0.0034,0.0291,0.0254,0.0023,0.1232,0.0,0.0,0.0,0.0,0.0,0.0,0.0257,-0.0037,-0.0231,0.1209,70.42
1058762281,엠케스,,,,,,,,0.0014,0.0829,0.0081,0.0183,0.0,0.0,0.0,0.0,0.0,0.0,0.0,0.0815,-0.0748,0.0102,70.39
1268103875,호반써밋주식회사,0.0017,0.014,0.0056,0.0042,0.0049,0.0027,0.0777,0.0005,0.0012,0.0007,0.0149,0.0123,-0.0084,-0.0014,0.0007,-0.0022,0.075,-0.0772,0.0007,-0.0005,0.0142,70.28
1318106651,(주)씨앤케이건설,,,0.0014,0.0013,0.0002,0.012,0.0106,0.002,0.0872,0.4479,0.1991,0.0,0.0,-0.0001,-0.0011,0.0118,-0.0014,-0.0086,0.0852,0.3607,-0.2488,70.28
1358105111,조원관광진흥(주),0.0034,0.0014,0.0049,0.0016,0.0019,0.0034,0.1844,0.3907,0.0245,0.003,0.1498,-0.002,0.0035,-0.0033,0.0003,0.0015,0.181,0.2063,-0.3662,-0.0215,0.1468,69.77
2268141975,하늘목장주식회사,,,,,,,,,0.0002,0.6294,0.5534,0.0,0.0,0.0,0.0,0.0,0.0,0.0,0.0,0.6292,-0.076,69.74
1568601761,정동레저산업주식회사,,,,,,,,0.002,0.0021,0.0006,0.0154,0.0,0.0,0.0,0.0,0.0,0.0,0.0,0.0001,-0.0015,0.0148,69.72
3168128601,주식회사애니멀킹덤,,,,,,,,0.0027,0.0635,0.0018,0.0141,0.0,0.0,0.0,0.0,0.0,0.0,0.0,0.0608,-0.0617,0.0123,68.5
1258174227,(주)지엘브이,,,,,0.0007,0.0006,0.0024,,,0.0008,0.009,0.0,0.0,0.0,0.0,-0.0001,0.0018,0.0,0.0,0.0,0.0082,68.34
2718701790,파크카운티주식회사,,,,,,,0.0023,0.0118,0.0012,0.0028,0.008,0.0,0.0,0.0,0.0,0.0,0.0,0.0095,-0.0106,0.0016,0.0052,68.3
6098179962,골든힐골프연습장(주),0.0383,0.005,0.0058,0.0023,0.0004,0.0023,0.0029,0.0008,0.0043,0.0037,0.0113,-0.0333,0.0008,-0.0035,-0.0019,0.0019,0.0006,-0.0021,0.0035,-0.0006,0.0076,67.96
1168112076,(주)티에스개발,0.0132,0.0064,0.0025,0.0062,0.0069,0.0117,0.0035,0.0004,0.0011,0.0008,0.0103,-0.0068,-0.0039,0.0037,0.0007,0.0048,-0.0082,-0.0031,0.0007,-0.0003,0.0095,67.77
6178195769,주식회사르노코리아자동차서비스코너대연점,,,,,,,,,0.0001,0.46,0.3105,0.0,0.0,0.0,0.0,0.0,0.0,0.0,0.0,0.4599,-0.1495,67.76
8298602174,(주)피나클랜드농업회사법인,,,,,,,,0.001,0.1159,0.0029,0.0116,0.0,0.0,0.0,0.0,0.0,0.0,0.0,0.1149,-0.113,0.0087,67.35
4058111486,주식회사라이브러리컴퍼니,,,,,,,,0.0054,0.0006,0.0002,0.0306,0.0,0.0,0.0,0.0,0.0,0.0,0.0,-0.0048,-0.0004,0.0304,67.07
5308701006,(주)골프존카운티,,,,,0.0029,0.0053,0.0054,0.0005,0.0004,0.0008,0.0051,0.0,0.0,0.0,0.0,0.0024,0.0001,-0.0049,-0.0001,0.0004,0.0043,66.97
1088181572,일산컨트리클럽주식회사,,,,,,,,,0.0001,0.0014,0.0034,0.0,0.0,0.0,0.0,0.0,0.0,0.0,0.0,0.0013,0.002,66.83
1308688242,주식회사새라컴퍼니,,,,,,,0.0008,0.0027,0.001,0.0012,0.0061,0.0,0.0,0.0,0.0,0.0,0.0,0.0019,-0.0017,0.0002,0.0049,66.8
2178602255,주식회사케이에스지스포텍,,,,,,,,,0.0002,0.3016,0.227,0.0,0.0,0.0,0.0,0.0,0.0,0.0,0.0,0.3014,-0.0746,66.76
4358100786,주식회사우림공업사,,,,,0.0045,0.1748,,,,,0.0852,0.0,0.0,0.0,0.0,0.1703,0.0,0.0,0.0,0.0,0.0,66.61
1278113551,농심개발주식회사,0.1342,0.2556,0.1129,0.0549,0.0731,0.0397,0.0052,0.0008,0.0046,0.0022,0.0098,0.1214,-0.1427,-0.058,0.0182,-0.0334,-0.0345,-0.0044,0.0038,-0.0024,0.0076,66.27
6088156291,주식회사쌍마,0.0011,0.0024,0.0044,0.0014,0.001,0.0021,0.0271,0.0008,0.0005,0.0019,0.0046,0.0013,0.002,-0.003,-0.0004,0.0011,0.025,-0.0263,-0.0003,0.0014,0.0027,65.88
6068176272,주식회사금곡골프프라자,0.0017,0.0028,0.0268,0.0054,0.0013,0.0052,,,0.0234,0.003,0.0154,0.0011,0.024,-0.0214,-0.0041,0.0039,0.0,0.0,0.0,-0.0204,0.0124,65.85
1328105295,근영농산주식회사,0.001,0.0008,0.0018,0.0011,0.0006,0.0008,0.0013,0.0002,0.0002,0.0009,0.0031,-0.0002,0.001,-0.0007,-0.0005,0.0002,0.0005,-0.0011,0.0,0.0007,0.0022,65.6
5508602467,주식회사덕임,,,,,,,,0.0019,0.0018,0.0027,0.0046,0.0,0.0,0.0,0.0,0.0,0.0,0.0,-0.0001,0.0009,0.0019,65.48
1388126833,주식회사컴피아,,,,,,0.0003,0.0007,0.0007,0.0005,0.0011,0.0044,0.0,0.0,0.0,0.0,0.0,0.0004,0.0,-0.0002,0.0006,0.0033,65.46
2358701979,주식회사베니체지,,,,,,,,,0.0001,0.4536,0.1508,0.0,0.0,0.0,0.0,0.0,0.0,0.0,0.0,0.4535,-0.3028,65.39
8508101081,주식회사한강골프랜드,,,,,0.0026,0.013,0.0013,0.0002,0.0001,0.0004,0.0041,0.0,0.0,0.0,0.0,0.0104,-0.0117,-0.0011,-0.0001,0.0003,0.0037,65.01
1318143068,(주)동인천서비스,,,,0.0024,0.1312,0.0183,,,,,0.0398,0.0,0.0,0.0,0.1288,-0.1129,0.0,0.0,0.0,0.0,0.0,64.14
3188700616,주식회사스타오토케어,,,,,,,,0.0014,0.1636,0.3734,0.0293,0.0,0.0,0.0,0.0,0.0,0.0,0.0,0.1622,0.2098,-0.3441,64.11
5158139665,주식회사프로페셔널,,,0.0024,0.1573,0.0334,0.0027,0.0026,0.0062,0.0067,0.0035,0.0087,0.0,0.0,0.1549,-0.1239,-0.0307,-0.0001,0.0036,0.0005,-0.0032,0.0052,64.05
5798801202,주식회사세강개발,,,,,,,,,0.0001,0.4894,0.0862,0.0,0.0,0.0,0.0,0.0,0.0,0.0,0.0,0.4893,-0.4032,64.0
1288106427,호반서서울(주),0.0279,0.0041,0.0019,0.0014,0.001,0.0024,0.0009,0.0003,0.0003,0.0007,0.0028,-0.0238,-0.0022,-0.0005,-0.0004,0.0014,-0.0015,-0.0006,0.0,0.0004,0.0021,63.97
7928600156,주식회사자마이카휘트니스,,,,,,,,0.0007,0.0542,,0.0148,0.0,0.0,0.0,0.0,0.0,0.0,0.0,0.0535,0.0,0.0,63.83
4178702304,청신레저주식회사,,,,,,,,,0.0002,0.0529,0.0521,0.0,0.0,0.0,0.0,0.0,0.0,0.0,0.0,0.0527,-0.0008,63.54
2738600427,주식회사조이,,,,,,,0.001,0.1085,0.0019,0.0024,0.0048,0.0,0.0,0.0,0.0,0.0,0.0,0.1075,-0.1066,0.0005,0.0024,63.48
1208673908,(주)프라이빗커브,,,,,,0.0062,0.0083,,0.0061,0.0025,0.0113,0.0,0.0,0.0,0.0,0.0,0.0021,0.0,0.0,-0.0036,0.0088,63.44
5108135325,주식회사에이브스토리,,,,,,,,0.001,0.0131,0.0227,0.0207,0.0,0.0,0.0,0.0,0.0,0.0,0.0,0.0121,0.0096,-0.002,63.1
1398139710,주식회사오토테크,0.0012,0.0565,0.0344,0.0136,0.0266,0.0056,,,,0.0008,0.0041,0.0553,-0.0221,-0.0208,0.013,-0.021,0.0,0.0,0.0,0.0,0.0033,63.06
2178142607,서대전서비스기아오토큐(주),,,,,,,,,0.0001,0.2336,0.0624,0.0,0.0,0.0,0.0,0.0,0.0,0.0,0.0,0.2335,-0.1712,63.03
5148141848,고령컨트리클럽주식회사,0.0108,0.019,0.0139,0.0401,0.0128,0.0258,0.0111,0.0024,0.007,0.04,0.0219,0.0082,-0.0051,0.0262,-0.0273,0.013,-0.0147,-0.0087,0.0046,0.033,-0.0181,62.89
3948702490,주식회사셀럽골프앤리조트,,,,,,,,,0.0002,0.1375,0.0572,0.0,0.0,0.0,0.0,0.0,0.0,0.0,0.0,0.1373,-0.0803,62.4
6648700111,용인자작나무숲주식회사농업회사법인,,,,,0.0111,0.1972,0.093,0.0358,0.0006,0.0006,0.0071,0.0,0.0,0.0,0.0,0.1861,-0.1042,-0.0572,-0.0352,0.0,0.0065,62.39
7338800637,현대서부서비스(주),,,,0.0095,0.1633,0.0115,,,0.0066,0.0042,0.0092,0.0,0.0,0.0,0.1538,-0.1518,0.0,0.0,0.0,-0.0024,0.005,61.84
5058142810,옥산개발주식회사,0.0033,0.0059,0.0114,0.0034,0.0014,0.0055,0.0059,0.0007,0.0006,0.0008,0.0029,0.0026,0.0055,-0.008,-0.002,0.0041,0.0004,-0.0052,-0.0001,0.0002,0.0021,61.21
1478602771,주식회사벨라비손,,,,,,,,,0.0002,0.0008,0.0021,0.0,0.0,0.0,0.0,0.0,0.0,0.0,0.0,0.0006,0.0013,60.83
4098134803,나주관광개발(주),0.0018,0.0004,0.0012,0.0005,0.0005,0.0012,0.0043,0.0004,0.0005,0.0007,0.0018,-0.0014,0.0008,-0.0007,0.0,0.0007,0.0031,-0.0039,0.0001,0.0002,0.0011,60.47
4648802350,주식회사아산골프클럽,,,,,,,,,0.0002,0.0014,0.0021,0.0,0.0,0.0,0.0,0.0,0.0,0.0,0.0,0.0012,0.0007,60.29
2158605260,플레이타임중앙(주),,0.0019,0.0216,0.0029,0.001,0.0017,0.0481,0.2347,0.0273,0.0108,0.0161,0.0,0.0197,-0.0187,-0.0019,0.0007,0.0464,0.1866,-0.2074,-0.0165,0.0053,60.23
3148657181,주식회사티엠지개발,0.0022,0.0157,0.0085,0.0027,0.0029,0.0027,0.0029,0.0031,0.0037,0.0115,0.0114,0.0135,-0.0072,-0.0058,0.0002,-0.0002,0.0002,0.0002,0.0006,0.0078,-0.0001,59.76
6138133344,(주)아이언사천,,,0.0008,0.0076,0.0029,0.0066,0.0042,0.0012,0.0034,0.0008,0.004,0.0,0.0,0.0068,-0.0047,0.0037,-0.0024,-0.003,0.0022,-0.0026,0.0032,59.63
1058728060,주식회사이엠케이뮤지컬컴퍼니,,,,,0.0016,0.0023,0.0038,0.0007,0.0121,0.0008,0.0037,0.0,0.0,0.0,0.0,0.0007,0.0015,-0.0031,0.0114,-0.0113,0.0029,59.23
3688702341,(주)휴앤락그룹,,,,,,,,0.0012,0.0014,0.0014,0.0023,0.0,0.0,0.0,0.0,0.0,0.0,0.0,0.0002,0.0,0.0009,59.15
3018172987,(주)아름다은,0.0003,0.0016,0.0045,0.0021,0.0003,0.0013,0.0019,0.0042,0.0004,0.0012,0.0026,0.0013,0.0029,-0.0024,-0.0018,0.001,0.0006,0.0023,-0.0038,0.0008,0.0014,59.08
1088114995,수협노량진수산주식회사,0.0137,0.0172,0.0603,0.0341,0.0032,0.0019,0.0037,0.0161,0.0028,0.002,0.0094,0.0035,0.0431,-0.0262,-0.0309,-0.0013,0.0018,0.0124,-0.0133,-0.0008,0.0074,58.69
5138121932,(주)한길,0.0082,0.0024,0.0038,0.0045,0.0129,0.0888,0.0118,0.002,0.0037,0.001,0.0034,-0.0058,0.0014,0.0007,0.0084,0.0759,-0.077,-0.0098,0.0017,-0.0027,0.0024,58.63
1178141900,주식회사엠피엠지,,,,,,,,0.0002,0.0046,0.0009,0.0033,0.0,0.0,0.0,0.0,0.0,0.0,0.0,0.0044,-0.0037,0.0024,58.32
3438600819,주식회사국빈장례문화원,,,,,0.0037,0.218,0.0713,0.0009,0.0014,0.0013,0.003,0.0,0.0,0.0,0.0,0.2143,-0.1467,-0.0704,0.0005,-0.0001,0.0017,58.31
4748101489,케이알레저주식회사,,,,,,0.0025,0.0721,0.0009,0.001,0.0015,0.0017,0.0,0.0,0.0,0.0,0.0,0.0696,-0.0712,0.0001,0.0005,0.0002,57.91
5058140258,주식회사금호개발,0.3736,0.0044,0.0027,0.0487,0.0034,0.0083,0.0042,0.0004,0.0026,0.0008,0.0031,-0.3692,-0.0017,0.046,-0.0453,0.0049,-0.0041,-0.0038,0.0022,-0.0018,0.0023,57.79
1258625978,주식회사티웨딩,,,,0.0011,0.1341,0.0055,0.0023,0.0027,0.0017,0.0019,0.0025,0.0,0.0,0.0,0.133,-0.1286,-0.0032,0.0004,-0.001,0.0002,0.0006,57.53
1098650494,인서울27골프클럽주식회사,,,0.0025,0.0956,0.0245,0.1228,0.1366,0.0052,0.0032,0.0025,0.0073,0.0,0.0,0.0931,-0.0711,0.0983,0.0138,-0.1314,-0.002,-0.0007,0.0048,57.36
3128168805,(주)현대자동차충청써비스,0.0132,0.0144,0.0174,0.0025,0.0012,0.0025,0.0032,0.001,0.006,0.0018,0.0032,0.0012,0.003,-0.0149,-0.0013,0.0013,0.0007,-0.0022,0.005,-0.0042,0.0014,57.28
5058178036,주식회사지씨감포,0.0013,0.0017,0.0033,0.0057,0.0009,0.0068,0.0014,0.0027,0.0005,0.0012,0.0022,0.0004,0.0016,0.0024,-0.0048,0.0059,-0.0054,0.0013,-0.0022,0.0007,0.001,57.27
1258169855,신안종합레져(주),0.0655,0.1891,0.0255,0.0828,0.0132,0.0077,0.0018,0.0004,0.0006,0.0002,0.0028,0.1236,-0.1636,0.0573,-0.0696,-0.0055,-0.0059,-0.0014,0.0002,-0.0004,0.0026,57.17
1248607190,주식회사서산수골프앤리조트,0.1482,0.0798,0.128,0.0023,0.0007,0.003,0.0034,0.0005,0.0007,0.001,0.0014,-0.0684,0.0482,-0.1257,-0.0016,0.0023,0.0004,-0.0029,0.0002,0.0003,0.0004,57.08
6218120141,일광개발(주),0.0026,0.017,0.0025,0.0216,0.0329,0.0065,0.0135,0.0017,0.0059,0.0012,0.003,0.0144,-0.0145,0.0191,0.0113,-0.0264,0.007,-0.0118,0.0042,-0.0047,0.0018,56.56
1178183462,롯데오토케어(주),,,,0.0007,0.0003,0.0012,0.0018,0.0007,0.0017,0.0012,0.0027,0.0,0.0,0.0,-0.0004,0.0009,0.0006,-0.0011,0.001,-0.0005,0.0015,56.22
4098102844,기아타이거즈(주),,,,0.0015,0.0462,0.0224,0.0587,,0.0268,0.0509,0.0141,0.0,0.0,0.0,0.0447,-0.0238,0.0363,0.0,0.0,0.0241,-0.0368,56.19
4178141533,주식회사조이스포츠,0.0076,0.0018,0.004,0.005,0.0018,0.0028,0.0029,0.0015,0.0032,0.0109,0.0085,-0.0058,0.0022,0.001,-0.0032,0.001,0.0001,-0.0014,0.0017,0.0077,-0.0024,56.18
1018626646,주식회사현진시닝,,,0.0003,0.0008,0.0004,0.0003,0.0278,0.055,0.0016,0.0022,0.0025,0.0,0.0,0.0005,-0.0004,-0.0001,0.0275,0.0272,-0.0534,0.0006,0.0003,56.04
4108129576,싸이버테크(주),,,,,0.0017,0.005,0.0027,0.0016,0.0083,0.0248,0.0066,0.0,0.0,0.0,0.0,0.0033,-0.0023,-0.0011,0.0067,0.0165,-0.0182,55.74
1278602011,화현개발주식회사,0.0007,0.0029,0.0051,0.0025,0.0046,0.0058,0.0041,0.0007,0.0003,0.0005,0.0019,0.0022,0.0022,-0.0026,0.0021,0.0012,-0.0017,-0.0034,-0.0004,0.0002,0.0014,55.64
1018649300,더케이예다함(주),0.169,0.0512,0.0372,0.041,0.0116,0.0105,0.0421,0.0398,0.0179,0.058,0.0301,-0.1178,-0.014,0.0038,-0.0294,-0.0011,0.0316,-0.0023,-0.0219,0.0401,-0.0279,55.59
6168173909,홍학산업개발,,,,,0.0046,0.0086,,,0.0037,0.0033,0.004,0.0,0.0,0.0,0.0,0.004,0.0,0.0,0.0,-0.0004,0.0007,55.34
1108177620,해피엔딩주식회사,,,,,,0.0021,0.0028,0.0013,0.0043,0.0471,0.0065,0.0,0.0,0.0,0.0,0.0,0.0007,-0.0015,0.003,0.0428,-0.0406,55.31
3068112757,(주)한화이글스,0.0747,0.0344,,0.0755,0.023,0.0133,0.0082,,0.0052,0.033,0.0115,-0.0403,0.0,0.0,-0.0525,-0.0097,-0.0051,0.0,0.0,0.0278,-0.0215,55.3
1048626290,주식회사여수씨월드,0.0026,0.0056,0.0347,0.006,0.0095,0.0042,0.1214,0.001,0.0014,0.0004,0.0024,0.003,0.0291,-0.0287,0.0035,-0.0053,0.1172,-0.1204,0.0004,-0.001,0.002,55.11
6108603749,우신레저주식회사,0.0027,0.1184,0.0466,0.0045,0.0039,0.0038,0.0019,0.0007,0.0001,0.0004,0.0018,0.1157,-0.0718,-0.0421,-0.0006,-0.0001,-0.0019,-0.0012,-0.0006,0.0003,0.0014,54.86
2068628352,(주)현한,,,0.0132,0.0043,0.004,0.0078,0.0056,0.0013,0.0059,0.007,0.0058,0.0,0.0,-0.0089,-0.0003,0.0038,-0.0022,-0.0043,0.0046,0.0011,-0.0012,54.79
3078106923,백제컨트리클럽주식회사,0.0012,0.0055,0.0029,0.0047,0.0084,0.0113,0.0022,0.0005,0.0015,0.0006,0.0023,0.0043,-0.0026,0.0018,0.0037,0.0029,-0.0091,-0.0017,0.001,-0.0009,0.0017,54.64
2248138246,주식회사구학파크랜드,0.0576,0.0788,0.069,0.101,0.062,,,,,0.1458,0.0449,0.0212,-0.0098,0.032,-0.039,0.0,0.0,0.0,0.0,0.0,-0.1009,54.45
2218131526,강원도민프로축구단,0.0116,0.0025,0.0042,0.0324,0.0066,0.0012,0.0005,0.0179,0.0059,0.0004,0.0054,-0.0091,0.0017,0.0282,-0.0258,-0.0054,-0.0007,0.0174,-0.012,-0.0055,0.005,54.41
1108134204,서원레저주식회사,0.0051,0.0057,0.009,0.0053,0.0028,0.0054,0.004,0.0006,0.0015,0.0057,0.0051,0.0006,0.0033,-0.0037,-0.0025,0.0026,-0.0014,-0.0034,0.0009,0.0042,-0.0006,54.34
2118730541,주식회사엔에이치테크,0.0016,0.0021,0.008,,0.0009,0.0006,0.0011,0.0029,0.0016,0.0015,0.004,0.0005,0.0059,0.0,0.0,-0.0003,0.0005,0.0018,-0.0013,-0.0001,0.0025,54.33
1248607171,주식회사다림개발,0.0018,0.0039,0.006,0.0027,0.0011,0.0014,0.0012,0.0026,0.0021,0.001,0.0043,0.0021,0.0021,-0.0033,-0.0016,0.0003,-0.0002,0.0014,-0.0005,-0.0011,0.0033,54.06
2208693067,(주)트리플하이엠,,,,0.0011,0.0004,0.0012,0.0007,0.002,0.0022,0.0234,0.0056,0.0,0.0,0.0,-0.0007,0.0008,-0.0005,0.0013,0.0002,0.0212,-0.0178,53.99
1428124718,주식회사지씨사천,0.0009,0.0005,0.0013,0.0021,0.0001,0.0002,0.0007,0.0002,0.0002,0.0002,0.0018,-0.0004,0.0008,0.0008,-0.002,0.0001,0.0005,-0.0005,0.0,0.0,0.0016,53.86
3498701375,주식회사어비스컴퍼니,,,,,,,,0.0007,0.0022,0.041,0.005,0.0,0.0,0.0,0.0,0.0,0.0,0.0,0.0015,0.0388,-0.036,53.48
4598700746,주식회사유스파,,,,,,0.001,0.0066,0.0095,0.0071,0.0014,0.0048,0.0,0.0,0.0,0.0,0.0,0.0056,0.0029,-0.0024,-0.0057,0.0034,53.47
4088155523,동호레져(주),0.0021,0.0025,0.0034,0.0042,0.0005,0.0018,0.0012,0.0003,0.0003,0.0002,0.0023,0.0004,0.0009,0.0008,-0.0037,0.0013,-0.0006,-0.0009,0.0,-0.0001,0.0021,53.18
3238100222,주식회사아이지엘,,,,,,,,0.0011,0.0004,0.001,0.0017,0.0,0.0,0.0,0.0,0.0,0.0,0.0,-0.0007,0.0006,0.0007,53.15
2618102636,(주)골프존카운티매니지먼트,,,,,,,0.0009,0.0016,0.0018,0.0021,0.0021,0.0,0.0,0.0,0.0,0.0,0.0,0.0007,0.0002,0.0003,0.0,53.13
3548602331,램코주식회사,,,,,,,,,0.0001,0.0003,0.0012,0.0,0.0,0.0,0.0,0.0,0.0,0.0,0.0,0.0002,0.0009,53.12
2038143500,한진흥업주식회사,0.4368,0.0054,0.0079,0.0088,0.0142,0.0133,0.0118,0.0584,0.0026,0.0019,0.0045,-0.4314,0.0025,0.0009,0.0054,-0.0009,-0.0015,0.0466,-0.0558,-0.0007,0.0026,52.67
6168191950,우리제주상조주식회사,,0.0016,0.0025,0.0367,0.0068,0.0183,0.0576,0.0056,0.0007,0.0005,0.0033,0.0,0.0009,0.0342,-0.0299,0.0115,0.0393,-0.052,-0.0049,-0.0002,0.0028,52.66
1378102240,(주)신태진,0.0247,0.0097,0.0028,0.0013,0.0004,0.0012,0.0011,0.001,0.0006,0.0002,0.0031,-0.015,-0.0069,-0.0015,-0.0009,0.0008,-0.0001,-0.0001,-0.0004,-0.0004,0.0029,52.57
3918802182,석정골프앤리조트주식회사,,,,,,,,,0.0001,0.0009,0.0012,0.0,0.0,0.0,0.0,0.0,0.0,0.0,0.0,0.0008,0.0003,52.55
1058605167,(주)알티베이스,0.0098,0.1461,0.0112,0.0602,0.0035,0.0013,,,0.0011,0.0005,0.0024,0.1363,-0.1349,0.049,-0.0567,-0.0022,0.0,0.0,0.0,-0.0006,0.0019,52.36
4108681790,광산현대서비스(주),,,,,0.0129,0.0856,0.0171,0.0132,0.1247,0.0664,0.0472,0.0,0.0,0.0,0.0,0.0727,-0.0685,-0.0039,0.1115,-0.0583,-0.0192,52.15
5578802443,주식회사삼산,,,,,,,,,0.0003,0.0199,0.0065,0.0,0.0,0.0,0.0,0.0,0.0,0.0,0.0,0.0196,-0.0134,52.01
2208763600,오디컴퍼니주식회사,,0.0022,0.0171,0.0067,0.0048,0.0029,0.0039,0.0005,0.0003,0.0003,0.0019,0.0,0.0149,-0.0104,-0.0019,-0.0019,0.001,-0.0034,-0.0002,0.0,0.0016,51.78
1228174117,주식회사보릿골푸드,,,,,,,0.0012,0.2261,0.0268,0.0018,0.0046,0.0,0.0,0.0,0.0,0.0,0.0,0.2249,-0.1993,-0.025,0.0028,51.3
1268617433,광주투자개발주식회사,0.0058,0.0039,0.0029,0.0015,0.001,0.0014,0.0045,0.0032,0.1104,0.0536,0.0341,-0.0019,-0.001,-0.0014,-0.0005,0.0004,0.0031,-0.0013,0.1072,-0.0568,-0.0195,51.05
6178102862,(주)현대기아남구정비서비스,0.007,0.0151,0.0182,0.0098,0.0055,0.0075,0.005,0.0152,0.2184,0.136,0.036,0.0081,0.0031,-0.0084,-0.0043,0.002,-0.0025,0.0102,0.2032,-0.0824,-0.1,50.87
1248160109,에스케이인텔릭스서비스(주),0.0058,0.0072,0.0839,0.131,0.005,0.0522,0.0463,0.0258,0.0087,0.0229,0.0115,0.0014,0.0767,0.0471,-0.126,0.0472,-0.0059,-0.0205,-0.0171,0.0142,-0.0114,50.73
2268800707,아이비코어(주),,,,0.0041,0.0177,0.0063,,,,,0.0034,0.0,0.0,0.0,0.0136,-0.0114,0.0,0.0,0.0,0.0,0.0,50.72
1198105481,(주)캐슬렉스서울,0.0067,0.0138,0.0366,0.0654,0.0862,0.0496,0.0123,0.0024,0.0011,0.0159,0.0099,0.0071,0.0228,0.0288,0.0208,-0.0366,-0.0373,-0.0099,-0.0013,0.0148,-0.006,50.54
6228100022,가야개발(주),0.004,0.0024,0.0042,0.0024,0.0026,0.0123,0.0037,0.0005,0.001,0.0009,0.0017,-0.0016,0.0018,-0.0018,0.0002,0.0097,-0.0086,-0.0032,0.0005,-0.0001,0.0008,50.52
1288174997,(주)지엔지트럭센터,,0.0052,0.0131,0.0083,0.004,0.0039,0.001,0.0005,0.0053,0.0017,0.002,0.0,0.0079,-0.0048,-0.0043,-0.0001,-0.0029,-0.0005,0.0048,-0.0036,0.0003,50.29
1788700319,주식회사성우알앤디,,,,,,0.0028,0.0027,0.0011,0.0036,0.0191,0.0031,0.0,0.0,0.0,0.0,0.0,-0.0001,-0.0016,0.0025,0.0155,-0.016,50.21
5458702268,농업회사법인주식회사솔모로,,,,,,,,,0.0002,0.0007,0.001,0.0,0.0,0.0,0.0,0.0,0.0,0.0,0.0,0.0005,0.0003,50.06
1168141095,주식회사KBS아트비전,0.002,0.0032,0.0072,0.0025,0.0006,0.0043,0.0047,0.0043,0.0014,0.0009,0.0028,0.0012,0.004,-0.0047,-0.0019,0.0037,0.0004,-0.0004,-0.0029,-0.0005,0.0019,49.69
6208147773,주식회사흥진레저,0.0482,,,,,0.3071,0.0006,0.0039,0.0004,0.0006,0.0013,0.0,0.0,0.0,0.0,0.0,-0.3065,0.0033,-0.0035,0.0002,0.0007,49.66
1318628010,주식회사인천오토컴퍼니,,,,,0.005,0.0112,,0.0012,0.1471,0.0608,0.0274,0.0,0.0,0.0,0.0,0.0062,0.0,0.0,0.1459,-0.0863,-0.0334,49.63
3078103305,공주개발(주),0.0015,0.109,0.4042,0.0063,0.0013,0.0036,0.002,0.0006,0.0007,0.0004,0.0015,0.1075,0.2952,-0.3979,-0.005,0.0023,-0.0016,-0.0014,0.0001,-0.0003,0.0011,49.35
1528602583,다옴세종개발(주),,,,,,,,0.0007,0.0022,0.0043,0.0029,0.0,0.0,0.0,0.0,0.0,0.0,0.0,0.0015,0.0021,-0.0014,49.24
5418700889,주식회사동양관광레저,,,,,0.0024,0.0025,0.0015,0.0015,0.0031,0.0007,0.0017,0.0,0.0,0.0,0.0,0.0001,-0.001,0.0,0.0016,-0.0024,0.001,49.15
1288100438,(주)한양컨트리클럽,0.0134,0.0054,0.0047,0.0038,0.0047,0.0121,0.008,0.0006,0.0025,0.0009,0.0017,-0.008,-0.0007,-0.0009,0.0009,0.0074,-0.0041,-0.0074,0.0019,-0.0016,0.0008,49.09
6048104641,늘곁애라이프온(주),0.1232,0.0167,0.0161,0.0857,0.0665,0.0549,0.14,0.0154,0.0117,0.119,0.009,-0.1065,-0.0006,0.0696,-0.0192,-0.0116,0.0851,-0.1246,-0.0037,0.1073,-0.11,49.04
6538700765,주식회사새정스타즈,,,,,,0.0042,0.1072,0.1941,0.0326,0.0051,0.0052,0.0,0.0,0.0,0.0,0.0,0.103,0.0869,-0.1615,-0.0275,0.0001,48.85
7498802488,한화넥스트(주),,,,,,,,,0.0002,0.0042,0.0033,0.0,0.0,0.0,0.0,0.0,0.0,0.0,0.0,0.004,-0.0009,47.87
3018125484,(주)코리아,0.0013,0.0004,0.0015,0.0288,0.0082,0.0011,0.0038,0.0006,0.0006,0.0003,0.0017,-0.0009,0.0011,0.0273,-0.0206,-0.0071,0.0027,-0.0032,0.0,-0.0003,0.0014,47.66
1288151640,린텍스기업주식회사,,0.0044,0.3267,0.0351,0.0248,0.0076,0.0027,0.001,0.002,0.0006,0.0014,0.0,0.3223,-0.2916,-0.0103,-0.0172,-0.0049,-0.0017,0.001,-0.0014,0.0008,47.61
2198101048,(주)비전힐스,0.0708,0.0167,0.0185,0.0439,0.0047,0.0301,0.0008,0.0006,0.0025,0.0013,0.0016,-0.0541,0.0018,0.0254,-0.0392,0.0254,-0.0293,-0.0002,0.0019,-0.0012,0.0003,47.61
1288191773,주식회사경암,,,,,,,0.0029,0.0012,0.0003,0.0057,0.005,0.0,0.0,0.0,0.0,0.0,0.0,-0.0017,-0.0009,0.0054,-0.0007,47.36
2118813587,(주)아이니웨딩네트웍스,,,,,,,0.0019,0.0033,0.002,0.0004,0.0022,0.0,0.0,0.0,0.0,0.0,0.0,0.0014,-0.0013,-0.0016,0.0018,47.04
4108647884,주식회사영산,0.009,0.0025,0.0014,0.0043,0.0016,0.0018,0.0022,0.0007,0.0003,0.0006,0.001,-0.0065,-0.0011,0.0029,-0.0027,0.0002,0.0004,-0.0015,-0.0004,0.0003,0.0004,46.95
1358192479,SK네트웍스서비스,0.001,0.0017,0.0024,0.0011,0.0008,0.0007,0.0012,0.002,0.0016,0.001,0.0021,0.0007,0.0007,-0.0013,-0.0003,-0.0001,0.0005,0.0008,-0.0004,-0.0006,0.0011,46.93
8268702129,(주)우신오토파트너스,,,,,,,,,0.0001,0.0002,0.0007,0.0,0.0,0.0,0.0,0.0,0.0,0.0,0.0,0.0001,0.0005,46.74
5558600654,(주)성담솔트베이,,,,0.0004,0.0,0.0001,0.0009,0.0079,0.001,0.0006,0.0021,0.0,0.0,0.0,-0.0004,0.0001,0.0008,0.007,-0.0069,-0.0004,0.0015,46.63
1238173504,(주)훼미리월드,,,,,,,,,,0.1647,0.0091,0.0,0.0,0.0,0.0,0.0,0.0,0.0,0.0,0.0,-0.1556,46.41
4098646677,제이아트컨벤션주식회사,0.0017,0.0012,0.0148,0.0045,0.02,0.0132,0.0324,0.0065,0.0034,0.0012,0.0023,-0.0005,0.0136,-0.0103,0.0155,-0.0068,0.0192,-0.0259,-0.0031,-0.0022,0.0011,46.32
2208712396,주식회사엔젤플러스,,,,,,,,,0.0001,0.0664,0.003,0.0,0.0,0.0,0.0,0.0,0.0,0.0,0.0,0.0663,-0.0634,46.18
1018653110,유진레저주식회사,,0.0022,0.0119,0.0052,0.002,0.005,0.005,0.001,0.0009,0.0008,0.0018,0.0,0.0097,-0.0067,-0.0032,0.003,0.0,-0.004,-0.0001,-0.0001,0.001,46.12
5138181037,주식회사지씨구미,0.0011,0.001,0.0029,0.0085,0.0004,0.0018,0.0017,0.0006,0.0003,0.0018,0.0018,-0.0001,0.0019,0.0056,-0.0081,0.0014,-0.0001,-0.0011,-0.0003,0.0015,0.0,45.75
6318600114,(주)바운스,,,,,,0.0005,0.06,0.195,0.0061,0.0008,0.0024,0.0,0.0,0.0,0.0,0.0,0.0595,0.135,-0.1889,-0.0053,0.0016,45.71
1998600449,제이더블유컨벤션,,,,0.0058,0.0637,0.0038,0.0046,0.0028,0.0019,0.0011,0.002,0.0,0.0,0.0,0.0579,-0.0599,0.0008,-0.0018,-0.0009,-0.0008,0.0009,45.35
6108186895,(주)울산국화원장례식장,,,,,,,0.0033,0.0039,0.002,0.0008,0.002,0.0,0.0,0.0,0.0,0.0,0.0,0.0006,-0.0019,-0.0012,0.0012,45.18
1348715035,(주)지디그룹,0.0011,0.0095,0.0285,0.0028,0.0017,0.002,0.0984,0.1069,0.0026,0.0006,0.0021,0.0084,0.019,-0.0257,-0.0011,0.0003,0.0964,0.0085,-0.1043,-0.002,0.0015,44.74
2148818539,에이텍시스템,,0.0007,0.0042,,,0.0003,0.0008,0.0043,0.0015,0.0007,0.0019,0.0,0.0035,0.0,0.0,0.0,0.0005,0.0035,-0.0028,-0.0008,0.0012,44.64
3188105638,주식회사해태산업,,0.0035,0.1526,0.0096,0.001,0.0017,0.0027,0.0005,0.0001,0.0004,0.0008,0.0,0.1491,-0.143,-0.0086,0.0007,0.001,-0.0022,-0.0004,0.0003,0.0004,44.55
1078683330,한일전기씨에스주식회사,,,,,,0.0008,0.0765,0.0735,0.0144,0.0162,0.0049,0.0,0.0,0.0,0.0,0.0,0.0757,-0.003,-0.0591,0.0018,-0.0113,44.34
2068676572,(주)오앤제이,0.0013,0.0002,0.0025,0.0012,0.0003,0.0006,0.0073,,0.0001,0.0001,0.0008,-0.0011,0.0023,-0.0013,-0.0009,0.0003,0.0067,0.0,0.0,0.0,0.0007,43.75
6218109525,주식회사동부산컨트리클럽,0.0139,0.0154,0.0077,0.0093,0.0003,0.004,0.0037,0.0004,0.0009,0.0005,0.001,0.0015,-0.0077,0.0016,-0.009,0.0037,-0.0003,-0.0033,0.0005,-0.0004,0.0005,43.63
6218145690,진양개발주식회사,0.0007,0.0366,0.0032,0.001,0.0064,0.0053,0.0027,0.0008,0.0005,0.0006,0.0008,0.0359,-0.0334,-0.0022,0.0054,-0.0011,-0.0026,-0.0019,-0.0003,0.0001,0.0002,43.61
1118112843,삼남개발(주),0.0029,0.0066,0.0045,0.0037,0.0005,0.0009,0.0033,0.0016,0.0006,0.0007,0.0008,0.0037,-0.0021,-0.0008,-0.0032,0.0004,0.0024,-0.0017,-0.001,0.0001,0.0001,42.6
8138801058,(주)평화누리,,,,,0.0006,0.0097,0.0153,0.0037,0.0008,0.0006,0.0015,0.0,0.0,0.0,0.0,0.0091,0.0056,-0.0116,-0.0029,-0.0002,0.0009,42.57
1318627947,(주)오렌지링스,0.0003,0.0006,0.0083,0.0003,0.0001,0.0005,0.0007,0.0002,0.0002,0.0001,0.001,0.0003,0.0077,-0.008,-0.0002,0.0004,0.0002,-0.0005,0.0,-0.0001,0.0009,42.19
2148628824,듀오정보주식회사,0.0004,0.0003,0.0009,0.0017,0.0002,0.0006,0.0023,0.0015,0.0002,0.0001,0.0013,-0.0001,0.0006,0.0008,-0.0015,0.0004,0.0017,-0.0008,-0.0013,-0.0001,0.0012,42.15
4108646089,(주)행복드림,0.3324,0.0027,0.0082,0.0037,0.0015,0.0015,0.0015,0.0008,0.0006,0.0003,0.0013,-0.3297,0.0055,-0.0045,-0.0022,0.0,0.0,-0.0007,-0.0002,-0.0003,0.001,42.08
3198701511,주식회사에이치앤에이치디벨롭먼트,,,,,,0.0017,0.1107,0.0067,0.0649,0.0227,0.0059,0.0,0.0,0.0,0.0,0.0,0.109,-0.104,0.0582,-0.0422,-0.0168,42.0
4968800456,주식회사아이케이,,,0.0019,0.0043,0.0125,0.006,0.0029,0.0016,0.0006,0.0006,0.001,0.0,0.0,0.0024,0.0082,-0.0065,-0.0031,-0.0013,-0.001,0.0,0.0004,41.99
6138143575,삼삼레져개발주식회사,0.0144,0.0126,0.0195,0.0121,0.0031,0.0054,0.0044,0.0007,0.0003,0.0005,0.0006,-0.0018,0.0069,-0.0074,-0.009,0.0023,-0.001,-0.0037,-0.0004,0.0002,0.0001,41.32
4098167018,그린장례문화원(주),0.0004,0.0007,0.0099,0.0008,0.0005,0.0114,,,,0.0042,0.0031,0.0003,0.0092,-0.0091,-0.0003,0.0109,0.0,0.0,0.0,0.0,-0.0011,41.31
1368105531,해강개발주식회사,0.004,0.0044,0.0049,0.0012,0.0622,0.008,0.0042,0.001,0.0015,0.0006,0.0009,0.0004,0.0005,-0.0037,0.061,-0.0542,-0.0038,-0.0032,0.0005,-0.0009,0.0003,41.25
3048128817,주식회사그랜드컨벤션,0.0025,0.0045,0.0084,0.0013,0.001,0.0018,0.0035,0.0007,0.0011,0.0008,0.0009,0.002,0.0039,-0.0071,-0.0003,0.0008,0.0017,-0.0028,0.0004,-0.0003,0.0001,41.17
3078106054,코웨이(주),0.0005,0.0009,0.0021,0.0054,0.0008,0.0018,0.0016,0.0004,0.0008,0.0005,0.0008,0.0004,0.0012,0.0033,-0.0046,0.001,-0.0002,-0.0012,0.0004,-0.0003,0.0003,40.84
4098188629,(주)금호상조,0.0978,0.0254,0.0254,0.0063,0.1317,0.125,0.0635,0.0183,0.0014,0.007,0.0027,-0.0724,0.0,-0.0191,0.1254,-0.0067,-0.0615,-0.0452,-0.0169,0.0056,-0.0043,40.49
5118111608,주식회사문경레저타운,0.0175,0.0165,0.009,0.0056,0.0034,0.0066,0.0025,0.0028,0.0005,0.0004,0.0012,-0.001,-0.0075,-0.0034,-0.0022,0.0032,-0.0041,0.0003,-0.0023,-0.0001,0.0008,40.29
5118111461,문경관광개발주식회사,0.0016,0.0033,0.0049,0.0012,0.0007,0.0007,0.0016,0.0024,0.0005,0.0002,0.0012,0.0017,0.0016,-0.0037,-0.0005,0.0,0.0009,0.0008,-0.0019,-0.0003,0.001,40.11
1298100028,경원건설주식회사,0.0007,0.0008,0.002,0.001,0.0005,0.0011,0.0005,0.0004,0.0007,0.0003,0.0007,0.0001,0.0012,-0.001,-0.0005,0.0006,-0.0006,-0.0001,0.0003,-0.0004,0.0004,40.05
7368701695,주식회사화현관광개발,,,,,,,0.0026,0.0529,0.0019,,0.002,0.0,0.0,0.0,0.0,0.0,0.0,0.0503,-0.051,0.0,0.0,40.02
7108700597,에스비레져주식회사,,,,,,0.0006,0.012,0.0009,0.0004,0.0003,0.0011,0.0,0.0,0.0,0.0,0.0,0.0114,-0.0111,-0.0005,-0.0001,0.0008,39.79
1078777698,주식회사태성에프앤알,,,,,,,,,0.0,0.0001,0.0003,0.0,0.0,0.0,0.0,0.0,0.0,0.0,0.0,0.0001,0.0002,39.61
2258701399,(주)노머스,,,,,,,,,0.0003,0.1992,0.0017,0.0,0.0,0.0,0.0,0.0,0.0,0.0,0.0,0.1989,-0.1975,39.39
3128180930,그린나래주식회사,0.0049,0.0035,0.0027,0.0016,0.0005,0.0028,0.0006,0.001,0.0006,0.0002,0.0011,-0.0014,-0.0008,-0.0011,-0.0011,0.0023,-0.0022,0.0004,-0.0004,-0.0004,0.0009,39.24
7238700711,주식회사에스앤가든,,,,,,,0.0033,0.0054,0.0021,0.0006,0.0013,0.0,0.0,0.0,0.0,0.0,0.0,0.0021,-0.0033,-0.0015,0.0007,39.22
6078609470,(주)더블유웨딩,,,,,,0.0002,0.0009,0.0009,0.0009,0.0006,0.0009,0.0,0.0,0.0,0.0,0.0,0.0007,0.0,0.0,-0.0003,0.0003,39.05
1358132942,(주)일신레져,0.0431,0.0505,0.0111,0.0026,0.0011,0.0085,0.006,0.0331,0.0015,0.0006,0.0013,0.0074,-0.0394,-0.0085,-0.0015,0.0074,-0.0025,0.0271,-0.0316,-0.0009,0.0007,38.89
2018613591,(주)경우라이프,0.0482,0.0458,0.0039,0.0179,0.004,0.0059,0.0075,0.0081,0.0008,0.0008,0.0009,-0.0024,-0.0419,0.014,-0.0139,0.0019,0.0016,0.0006,-0.0073,0.0,0.0001,38.86
4288101768,주식회사사유원,,,,,,,0.0023,0.2384,0.0033,0.0052,0.0024,0.0,0.0,0.0,0.0,0.0,0.0,0.2361,-0.2351,0.0019,-0.0028,38.6
1268604321,주식회사동군,0.0006,0.0016,0.0043,0.0019,0.0023,0.0008,0.0008,0.0003,0.0002,0.0002,0.0006,0.001,0.0027,-0.0024,0.0004,-0.0015,0.0,-0.0005,-0.0001,0.0,0.0004,38.55
6168167770,제주에스케이에프씨주식회사,0.0033,0.005,0.0177,0.0063,0.0006,0.0035,0.0154,0.0063,0.0011,0.0006,0.0012,0.0017,0.0127,-0.0114,-0.0057,0.0029,0.0119,-0.0091,-0.0052,-0.0005,0.0006,38.52
6168189570,(주)그랜드부민,0.0004,,,0.001,0.0006,0.0016,0.0015,0.0353,0.0026,0.0007,0.0013,0.0,0.0,0.0,-0.0004,0.001,-0.0001,0.0338,-0.0327,-0.0019,0.0006,38.22
1058790055,주식회사케이큐엔터테인먼트,,,,,,0.0006,0.2735,0.0009,0.0006,0.0002,0.001,0.0,0.0,0.0,0.0,0.0,0.2729,-0.2726,-0.0003,-0.0004,0.0008,38.11
2888701333,주식회사여수레저개발,,,,,,,,,0.0001,0.0032,0.0014,0.0,0.0,0.0,0.0,0.0,0.0,0.0,0.0,0.0031,-0.0018,38.11
5028179661,주식회사대구전문장례식장,0.0003,,0.0076,0.0006,0.0003,0.0009,,,,,0.0011,0.0,0.0,-0.007,-0.0003,0.0006,0.0,0.0,0.0,0.0,0.0,37.98
1208116218,(주)호반,0.0008,0.0006,0.002,0.0014,0.0003,0.0007,0.0162,0.0211,0.0017,0.0007,0.0012,-0.0002,0.0014,-0.0006,-0.0011,0.0004,0.0155,0.0049,-0.0194,-0.001,0.0005,37.55
2018193474,주식회사쇼노트,,,0.0003,0.0016,0.0004,0.0004,0.0805,0.0051,0.0031,0.0036,0.002,0.0,0.0,0.0013,-0.0012,0.0,0.0801,-0.0754,-0.002,0.0005,-0.0016,37.32
1358101809,화산개발(주),0.0603,0.051,0.0105,0.0626,0.035,0.0156,0.0035,0.0018,0.0003,0.0003,0.0006,-0.0093,-0.0405,0.0521,-0.0276,-0.0194,-0.0121,-0.0017,-0.0015,0.0,0.0003,37.22
1288147170,(주)파주컨트리클럽,0.0002,0.0003,0.0015,0.0004,0.0001,0.0002,0.0016,0.0004,0.0004,0.0006,0.0006,0.0001,0.0012,-0.0011,-0.0003,0.0001,0.0014,-0.0012,0.0,0.0002,0.0,37.03
1588100119,더빈컨벤션주식회사,,0.0032,0.0344,0.0072,0.0049,0.0108,0.0828,0.0025,0.0015,0.0021,0.0018,0.0,0.0312,-0.0272,-0.0023,0.0059,0.072,-0.0803,-0.001,0.0006,-0.0003,36.99
1208106419,(주)평산투자개발,0.03,0.03,0.0021,0.0291,0.0015,0.0071,0.0039,0.0011,0.0005,0.0004,0.0009,0.0,-0.0279,0.027,-0.0276,0.0056,-0.0032,-0.0028,-0.0006,-0.0001,0.0005,36.82
6218100413,(주)파디글스,,,,0.0083,0.0056,,,,0.0032,0.0004,0.0008,0.0,0.0,0.0,-0.0027,0.0,0.0,0.0,0.0,-0.0028,0.0004,36.64
4398600139,주식회사한국애경컨벤션,,,0.0026,0.0015,0.0011,0.0005,0.0007,,0.0004,0.0003,0.0006,0.0,0.0,-0.0011,-0.0004,-0.0006,0.0002,0.0,0.0,-0.0001,0.0003,36.63
2148655807,와이엠이십일유통주식회사,,,,,,0.0005,0.0128,0.003,0.0021,0.0004,0.001,0.0,0.0,0.0,0.0,0.0,0.0123,-0.0098,-0.0009,-0.0017,0.0006,36.25
3148145453,(주)부토,0.0436,0.0473,0.0074,0.1046,0.0099,0.012,0.0014,0.0009,0.0002,0.0002,0.0005,0.0037,-0.0399,0.0972,-0.0947,0.0021,-0.0106,-0.0005,-0.0007,0.0,0.0003,35.97
5108135719,주식회사천지문화원,,,,0.0025,0.0023,0.002,0.0018,0.0011,0.0014,0.0011,0.0011,0.0,0.0,0.0,-0.0002,-0.0003,-0.0002,-0.0007,0.0003,-0.0003,0.0,35.93
3168121613,(주)아르델웨딩컨벤션,0.0413,0.0887,0.0067,0.0047,0.0013,0.0025,0.0559,0.0459,0.003,0.0005,0.0011,0.0474,-0.082,-0.002,-0.0034,0.0012,0.0534,-0.01,-0.0429,-0.0025,0.0006,35.78
6078137364,아시아드컨트리클럽(주),0.0283,0.0088,0.005,0.0775,0.0007,0.0176,0.0052,0.0014,0.001,0.0004,0.0009,-0.0195,-0.0038,0.0725,-0.0768,0.0169,-0.0124,-0.0038,-0.0004,-0.0006,0.0005,35.78
2158710848,보람상조애니콜주식회사,,,,,,,0.0012,0.1401,0.0973,0.0507,0.0103,0.0,0.0,0.0,0.0,0.0,0.0,0.1389,-0.0428,-0.0466,-0.0404,35.52
1288100442,신고려관광주식회사,0.0019,0.0006,0.001,0.0006,0.0003,0.0005,0.0008,0.0002,0.0004,0.0003,0.0004,-0.0013,0.0004,-0.0004,-0.0003,0.0002,0.0003,-0.0006,0.0002,-0.0001,0.0001,35.11
2228118069,블랙밸리컨트리클럽(주),,,,,0.0003,0.0007,0.0007,0.0002,0.0001,0.0001,0.0004,0.0,0.0,0.0,0.0,0.0004,0.0,-0.0005,-0.0001,0.0,0.0003,34.73
4098181932,동화기업(주),0.006,0.0035,0.0047,0.0042,0.0023,0.0041,0.0049,0.0051,0.0006,0.0019,0.0014,-0.0025,0.0012,-0.0005,-0.0019,0.0018,0.0008,0.0002,-0.0045,0.0013,-0.0005,34.23
4048139235,석정레져주식회사,0.0003,0.0016,0.0049,0.0014,0.0002,0.0011,0.0013,0.0005,0.0002,0.0002,0.0004,0.0013,0.0033,-0.0035,-0.0012,0.0009,0.0002,-0.0008,-0.0003,0.0,0.0002,34.09
1268106663,주식회사동승골프앤리조트,0.0986,0.0514,0.0089,0.0404,0.0007,0.0027,0.002,0.0006,0.0003,0.0002,0.0006,-0.0472,-0.0425,0.0315,-0.0397,0.002,-0.0007,-0.0014,-0.0003,-0.0001,0.0004,33.91
5058104835,보문개발주식회사,0.0004,0.0004,0.0013,0.0012,0.0001,0.0004,0.0024,0.0009,0.0007,0.0013,0.0012,0.0,0.0009,-0.0001,-0.0011,0.0003,0.002,-0.0015,-0.0002,0.0006,-0.0001,33.78
3038124249,(주)신천지리조트,0.004,0.0048,0.0226,0.019,0.0101,0.0069,0.0115,0.1312,0.3473,0.0025,0.002,0.0008,0.0178,-0.0036,-0.0089,-0.0032,0.0046,0.1197,0.2161,-0.3448,-0.0005,33.76
5028167049,(주)대구시민프로축구단,0.0728,0.0496,0.093,0.1434,0.0025,0.0184,0.04,0.0037,0.0091,0.0003,0.0004,-0.0232,0.0434,0.0504,-0.1409,0.0159,0.0216,-0.0363,0.0054,-0.0088,0.0001,33.46
7258601081,(주)영종오렌지,,,,,,,0.0036,0.0141,0.0009,0.0003,0.0008,0.0,0.0,0.0,0.0,0.0,0.0,0.0105,-0.0132,-0.0006,0.0005,33.4
1068640473,주식회사리더스스타코리아,0.0007,0.0234,0.0192,0.0085,0.0072,0.0039,0.0059,0.0009,0.0014,0.0029,0.0007,0.0227,-0.0042,-0.0107,-0.0013,-0.0033,0.002,-0.005,0.0005,0.0015,-0.0022,33.34
2208891874,주식회사팜트리커머스,,,,,,,,,0.0001,0.0001,0.0002,0.0,0.0,0.0,0.0,0.0,0.0,0.0,0.0,0.0,0.0001,33.22
1358105071,(주)삼흥,0.0028,0.0357,0.0111,0.0024,0.0026,0.0006,0.0008,0.0011,0.0003,0.0003,0.0004,0.0329,-0.0246,-0.0087,0.0002,-0.002,0.0002,0.0003,-0.0008,0.0,0.0001,33.17
2298111811,(주)엘비젼,0.0016,0.0027,0.0103,0.0046,0.0027,0.0042,0.034,0.1022,0.0369,0.0102,0.0058,0.0011,0.0076,-0.0057,-0.0019,0.0015,0.0298,0.0682,-0.0653,-0.0267,-0.0044,33.13
1148188283,주식회사미켈란스포츠센터,,,,,,,0.0059,0.0865,0.0015,0.0024,0.0014,0.0,0.0,0.0,0.0,0.0,0.0,0.0806,-0.085,0.0009,-0.001,32.85
5528702214,주식회사씨앤아일랜드,,,,,,,,,0.0003,0.0031,0.0009,0.0,0.0,0.0,0.0,0.0,0.0,0.0,0.0,0.0028,-0.0022,32.61
1268117608,남여주레저개발주식회사,0.0005,0.0002,0.0017,0.0013,0.0003,0.0009,0.0019,0.0011,0.0001,0.0001,0.0003,-0.0003,0.0015,-0.0004,-0.001,0.0006,0.001,-0.0008,-0.001,0.0,0.0002,31.86
4098163690,대호관광개발주식회사,0.003,0.0232,0.0022,0.0481,0.0008,0.0023,0.0026,0.0007,0.0004,0.0003,0.0005,0.0202,-0.021,0.0459,-0.0473,0.0015,0.0003,-0.0019,-0.0003,-0.0001,0.0002,31.66
2208779209,보람상조피플(주),0.0765,0.0051,0.0173,0.0369,0.0038,0.0033,0.0529,0.0178,0.0021,0.007,0.0012,-0.0714,0.0122,0.0196,-0.0331,-0.0005,0.0496,-0.0351,-0.0157,0.0049,-0.0058,31.39
1268107997,(주)금강레저,0.0029,0.0075,0.0028,0.0014,0.0003,0.0008,0.0015,0.0002,0.0003,0.0001,0.0002,0.0046,-0.0047,-0.0014,-0.0011,0.0005,0.0007,-0.0013,0.0001,-0.0002,0.0001,31.23
2268801889,(주)해브펀,,,,,,,,0.0056,0.191,0.0068,0.0018,0.0,0.0,0.0,0.0,0.0,0.0,0.0,0.1854,-0.1842,-0.005,31.21
1028125209,천룡종합개발(주),0.0292,0.0697,0.0497,0.0426,0.245,0.0049,0.0055,0.0094,0.0015,0.0003,0.0006,0.0405,-0.02,-0.0071,0.2024,-0.2401,0.0006,0.0039,-0.0079,-0.0012,0.0003,30.7
4088111016,남화산업(주),0.0004,0.001,0.0021,0.0013,0.0003,0.0007,0.0008,0.0002,0.0001,0.0001,0.0002,0.0006,0.0011,-0.0008,-0.001,0.0004,0.0001,-0.0006,-0.0001,0.0,0.0001,30.46
4458801006,(주)메리빌리아,,,,,,,,,0.0,0.0002,0.0002,0.0,0.0,0.0,0.0,0.0,0.0,0.0,0.0,0.0002,0.0,30.11
4428101726,스포츠토토코리아,,,,,,,0.0015,0.0081,0.0005,0.0004,0.0005,0.0,0.0,0.0,0.0,0.0,0.0,0.0066,-0.0076,-0.0001,0.0001,29.91
5988100092,주식회사웨딩그룹위더스광주,,,,,0.0004,0.0007,0.0004,0.0006,0.0001,0.0001,0.0002,0.0,0.0,0.0,0.0,0.0003,-0.0003,0.0002,-0.0005,0.0,0.0001,29.91
2458600228,천우모빌리티(주),,,,,,,0.0017,0.0014,,0.0011,0.001,0.0,0.0,0.0,0.0,0.0,0.0,-0.0003,0.0,0.0,-0.0001,29.54
2148196569,(주)한솥,0.0006,0.0008,0.0015,0.0024,0.0002,0.0003,0.0007,0.0009,0.0006,0.0002,0.0004,0.0002,0.0007,0.0009,-0.0022,0.0001,0.0004,0.0002,-0.0003,-0.0004,0.0002,28.9
1298666817,주식회사케이디헬스케어,,,,,0.0002,0.0004,0.0076,0.01,0.0372,0.0075,0.0014,0.0,0.0,0.0,0.0,0.0002,0.0072,0.0024,0.0272,-0.0297,-0.0061,28.66
1428132881,한성관광개발주식회사,0.0054,0.0327,0.0068,0.0008,0.0002,0.0022,0.0022,0.0018,0.0004,0.0003,0.0004,0.0273,-0.0259,-0.006,-0.0006,0.002,0.0,-0.0004,-0.0014,-0.0001,0.0001,28.56
6148701769,주식회사정석골프앤리조트,,,,,,,,,0.0002,0.0009,0.0005,0.0,0.0,0.0,0.0,0.0,0.0,0.0,0.0,0.0007,-0.0004,28.27
1348617429,(주)한국티씨엠,,,,,,0.0004,0.0008,0.0023,0.0007,0.0002,0.0004,0.0,0.0,0.0,0.0,0.0,0.0004,0.0015,-0.0016,-0.0005,0.0002,27.94
2258110770,(주)강원랜드,0.0006,0.0014,0.0015,0.0006,0.0002,0.0005,0.0192,0.0196,0.002,0.0004,0.0005,0.0008,0.0001,-0.0009,-0.0004,0.0003,0.0187,0.0004,-0.0176,-0.0016,0.0001,27.87
6218103711,양산컨트리클럽(주),0.0125,0.0094,0.0108,0.0009,0.0005,0.0003,0.0006,0.0005,0.0003,0.0002,0.0003,-0.0031,0.0014,-0.0099,-0.0004,-0.0002,0.0003,-0.0001,-0.0002,-0.0001,0.0001,27.68
5028109563,우경개발(주),0.0016,0.0066,0.0015,0.0011,0.0004,0.0016,0.0016,0.0006,0.0003,0.0002,0.0003,0.005,-0.0051,-0.0004,-0.0007,0.0012,0.0,-0.001,-0.0003,-0.0001,0.0001,27.53
1188109785,(주)안세기술,,,,,,0.0013,0.002,,0.0028,0.0016,0.0014,0.0,0.0,0.0,0.0,0.0,0.0007,0.0,0.0,-0.0012,-0.0002,27.39
4388800902,(주)아모르컨벤션웨딩,,,,,,0.0025,0.0176,0.0009,0.0004,0.0001,0.0003,0.0,0.0,0.0,0.0,0.0,0.0151,-0.0167,-0.0005,-0.0003,0.0002,27.17
3078135786,세종개발주식회사,,,,0.0006,0.0,0.0002,0.0008,0.0007,0.0001,0.0002,0.0002,0.0,0.0,0.0,-0.0006,0.0002,0.0006,-0.0001,-0.0006,0.0001,0.0,26.52
2068642878,텍넷주식회사,,,,,,,0.0011,0.0069,0.0057,0.0021,0.0019,0.0,0.0,0.0,0.0,0.0,0.0,0.0058,-0.0012,-0.0036,-0.0002,26.28
5198602146,라운더스,,,,,,,,,0.0002,0.001,0.0004,0.0,0.0,0.0,0.0,0.0,0.0,0.0,0.0,0.0008,-0.0006,26.23
5538101502,주식회사대경컨벤션,,,,,,,,,0.0001,0.0012,0.0004,0.0,0.0,0.0,0.0,0.0,0.0,0.0,0.0,0.0011,-0.0008,26.22
8138802023,주식회사샹그릴라자산관리,,,,,,,,0.0021,0.0013,0.0024,0.0006,0.0,0.0,0.0,0.0,0.0,0.0,0.0,-0.0008,0.0011,-0.0018,25.79
1358186735,(주)제이에스리미티드,0.0024,0.0113,0.0039,0.0173,0.0015,0.0069,0.0015,0.003,0.0004,0.0024,0.0006,0.0089,-0.0074,0.0134,-0.0158,0.0054,-0.0054,0.0015,-0.0026,0.002,-0.0018,25.64
6628700963,주식회사쉼,,,,,,,,0.003,0.0039,0.0025,0.001,0.0,0.0,0.0,0.0,0.0,0.0,0.0,0.0009,-0.0014,-0.0015,25.51
6218104118,(주)동일리조트,0.0008,0.0016,0.0022,0.0029,0.0009,0.0012,0.0089,0.0007,0.0003,0.0001,0.0002,0.0008,0.0006,0.0007,-0.002,0.0003,0.0077,-0.0082,-0.0004,-0.0002,0.0001,25.3
1058772135,주식회사웨딩그룹위더스영등포,,,,,0.0013,0.001,0.0004,0.0018,0.0002,0.0001,0.0002,0.0,0.0,0.0,0.0,-0.0003,-0.0006,0.0014,-0.0016,-0.0001,0.0001,25.07
2208771736,(주)에스디엔제이홀딩스,0.0004,0.0004,0.0006,0.0005,0.0003,0.0006,0.0017,0.0006,0.0,0.0001,0.0001,0.0,0.0002,-0.0001,-0.0002,0.0003,0.0011,-0.0011,-0.0006,0.0001,0.0,24.81
1328104132,주식회사다함레저,0.0007,0.0032,0.0017,0.0046,0.0065,0.0011,0.0035,0.0005,0.0005,0.0004,0.0004,0.0025,-0.0015,0.0029,0.0019,-0.0054,0.0024,-0.003,0.0,-0.0001,0.0,24.79
6158101794,현일개발주식회사,0.0128,0.0083,0.006,0.0025,0.0007,0.0019,0.0024,0.0037,0.0002,0.0001,0.0002,-0.0045,-0.0023,-0.0035,-0.0018,0.0012,0.0005,0.0013,-0.0035,-0.0001,0.0001,24.78
1098120807,주식회사KBS비즈니스,0.0149,0.0131,0.0054,0.0018,0.0002,0.0004,0.0106,0.0011,0.0009,0.0006,0.0006,-0.0018,-0.0077,-0.0036,-0.0016,0.0002,0.0102,-0.0095,-0.0002,-0.0003,0.0,24.78
1348679823,(주)코스모스제일장례식장,0.0018,0.0024,0.0148,0.0021,0.0009,0.0017,0.0038,0.0005,0.0017,0.0014,0.0008,0.0006,0.0124,-0.0127,-0.0012,0.0008,0.0021,-0.0033,0.0012,-0.0003,-0.0006,24.73
6858701228,주식회사성지,,,,,,,,0.0038,0.0024,0.0026,0.0006,0.0,0.0,0.0,0.0,0.0,0.0,0.0,-0.0014,0.0002,-0.002,24.58
1268191082,(주)아리지,0.0005,0.0009,0.0012,0.0008,0.0003,0.0005,0.0005,0.0003,0.0002,0.0,0.0001,0.0004,0.0003,-0.0004,-0.0005,0.0002,0.0,-0.0002,-0.0001,-0.0002,0.0001,24.04
2208641462,주식회사케이비오피,,,,,,0.0008,0.0048,0.0102,0.0071,0.0043,0.0018,0.0,0.0,0.0,0.0,0.0,0.004,0.0054,-0.0031,-0.0028,-0.0025,23.97
1268616507,임광개발주식회사,0.0091,0.1527,0.0035,0.0448,0.0067,0.0093,0.0327,0.0071,0.0004,0.0006,0.0005,0.1436,-0.1492,0.0413,-0.0381,0.0026,0.0234,-0.0256,-0.0067,0.0002,-0.0001,23.85
1188108525,주식회사경동티에스,,,,,0.0008,0.0008,0.0018,0.0021,0.0014,0.0001,0.0002,0.0,0.0,0.0,0.0,0.0,0.001,0.0003,-0.0007,-0.0013,0.0001,23.77
1208725612,크리스찬상조,,0.0023,0.0362,0.0412,0.0141,0.0639,0.2699,0.0074,0.0007,0.0028,0.0005,0.0,0.0339,0.005,-0.0271,0.0498,0.206,-0.2625,-0.0067,0.0021,-0.0023,23.6
5058113353,주식회사골든크라운,,,,0.0113,0.0191,0.0082,0.0035,0.0024,0.0019,0.0014,0.0012,0.0,0.0,0.0,0.0078,-0.0109,-0.0047,-0.0011,-0.0005,-0.0005,-0.0002,22.72
6168120154,이어도컨트리클럽주식회사,0.0479,0.0897,0.1839,0.1044,0.0294,0.1444,0.0532,0.0386,0.0021,0.0021,0.0009,0.0418,0.0942,-0.0795,-0.075,0.115,-0.0912,-0.0146,-0.0365,0.0,-0.0012,22.55
2048622857,주식회사삼육리더스라이프,,,0.0007,0.0106,0.0043,0.0087,0.0021,0.0006,0.0002,0.0002,0.0002,0.0,0.0,0.0099,-0.0063,0.0044,-0.0066,-0.0015,-0.0004,0.0,0.0,22.51
2208653968,경주월드주식회사,0.0012,0.0031,0.0024,0.0009,0.0004,0.0011,0.0175,0.0061,0.0011,0.0005,0.0005,0.0019,-0.0007,-0.0015,-0.0005,0.0007,0.0164,-0.0114,-0.005,-0.0006,0.0,21.29
1358102491,주식회사서울레이크사이드,0.0036,0.0026,0.0126,0.0017,0.0012,0.0029,0.0016,0.0005,0.0012,0.0007,0.0005,-0.001,0.01,-0.0109,-0.0005,0.0017,-0.0013,-0.0011,0.0007,-0.0005,-0.0002,21.13
1278112886,주식회사귀뚜라미랜드,0.0011,0.0003,0.0007,0.0009,0.0001,0.0001,0.0006,0.0003,0.0001,0.0001,0.0001,-0.0008,0.0004,0.0002,-0.0008,0.0,0.0005,-0.0003,-0.0002,0.0,0.0,21.1
1258115854,(주)대한공업사,0.0093,0.0007,0.0033,0.002,0.0038,0.0061,0.0015,0.0039,0.0031,0.0019,0.0011,-0.0086,0.0026,-0.0013,0.0018,0.0023,-0.0046,0.0024,-0.0008,-0.0012,-0.0008,20.36
3128100483,주식회사도고칸트리구락부,0.0142,0.0086,0.0067,0.0028,0.0005,0.0005,0.002,0.0023,0.0008,0.0004,0.0004,-0.0056,-0.0019,-0.0039,-0.0023,0.0,0.0015,0.0003,-0.0015,-0.0004,0.0,20.19
1208721445,한국여자프로골프투어주식회사,,,0.0005,0.0003,0.0001,0.0001,,,0.0001,0.0005,0.0,0.0,0.0,-0.0002,-0.0002,0.0,0.0,0.0,0.0,0.0004,-0.0005,20.12
2148709498,스카이칠십이(주),0.0004,0.001,0.0023,0.0029,0.0003,0.001,0.002,0.0064,0.0088,0.0022,0.0005,0.0006,0.0013,0.0006,-0.0026,0.0007,0.001,0.0044,0.0024,-0.0066,-0.0017,19.09
2118858191,엘비라이프주식회사,,0.0017,0.0015,0.0171,0.0136,0.0226,0.0643,0.0178,0.0042,0.0025,0.0011,0.0,-0.0002,0.0156,-0.0035,0.009,0.0417,-0.0465,-0.0136,-0.0017,-0.0014,18.89
6208103004,(주)반도개발,0.0028,0.0055,0.0269,0.0108,0.0005,0.0072,0.0096,0.0038,0.0005,0.0003,0.0003,0.0027,0.0214,-0.0161,-0.0103,0.0067,0.0024,-0.0058,-0.0033,-0.0002,0.0,18.67
1268100112,아이.지.앰.주식회사,0.0007,0.0009,0.0033,0.0015,0.0019,0.0017,0.0007,0.0004,0.0003,0.0002,0.0002,0.0002,0.0024,-0.0018,0.0004,-0.0002,-0.001,-0.0003,-0.0001,-0.0001,0.0,18.61
1068700099,제이앤씨티주식회사,,,,0.0025,0.1226,0.0034,0.0003,0.0007,0.0003,0.0002,0.0002,0.0,0.0,0.0,0.1201,-0.1192,-0.0031,0.0004,-0.0004,-0.0001,0.0,18.16
1108160003,(주)준오뷰티,0.0006,0.0002,0.0007,0.0008,0.0001,0.0005,0.001,0.0004,0.0004,0.0004,0.0002,-0.0004,0.0005,0.0001,-0.0007,0.0004,0.0005,-0.0006,0.0,0.0,-0.0002,18.07
5088132572,신우개발주식회사,0.0186,0.0044,0.0048,0.0044,0.0003,0.0017,0.0047,0.0007,0.0004,0.0004,0.0003,-0.0142,0.0004,-0.0004,-0.0041,0.0014,0.003,-0.004,-0.0003,0.0,-0.0001,17.04
1048140579,(주)피엠씨프러덕션,0.0011,0.0008,0.0083,0.1081,0.0039,0.0024,0.1662,0.2395,0.0149,0.0004,0.0004,-0.0003,0.0075,0.0998,-0.1042,-0.0015,0.1638,0.0733,-0.2246,-0.0145,0.0,16.93
4098197244,덕승개발(주),0.0036,0.0149,0.0071,0.0517,0.0024,0.0029,0.004,0.0003,0.0002,0.0001,0.0001,0.0113,-0.0078,0.0446,-0.0493,0.0005,0.0011,-0.0037,-0.0001,-0.0001,0.0,16.9
1308151890,(주)부천장례예식장,,,,0.0006,0.0009,0.0019,0.0097,0.0005,0.0002,0.0001,0.0001,0.0,0.0,0.0,0.0003,0.001,0.0078,-0.0092,-0.0003,-0.0001,0.0,16.61
1278127642,삼보개발주식회사,0.0003,0.0006,0.0003,0.0004,0.0001,0.0015,0.0007,0.0004,0.0003,0.0001,0.0001,0.0003,-0.0003,0.0001,-0.0003,0.0014,-0.0008,-0.0003,-0.0001,-0.0002,0.0,16.54
1128100961,삼모흥업(주),0.0004,0.0002,0.0028,0.0003,0.0003,0.0012,0.0316,0.0405,0.0055,0.0003,0.0003,-0.0002,0.0026,-0.0025,0.0,0.0009,0.0304,0.0089,-0.035,-0.0052,0.0,15.93
2118649403,(주)서울오션아쿠아리움,0.0062,0.0445,0.0148,0.0225,0.0021,0.006,0.1086,0.0322,0.0066,0.0024,0.0009,0.0383,-0.0297,0.0077,-0.0204,0.0039,0.1026,-0.0764,-0.0256,-0.0042,-0.0015,15.84
2278600536,에스제이산림조합상조주식회사,,,,,0.0023,0.0106,0.0148,0.004,0.0008,0.0006,0.0005,0.0,0.0,0.0,0.0,0.0083,0.0042,-0.0108,-0.0032,-0.0002,-0.0001,14.97
1068669897,주식회사월드아이,,,0.0015,0.0423,0.0081,0.0036,0.0384,0.1345,0.0044,0.0013,0.0007,0.0,0.0,0.0408,-0.0342,-0.0045,0.0348,0.0961,-0.1301,-0.0031,-0.0006,13.94
2618113735,주식회사다이렉트컴즈,,,,,,,,0.0007,0.0011,0.0002,0.0001,0.0,0.0,0.0,0.0,0.0,0.0,0.0,0.0004,-0.0009,-0.0001,13.85
1248198022,(주)대영베이스,0.0003,0.0004,0.0026,0.0031,0.0002,0.0006,0.0006,0.0004,0.0002,0.0002,0.0001,0.0001,0.0022,0.0005,-0.0029,0.0004,0.0,-0.0002,-0.0002,0.0,-0.0001,13.76
2148662064,(주)신시컴퍼니,0.0795,0.0559,0.0033,0.0167,0.0548,0.0019,0.0597,0.0036,0.002,0.0009,0.0005,-0.0236,-0.0526,0.0134,0.0381,-0.0529,0.0578,-0.0561,-0.0016,-0.0011,-0.0004,13.52
7268701121,(주)하이빌,,,,,,,,0.0012,0.0009,0.0006,0.0004,0.0,0.0,0.0,0.0,0.0,0.0,0.0,-0.0003,-0.0003,-0.0002,13.5
6208101971,주식회사영남알프스레져,0.002,0.0427,0.1217,0.0065,0.0138,0.0157,0.0045,0.0028,0.0012,0.0007,0.0004,0.0407,0.079,-0.1152,0.0073,0.0019,-0.0112,-0.0017,-0.0016,-0.0005,-0.0003,12.16
8808800331,주식회사대영온천,,,0.003,0.0088,0.0012,0.0044,0.0939,0.1131,0.0011,0.0005,0.0004,0.0,0.0,0.0058,-0.0076,0.0032,0.0895,0.0192,-0.112,-0.0006,-0.0001,11.13
1258105429,(주)한일,0.0123,0.0161,0.0156,0.0051,0.0018,0.0017,0.0049,0.0006,0.0005,0.0003,0.0002,0.0038,-0.0005,-0.0105,-0.0033,-0.0001,0.0032,-0.0043,-0.0001,-0.0002,-0.0001,10.9
6098610987,(주)보훈상조,,,,0.0012,0.0269,0.0192,0.017,0.0114,0.0009,0.0004,0.0003,0.0,0.0,0.0,0.0257,-0.0077,-0.0022,-0.0056,-0.0105,-0.0005,-0.0001,10.35
3088120383,주식회사일상,0.0014,0.0022,0.0027,0.0063,0.0018,0.0027,0.0014,0.005,0.0005,0.0003,0.0002,0.0008,0.0005,0.0036,-0.0045,0.0009,-0.0013,0.0036,-0.0045,-0.0002,-0.0001,9.49
4088110531,(주)파인힐스,0.0061,0.004,0.0432,0.0102,0.008,0.0034,0.0124,0.0019,0.0008,0.0003,0.0001,-0.0021,0.0392,-0.033,-0.0022,-0.0046,0.009,-0.0105,-0.0011,-0.0005,-0.0002,7.35
1018184336,주식회사초록뱀엔터테인먼트,0.0003,0.0005,0.0057,0.0178,0.001,0.0032,0.0068,0.0934,0.008,,,0.0002,0.0052,0.0121,-0.0168,0.0022,0.0036,0.0866,-0.0854,0.0,0.0,
1018192928,(주)예감,0.1266,,,,,,,,,,,0.0,0.0,0.0,0.0,0.0,0.0,0.0,0.0,0.0,0.0,
1018633676,유진비디에스주식회사,0.0044,0.0009,0.0011,0.0011,0.0002,0.0401,,,,,,-0.0035,0.0002,0.0,-0.0009,0.0399,0.0,0.0,0.0,0.0,0.0,
1018644979,(주)연타운,,,0.0013,0.0707,0.0231,0.0373,,,,,,0.0,0.0,0.0694,-0.0476,0.0142,0.0,0.0,0.0,0.0,0.0,
1028140097,주식회사석파문화원,0.9006,,,,,,,,,,,0.0,0.0,0.0,0.0,0.0,0.0,0.0,0.0,0.0,0.0,
1028700457,농업회사법인주식회사여울,,,0.0034,0.0923,0.9639,,,,,,,0.0,0.0,0.0889,0.8716,0.0,0.0,0.0,0.0,0.0,0.0,
1038800480,(주)피렌체,,,,0.0058,0.0608,0.2344,0.1658,0.9726,,,,0.0,0.0,0.0,0.055,0.1736,-0.0686,0.8068,0.0,0.0,0.0,
1048142785,(주)대우전자서비스,0.0044,0.006,0.0052,0.0028,0.0011,,,,,,,0.0016,-0.0008,-0.0024,-0.0017,0.0,0.0,0.0,0.0,0.0,0.0,
1048148192,(주)교원투어,0.0012,0.0744,0.0451,0.0193,0.004,0.0028,0.0088,0.0882,0.2201,,,0.0732,-0.0293,-0.0258,-0.0153,-0.0012,0.006,0.0794,0.1319,0.0,0.0,
1048196184,그랜드코리아레저(주),0.0003,0.0005,0.0036,0.0009,0.0002,0.0008,0.088,0.065,0.0353,,,0.0002,0.0031,-0.0027,-0.0007,0.0006,0.0872,-0.023,-0.0297,0.0,0.0,
1048601101,래복,0.1554,0.1323,0.0046,0.0096,,,,,,,,-0.0231,-0.1277,0.005,0.0,0.0,0.0,0.0,0.0,0.0,0.0,
1048608104,주식회사제주미술관,0.0074,0.045,0.0113,0.0068,0.004,0.0408,,,,,,0.0376,-0.0337,-0.0045,-0.0028,0.0368,0.0,0.0,0.0,0.0,0.0,
1048618688,제이티앤미디어(주),,,0.0017,0.0217,0.003,0.0011,0.0026,,,,,0.0,0.0,0.02,-0.0187,-0.0019,0.0015,0.0,0.0,0.0,0.0,
1048622085,(주)제주해양과학관,0.9512,,,,,,,,,,,0.0,0.0,0.0,0.0,0.0,0.0,0.0,0.0,0.0,0.0,
1048628696,(주)일산씨월드,0.1258,0.1573,0.0172,0.0046,0.002,0.0028,0.0818,0.0886,0.0465,,,0.0315,-0.1401,-0.0126,-0.0026,0.0008,0.079,0.0068,-0.0421,0.0,0.0,
1048630469,주식회사교원라이프,0.0334,0.0254,0.0592,0.0451,0.8856,,,,,,,-0.008,0.0338,-0.0141,0.8405,0.0,0.0,0.0,0.0,0.0,0.0,
1058123516,유한산업주식회사,0.0037,0.0041,0.0139,0.0084,0.0124,0.0308,0.1126,0.0089,,,,0.0004,0.0098,-0.0055,0.004,0.0184,0.0818,-0.1037,0.0,0.0,0.0,
1058606429,오토플러스주식회사,0.0193,0.0096,0.0069,0.0343,0.0483,0.9149,,,,,,-0.0097,-0.0027,0.0274,0.014,0.8666,0.0,0.0,0.0,0.0,0.0,
1058691101,(주)엔에스디영상,0.1582,0.0256,0.0312,,,,,,,,,-0.1326,0.0056,0.0,0.0,0.0,0.0,0.0,0.0,0.0,0.0,
1068135806,주식회사성남시민프로축구단,0.1931,0.9673,,,,,,,,,,0.7742,0.0,0.0,0.0,0.0,0.0,0.0,0.0,0.0,0.0,
1068659521,주식회사대노복지사업단,0.9147,,,,,,,,,,,0.0,0.0,0.0,0.0,0.0,0.0,0.0,0.0,0.0,0.0,
1068693970,한국통합상조(주),,,0.0006,0.0528,0.002,0.0113,0.0738,0.0142,0.0003,0.0004,,0.0,0.0,0.0522,-0.0508,0.0093,0.0625,-0.0596,-0.0139,0.0001,0.0,
1068702253,유모멘트주식회사,,,,,,0.0035,0.1726,0.9865,,,,0.0,0.0,0.0,0.0,0.0,0.1691,0.8139,0.0,0.0,0.0,
1068702888,캥거루리퍼블릭,0.0026,0.3152,0.1143,0.1053,0.1714,,,,,,,0.3126,-0.2009,-0.009,0.0661,0.0,0.0,0.0,0.0,0.0,0.0,
1078113241,(주)두산베어스,0.0804,0.1696,0.9555,,,,,,,,,0.0892,0.7859,0.0,0.0,0.0,0.0,0.0,0.0,0.0,0.0,
1078136453,(주)원정,0.0018,0.0054,0.0225,0.1255,0.0865,0.9647,,,,,,0.0036,0.0171,0.103,-0.039,0.8782,0.0,0.0,0.0,0.0,0.0,
1078193565,스포츠토토(주),0.0009,0.0007,,,,,,,,,,-0.0002,0.0,0.0,0.0,0.0,0.0,0.0,0.0,0.0,0.0,
1078755879,(주)제이드컬쳐,0.9955,,,,,,,,,,,0.0,0.0,0.0,0.0,0.0,0.0,0.0,0.0,0.0,0.0,
1088172942,주현의료법인상조주식회사,0.0033,0.0151,0.0363,,,,,,,,,0.0118,0.0212,0.0,0.0,0.0,0.0,0.0,0.0,0.0,0.0,
1088605642,(주)코바이엔이,0.1149,0.9841,,,,,,,,,,0.8692,0.0,0.0,0.0,0.0,0.0,0.0,0.0,0.0,0.0,
1098607226,신영종합개발주식회사,0.1241,0.923,,,,,,,,,,0.7989,0.0,0.0,0.0,0.0,0.0,0.0,0.0,0.0,0.0,
1108131565,(주)남이섬,0.0006,0.0001,0.0026,0.0003,0.0001,0.0003,0.007,0.0872,0.0093,,,-0.0005,0.0025,-0.0023,-0.0002,0.0002,0.0067,0.0802,-0.0779,0.0,0.0,
1108160395,백운산업개발주식회사,0.0127,0.115,0.0586,,,,,,,,,0.1023,-0.0564,0.0,0.0,0.0,0.0,0.0,0.0,0.0,0.0,
1108171849,주식회사팜스산업,0.0594,0.0054,0.0145,0.0666,0.003,0.0254,,,,,,-0.054,0.0091,0.0521,-0.0636,0.0224,0.0,0.0,0.0,0.0,0.0,
1138669949,주식회사미즈맘메디컬센터,0.0174,0.0924,0.1125,0.8922,,,,,,,,0.075,0.0201,0.7797,0.0,0.0,0.0,0.0,0.0,0.0,0.0,
1148176152,주식회사피더블유피,,,,,,,,0.0005,0.0596,0.012,,0.0,0.0,0.0,0.0,0.0,0.0,0.0,0.0591,-0.0476,0.0,
1148632746,씨피씨개발주식회사,0.0045,0.009,0.0025,0.0316,0.0045,0.008,,,,,,0.0045,-0.0065,0.0291,-0.0271,0.0035,0.0,0.0,0.0,0.0,0.0,
1148682149,(주)아티스트컴퍼니,0.0011,0.0078,0.0097,0.0212,0.069,0.0359,0.1027,0.8342,,,,0.0067,0.0019,0.0115,0.0478,-0.0331,0.0668,0.7315,0.0,0.0,0.0,
1148685700,주)두성디엔에스,,,,,,,0.0021,0.1459,0.0082,,,0.0,0.0,0.0,0.0,0.0,0.0,0.1438,-0.1377,0.0,0.0,
1148694252,휴먼라이프주식회사,0.0044,0.2308,0.8076,,,,,,,,,0.2264,0.5768,0.0,0.0,0.0,0.0,0.0,0.0,0.0,0.0,
1148711452,(주)에스에스피기업,0.0361,0.981,,,,,,,,,,0.9449,0.0,0.0,0.0,0.0,0.0,0.0,0.0,0.0,0.0,
1148715915,주식회사우전타워,0.0021,0.3837,0.9201,,,,,,,,,0.3816,0.5364,0.0,0.0,0.0,0.0,0.0,0.0,0.0,0.0,
1168151384,(주)인텔로그디앤씨,0.1943,0.1658,0.1016,0.1476,0.108,0.1876,,,,,,-0.0285,-0.0642,0.046,-0.0396,0.0796,0.0,0.0,0.0,0.0,0.0,
1178168419,(주)익성,0.001,0.0012,0.0096,0.006,0.0025,0.0033,0.0068,0.0107,0.1876,0.0263,,0.0002,0.0084,-0.0036,-0.0035,0.0008,0.0035,0.0039,0.1769,-0.1613,0.0,
1178189883,(주)앤앤컴퍼니,,,,,,0.0032,0.3387,0.0553,,,,0.0,0.0,0.0,0.0,0.0,0.3355,-0.2834,0.0,0.0,0.0,
1178193072,(주)에스디하우징,,,,,,0.0066,0.0981,0.9877,,,,0.0,0.0,0.0,0.0,0.0,0.0915,0.8896,0.0,0.0,0.0,
1198164267,주식회사샴발라,0.1127,0.9336,,,,,,,,,,0.8209,0.0,0.0,0.0,0.0,0.0,0.0,0.0,0.0,0.0,
1198641842,(주)제이엠씨코퍼레이션,,,,,0.0002,0.0013,0.0008,0.002,0.0007,,,0.0,0.0,0.0,0.0,0.0011,-0.0005,0.0012,-0.0013,0.0,0.0,
1208654385,(주)마리진,0.0032,0.0021,0.0136,0.0059,0.0048,0.2679,0.1165,0.9906,,,,-0.0011,0.0115,-0.0077,-0.0011,0.2631,-0.1514,0.8741,0.0,0.0,0.0,
1208691696,(주)골프존카운티자산관리,0.9782,,,,,,,,,,,0.0,0.0,0.0,0.0,0.0,0.0,0.0,0.0,0.0,0.0,
1208730677,주식회사대현하이웨이,0.0013,0.0043,0.0055,0.0041,0.0122,0.3158,0.8071,,,,,0.003,0.0012,-0.0014,0.0081,0.3036,0.4913,0.0,0.0,0.0,0.0,
1208782345,주식회사벨티스톤,,,,,,,0.0055,0.0836,0.0007,,,0.0,0.0,0.0,0.0,0.0,0.0,0.0781,-0.0829,0.0,0.0,
1208787980,(주)더블제이디앤씨,,0.003,0.0074,0.0026,0.0005,0.0026,,,,,,0.0,0.0044,-0.0048,-0.0021,0.0021,0.0,0.0,0.0,0.0,0.0,
1208798658,로얄링스주식회사,0.1463,0.5084,0.977,,,,,,,,,0.3621,0.4686,0.0,0.0,0.0,0.0,0.0,0.0,0.0,0.0,
1218171403,주)유월드,,0.0028,0.0126,0.0056,0.1009,0.1927,,,,,,0.0,0.0098,-0.007,0.0953,0.0918,0.0,0.0,0.0,0.0,0.0,
1218174166,베네치아코리아(주),0.9889,,,,,,,,,,,0.0,0.0,0.0,0.0,0.0,0.0,0.0,0.0,0.0,0.0,
1218601673,주식회사엠,0.0026,0.1172,0.9467,,,,,,,,,0.1146,0.8295,0.0,0.0,0.0,0.0,0.0,0.0,0.0,0.0,
1218612694,(주)왕산레저개발,0.0112,0.0586,0.1457,0.9386,,,,,,,,0.0474,0.0871,0.7929,0.0,0.0,0.0,0.0,0.0,0.0,0.0,
1218621515,알에프케이알주식회사,0.0035,0.0573,0.1212,0.108,0.0214,0.0511,0.945,,,,,0.0538,0.0639,-0.0132,-0.0866,0.0297,0.8939,0.0,0.0,0.0,0.0,
1218641879,주식회사소요나아트매니지먼트,,,,,,0.0052,0.008,0.0109,0.0001,,,0.0,0.0,0.0,0.0,0.0,0.0028,0.0029,-0.0108,0.0,0.0,
1228124145,(주)인천장례식장,,,0.0006,0.1768,0.1628,,,,,,,0.0,0.0,0.1762,-0.014,0.0,0.0,0.0,0.0,0.0,0.0,
1228171804,쌍용자동차부평정비사업소(주),0.0591,0.0045,0.0176,0.009,0.003,0.0047,,,,,,-0.0546,0.0131,-0.0086,-0.006,0.0017,0.0,0.0,0.0,0.0,0.0,
1228629413,주식회사태인,0.0016,0.0015,0.0169,0.0028,0.003,0.0017,0.0009,,,,,-0.0001,0.0154,-0.0141,0.0002,-0.0013,-0.0008,0.0,0.0,0.0,0.0,
1248135861,경안레저산업(주),0.1363,,,,0.9608,,,,,,,0.0,0.0,0.0,0.0,0.0,0.0,0.0,0.0,0.0,0.0,
1248139663,(주)엔씨씨,,,,,,0.0302,0.0029,0.0094,,,,0.0,0.0,0.0,0.0,0.0,-0.0273,0.0065,0.0,0.0,0.0,
1248180503,주식회사관악,0.0822,0.8918,,,,,,,,,,0.8096,0.0,0.0,0.0,0.0,0.0,0.0,0.0,0.0,0.0,
1248612368,(주)금당개발,0.0025,0.0013,,,,,,,,,,-0.0012,0.0,0.0,0.0,0.0,0.0,0.0,0.0,0.0,0.0,
1248624210,(주)지씨진천,0.0863,0.8657,,,,,,,,,,0.7794,0.0,0.0,0.0,0.0,0.0,0.0,0.0,0.0,0.0,
1248629802,주식회사삼성에이치제이에스,0.0092,0.241,0.0389,,,,,,,,,0.2318,-0.2021,0.0,0.0,0.0,0.0,0.0,0.0,0.0,0.0,
1248642106,주식회사도약,0.0159,0.9791,,,,,,,,,,0.9632,0.0,0.0,0.0,0.0,0.0,0.0,0.0,0.0,0.0,
1248657410,(주)남경레저,,,,,,,0.0198,0.9735,,,,0.0,0.0,0.0,0.0,0.0,0.0,0.9537,0.0,0.0,0.0,
1248731436,주식회사디에스에스에프앤비,,,,,0.0078,0.1076,0.9347,,,,,0.0,0.0,0.0,0.0,0.0998,0.8271,0.0,0.0,0.0,0.0,
1248742200,주식회사파티웨딩유,0.0012,0.0013,0.0067,0.0059,0.0023,0.0068,,,,,,0.0001,0.0054,-0.0008,-0.0036,0.0045,0.0,0.0,0.0,0.0,0.0,
1248747393,주식회사청학,0.0011,0.0228,0.012,0.0372,0.005,0.005,,,,,,0.0217,-0.0108,0.0252,-0.0322,0.0,0.0,0.0,0.0,0.0,0.0,
1258600375,주식회사서영,0.0721,,,,,,,,,,,0.0,0.0,0.0,0.0,0.0,0.0,0.0,0.0,0.0,0.0,
1268106794,보광개발(주),0.9316,,,,,,,,,,,0.0,0.0,0.0,0.0,0.0,0.0,0.0,0.0,0.0,0.0,
1268107852,청남관광주식회사,0.966,,,,,,,,,,,0.0,0.0,0.0,0.0,0.0,0.0,0.0,0.0,0.0,0.0,
1268108429,강남300컨트리클럽주식회사,0.3274,0.9565,,,,,,,,,,0.6291,0.0,0.0,0.0,0.0,0.0,0.0,0.0,0.0,0.0,
1268117286,신안개발주식회사,0.3248,0.9802,,,,,,,,,,0.6554,0.0,0.0,0.0,0.0,0.0,0.0,0.0,0.0,0.0,
1268145517,에이케이레저주식회사,0.0097,0.0095,0.0293,0.0068,0.0199,0.0324,0.9334,,,,,-0.0002,0.0198,-0.0225,0.0131,0.0125,0.901,0.0,0.0,0.0,0.0,
1268160333,주식회사중앙스포츠,0.001,0.002,0.0058,0.0025,0.0032,0.0069,,,,,,0.001,0.0038,-0.0033,0.0007,0.0037,0.0,0.0,0.0,0.0,0.0,
1268171408,(주)렉스필드컨트리클럽,0.9557,,,,,,,,,,,0.0,0.0,0.0,0.0,0.0,0.0,0.0,0.0,0.0,0.0,
1268188549,스카이캐슬,0.0023,0.0066,0.0043,0.0021,0.0042,,,,,,,0.0043,-0.0023,-0.0022,0.0021,0.0,0.0,0.0,0.0,0.0,0.0,
1268191030,동광레저주식회사,0.9886,,,,,,,,,,,0.0,0.0,0.0,0.0,0.0,0.0,0.0,0.0,0.0,0.0,
1268602997,주식회사희석그린,0.0326,0.0934,0.0615,0.0669,0.0989,0.1348,,,,,,0.0608,-0.0319,0.0054,0.032,0.0359,0.0,0.0,0.0,0.0,0.0,
1268659898,(주)이천설봉온천,,,,0.0055,0.0061,0.0041,0.084,0.0861,0.2475,,,0.0,0.0,0.0,0.0006,-0.002,0.0799,0.0021,0.1614,0.0,0.0,
1268700676,주식회사송운개발,,,,0.0065,0.1014,0.9768,,,,,,0.0,0.0,0.0,0.0949,0.8754,0.0,0.0,0.0,0.0,0.0,
1278134537,(주)유경,,,0.0012,0.0315,0.064,,,,,,,0.0,0.0,0.0303,0.0325,0.0,0.0,0.0,0.0,0.0,0.0,
1278149122,(주)신우,0.0137,0.0086,0.0054,0.0056,0.0053,0.0087,,,,,,-0.0051,-0.0032,0.0002,-0.0003,0.0034,0.0,0.0,0.0,0.0,0.0,
1278192459,(주)아트파크,0.0105,0.1236,0.1108,0.9506,,,,,,,,0.1131,-0.0128,0.8398,0.0,0.0,0.0,0.0,0.0,0.0,0.0,
1278610786,(주)아트밸리,0.0419,0.0046,0.0132,0.0073,0.0011,0.002,,,,,,-0.0373,0.0086,-0.0059,-0.0062,0.0009,0.0,0.0,0.0,0.0,0.0,
1278621207,백학관광개발원주식회사,0.022,0.0933,0.9619,,,,,,,,,0.0713,0.8686,0.0,0.0,0.0,0.0,0.0,0.0,0.0,0.0,
1278623923,라싸디벨로프먼트주식회사,0.9917,,,,,,,,,,,0.0,0.0,0.0,0.0,0.0,0.0,0.0,0.0,0.0,0.0,
1278626099,(주)우정라이프,,,,0.0016,0.3141,0.9659,,,,,,0.0,0.0,0.0,0.3125,0.6518,0.0,0.0,0.0,0.0,0.0,
1278643894,소요산야구공원주식회사,,,,0.01,0.1275,0.9665,,,,,,0.0,0.0,0.0,0.1175,0.839,0.0,0.0,0.0,0.0,0.0,
1288138405,주식회사오토킹,,,,,0.0049,0.0246,,,,0.1137,,0.0,0.0,0.0,0.0,0.0197,0.0,0.0,0.0,0.0,0.0,
1288629293,주식회사원마운트,0.9927,,,,,,,,,,,0.0,0.0,0.0,0.0,0.0,0.0,0.0,0.0,0.0,0.0,
1308154301,이케이월드,0.987,,,,,,,,,,,0.0,0.0,0.0,0.0,0.0,0.0,0.0,0.0,0.0,0.0,
1308187404,(주)인철스카이정비,,0.0032,0.2026,0.0642,,,,,,,,0.0,0.1994,-0.1384,0.0,0.0,0.0,0.0,0.0,0.0,0.0,
1318154702,(주)신세계야구단,,0.0022,0.008,0.9507,,,,,,,,0.0,0.0058,0.9427,0.0,0.0,0.0,0.0,0.0,0.0,0.0,
1318649766,송도블루오션골프클럽(주),0.0628,0.1409,0.9458,,,,,,,,,0.0781,0.8049,0.0,0.0,0.0,0.0,0.0,0.0,0.0,0.0,
1328161545,농업회사법인주식회사아침고요수목원,0.0003,0.0005,0.0009,0.0003,0.0001,0.0002,,,,,,0.0002,0.0004,-0.0006,-0.0002,0.0001,0.0,0.0,0.0,0.0,0.0,
1328176714,주식회사플라밍고,,,,,0.0104,0.1834,0.9725,,,,,0.0,0.0,0.0,0.0,0.173,0.7891,0.0,0.0,0.0,0.0,
1348102367,(주)갤럭시아에스엠,0.0395,0.0035,0.077,0.0255,0.8311,,,,,,,-0.036,0.0735,-0.0515,0.8056,0.0,0.0,0.0,0.0,0.0,0.0,
1348705707,안산스포츠파크주식회사,,,0.0027,0.1175,0.0841,0.9354,,,,,,0.0,0.0,0.1148,-0.0334,0.8513,0.0,0.0,0.0,0.0,0.0,
1358108307,금보개발(주),0.0006,0.0094,0.1999,0.3666,0.8888,,,,,,,0.0088,0.1905,0.1667,0.5222,0.0,0.0,0.0,0.0,0.0,0.0,
1358129919,(주)퍼블릭개발,0.0004,0.0001,0.001,0.0016,0.0001,0.0005,0.0021,0.001,0.0003,0.0002,,-0.0003,0.0009,0.0006,-0.0015,0.0004,0.0016,-0.0011,-0.0007,-0.0001,0.0,
1358130492,주식회사용인씨씨,0.0003,0.0003,0.0009,0.0019,0.0002,0.0011,,,,,,0.0,0.0006,0.001,-0.0017,0.0009,0.0,0.0,0.0,0.0,0.0,
1358148712,석천씨씨주식회사,0.0004,0.0005,0.0024,0.0013,0.0004,0.0015,0.0004,,,,,0.0001,0.0019,-0.0011,-0.0009,0.0011,-0.0011,0.0,0.0,0.0,0.0,
1358163483,주식회사지에이코리아,0.0013,0.0028,0.0317,0.074,0.0017,0.0059,0.1107,0.0984,0.2356,,,0.0015,0.0289,0.0423,-0.0723,0.0042,0.1048,-0.0123,0.1372,0.0,0.0,
1358637976,(주)진미선서아,,0.0028,0.0418,0.0348,0.0218,0.747,,,,,,0.0,0.039,-0.007,-0.013,0.7252,0.0,0.0,0.0,0.0,0.0,
1378150965,주식회사용궁온천,,,,,0.02,0.1684,0.9815,,,,,0.0,0.0,0.0,0.0,0.1484,0.8131,0.0,0.0,0.0,0.0,
1378158007,해륜개발주식회사,,,,0.0095,0.3598,0.9695,,,,,,0.0,0.0,0.0,0.3503,0.6097,0.0,0.0,0.0,0.0,0.0,
1388104654,주식회사서울랜드,0.0173,0.0169,0.0288,0.0087,0.0713,0.0755,0.9185,,,,,-0.0004,0.0119,-0.0201,0.0626,0.0042,0.843,0.0,0.0,0.0,0.0,
1388112829,한근자동차공업(주),0.0023,0.0054,0.0265,0.0089,0.0053,0.0094,,,,,,0.0031,0.0211,-0.0176,-0.0036,0.0041,0.0,0.0,0.0,0.0,0.0,
1388139828,(주)아이넷라이프,,,,,0.0008,0.0094,,0.0029,0.2353,,,0.0,0.0,0.0,0.0,0.0086,0.0,0.0,0.2324,0.0,0.0,
1408131514,주식회사정왕점현대자동차,,,,0.0013,0.0019,0.0078,,,,,,0.0,0.0,0.0,0.0006,0.0059,0.0,0.0,0.0,0.0,0.0,
1418100294,(주)베스트밸리골프클럽,0.1119,0.9319,,,,,,,,,,0.82,0.0,0.0,0.0,0.0,0.0,0.0,0.0,0.0,0.0,
1418600095,주식회사트라이랜드엔터프라이즈,,0.0037,0.0546,0.9853,,,,,,,,0.0,0.0509,0.9307,0.0,0.0,0.0,0.0,0.0,0.0,0.0,
1428103178,주식회사석성,0.0022,0.1237,0.0277,0.0315,,,,,,,,0.1215,-0.096,0.0038,0.0,0.0,0.0,0.0,0.0,0.0,0.0,
1428106383,두로개발(주),0.043,,,,,,,,,,,0.0,0.0,0.0,0.0,0.0,0.0,0.0,0.0,0.0,0.0,
1428158538,주식회사델타,,0.0027,0.0066,0.002,0.0019,,,,,,,0.0,0.0039,-0.0046,-0.0001,0.0,0.0,0.0,0.0,0.0,0.0,
1438132550,(주)부산동물원,,,,0.0028,0.2908,0.9825,,,,,,0.0,0.0,0.0,0.288,0.6917,0.0,0.0,0.0,0.0,0.0,
1448111688,주식회사케이티스포츠,0.001,0.0929,0.9281,,,,,,,,,0.0919,0.8352,0.0,0.0,0.0,0.0,0.0,0.0,0.0,0.0,
1448112542,주식회사구봉산골프클럽,0.0024,0.2362,0.9742,,,,,,,,,0.2338,0.738,0.0,0.0,0.0,0.0,0.0,0.0,0.0,0.0,
1448131966,주식회사세현씨씨,0.0028,0.1907,0.9769,,,,,,,,,0.1879,0.7862,0.0,0.0,0.0,0.0,0.0,0.0,0.0,0.0,
1888800593,케이엠베스트솔루션주식회사,,,0.0025,0.094,0.0363,0.0076,0.0015,0.0025,,,,0.0,0.0,0.0915,-0.0577,-0.0287,-0.0061,0.001,0.0,0.0,0.0,
2038143553,(주)파라다이스,0.001,0.0012,0.0057,0.1521,0.214,0.9169,,,,,,0.0002,0.0045,0.1464,0.0619,0.7029,0.0,0.0,0.0,0.0,0.0,
2048131268,(주)디에이치에스앤이,0.0018,0.0007,0.002,0.0025,0.1034,0.6166,0.9674,,,,,-0.0011,0.0013,0.0005,0.1009,0.5132,0.3508,0.0,0.0,0.0,0.0,
2068166370,로봇파크(주),,,,,,,,0.004,0.167,0.2141,,0.0,0.0,0.0,0.0,0.0,0.0,0.0,0.163,0.0471,0.0,
2068196587,주식회사유토피아퓨처,,,0.0014,0.262,0.3674,0.8656,,,,,,0.0,0.0,0.2606,0.1054,0.4982,0.0,0.0,0.0,0.0,0.0,
2078139425,트릭아이미술관(주),,,0.3311,0.9476,,,,,,,,0.0,0.0,0.6165,0.0,0.0,0.0,0.0,0.0,0.0,0.0,
2078145441,(주)백악관웨딩하우스,,0.3084,0.9665,,,,,,,,,0.0,0.6581,0.0,0.0,0.0,0.0,0.0,0.0,0.0,0.0,
2078153179,남촌레저개발주식회사,0.9174,,,,,,,,,,,0.0,0.0,0.0,0.0,0.0,0.0,0.0,0.0,0.0,0.0,
2088129823,(주)유성골프사우나,,,,,,0.0026,0.0403,0.0537,0.7076,0.2733,,0.0,0.0,0.0,0.0,0.0,0.0377,0.0134,0.6539,-0.4343,0.0,
2118162129,(주)올림픽콜로세움,0.0041,0.0014,0.0022,0.0013,0.0004,0.004,0.0011,0.0283,0.0715,0.0141,,-0.0027,0.0008,-0.0009,-0.0009,0.0036,-0.0029,0.0272,0.0432,-0.0574,0.0,
2118628956,(주)루미가넷,0.001,0.0015,0.0097,0.0296,0.0117,0.0278,,,,,,0.0005,0.0082,0.0199,-0.0179,0.0161,0.0,0.0,0.0,0.0,0.0,
2118641129,(주)유토피아스파,0.0031,,,,,,,,,,,0.0,0.0,0.0,0.0,0.0,0.0,0.0,0.0,0.0,0.0,
2118662084,(주)커커,0.0008,0.001,0.004,0.0009,0.0004,0.0019,,,,,,0.0002,0.003,-0.0031,-0.0005,0.0015,0.0,0.0,0.0,0.0,0.0,
2118693404,클립서비스(주),0.0005,0.0016,0.0096,0.0055,0.0033,0.0126,0.2193,0.0353,0.1637,,,0.0011,0.008,-0.0041,-0.0022,0.0093,0.2067,-0.184,0.1284,0.0,0.0,
2118717077,주식회사설앤컴퍼니,0.0071,,,,,,,,,,,0.0,0.0,0.0,0.0,0.0,0.0,0.0,0.0,0.0,0.0,
2118735167,조아조아(주),,,,,0.0051,0.0315,0.0346,0.006,0.0917,0.0206,,0.0,0.0,0.0,0.0,0.0264,0.0031,-0.0286,0.0857,-0.0711,0.0,
2118790928,(주)에프엔씨엔터테인먼트,0.0007,0.0006,0.0163,0.0095,0.0076,0.1775,0.8682,,,,,-0.0001,0.0157,-0.0068,-0.0019,0.1699,0.6907,0.0,0.0,0.0,0.0,
2118797799,주식회사케이퍼필름,0.0043,0.212,0.009,0.2026,0.0804,0.0252,0.0351,0.0295,,,,0.2077,-0.203,0.1936,-0.1222,-0.0552,0.0099,-0.0056,0.0,0.0,0.0,
2118798518,주식회사오스티엄,,0.005,0.0119,,,,,,,,,0.0,0.0069,0.0,0.0,0.0,0.0,0.0,0.0,0.0,0.0,
2118827382,주식회사극동스포랜드,0.0007,0.0011,0.0107,0.0021,0.0004,0.0023,0.043,0.1714,0.0154,,,0.0004,0.0096,-0.0086,-0.0017,0.0019,0.0407,0.1284,-0.156,0.0,0.0,
2118829911,주식회사휴민시티,0.0004,0.0008,0.0054,0.002,0.0023,0.0209,0.035,0.1818,0.6418,,,0.0004,0.0046,-0.0034,0.0003,0.0186,0.0141,0.1468,0.46,0.0,0.0,
2118882070,브레이브엔터테인먼트(주),,,,,,,0.0043,0.0021,0.1456,,,0.0,0.0,0.0,0.0,0.0,0.0,-0.0022,0.1435,0.0,0.0,
2128172877,(주)대한라이프보증,0.9692,,,,,,,,,,,0.0,0.0,0.0,0.0,0.0,0.0,0.0,0.0,0.0,0.0,
2128173804,(주)위드라이프그룹,,,0.0009,0.062,0.0268,0.0266,0.1637,0.9344,,,,0.0,0.0,0.0611,-0.0352,-0.0002,0.1371,0.7707,0.0,0.0,0.0,
2128197131,주식회사이자르씨앤에스,,,,0.0028,0.0037,0.1009,,,,,,0.0,0.0,0.0,0.0009,0.0972,0.0,0.0,0.0,0.0,0.0,
2148609865,세종에머슨주식회사,0.9484,,,,,,,,,,,0.0,0.0,0.0,0.0,0.0,0.0,0.0,0.0,0.0,0.0,
2148619010,한남기업주식회사,,,0.0009,0.0025,0.0069,,,,,,,0.0,0.0,0.0016,0.0044,0.0,0.0,0.0,0.0,0.0,0.0,
2148797600,주식회사스몹컴퍼니,,,,,0.0003,0.0006,0.0984,0.1677,0.447,,,0.0,0.0,0.0,0.0,0.0003,0.0978,0.0693,0.2793,0.0,0.0,
2148816036,(주)에이치투디앤아이,,0.0035,0.2562,0.9545,,,,,,,,0.0,0.2527,0.6983,0.0,0.0,0.0,0.0,0.0,0.0,0.0,
2148849634,(주)뽀로로파크,0.9609,,,,,,,,,,,0.0,0.0,0.0,0.0,0.0,0.0,0.0,0.0,0.0,0.0,
2158137578,(주)단월드,0.0119,0.181,0.324,0.9086,,,,,,,,0.1691,0.143,0.5846,0.0,0.0,0.0,0.0,0.0,0.0,0.0,
2158621386,(주)참존서비스,0.0071,0.1275,,,,,,,,,,0.1204,0.0,0.0,0.0,0.0,0.0,0.0,0.0,0.0,0.0,
2158637781,아산상조(주),,0.011,0.0139,0.0141,,,,,,,,0.0,0.0029,0.0002,0.0,0.0,0.0,0.0,0.0,0.0,0.0,
2158654169,항석개발,0.9702,,,,,,,,,,,0.0,0.0,0.0,0.0,0.0,0.0,0.0,0.0,0.0,0.0,
2158691728,에이스상조(주),0.1534,0.006,0.0611,,,,,,,,,-0.1474,0.0551,0.0,0.0,0.0,0.0,0.0,0.0,0.0,0.0,
2158716648,주식회사엑트켐,,0.0018,0.2007,0.9632,,,,,,,,0.0,0.1989,0.7625,0.0,0.0,0.0,0.0,0.0,0.0,0.0,
2158800653,주식회사에스투플래닝,,,,0.0036,0.1132,0.0258,0.0162,0.0011,,,,0.0,0.0,0.0,0.1096,-0.0874,-0.0096,-0.0151,0.0,0.0,0.0,
2178134811,제이글로벌앤주식회사,,,0.0024,0.0103,,,,0.1077,0.0264,0.0089,,0.0,0.0,0.0079,0.0,0.0,0.0,0.0,-0.0813,-0.0175,0.0,
2178148649,(주)블랙스톤리조트이천,,0.0033,0.0919,0.9688,,,,,,,,0.0,0.0886,0.8769,0.0,0.0,0.0,0.0,0.0,0.0,0.0,
2188121376,(주)엘케이디앤씨,,,,0.0056,0.139,0.3552,,,,,,0.0,0.0,0.0,0.1334,0.2162,0.0,0.0,0.0,0.0,0.0,
2198113447,(주)밀리언골프클럽,0.0003,0.0038,0.0088,0.0057,0.0012,0.0109,,,,,,0.0035,0.005,-0.0031,-0.0045,0.0097,0.0,0.0,0.0,0.0,0.0,
2208101505,주식회사엘티엔터테인먼트,0.0737,0.1137,0.9347,,,,,,,,,0.04,0.821,0.0,0.0,0.0,0.0,0.0,0.0,0.0,0.0,
2208180586,(주)케이엠아이티,0.028,0.0585,0.0474,,,,,,,,,0.0305,-0.0111,0.0,0.0,0.0,0.0,0.0,0.0,0.0,0.0,
2208653745,리얼엔젤플러스(주),,,0.0037,0.2791,0.0198,0.0239,0.1332,0.3994,0.162,,,0.0,0.0,0.2754,-0.2593,0.0041,0.1093,0.2662,-0.2374,0.0,0.0,
2208665294,(주)제주테마조각공원,0.0008,,0.004,0.0006,0.0004,0.0935,,,0.0366,0.004,,0.0,0.0,-0.0034,-0.0002,0.0931,0.0,0.0,0.0,-0.0326,0.0,
2208674319,(주)오디뮤지컬컴퍼니,0.0282,,,,,,,,,,,0.0,0.0,0.0,0.0,0.0,0.0,0.0,0.0,0.0,0.0,
2208735588,(주)서주,0.0895,0.9427,,,,,,,,,,0.8532,0.0,0.0,0.0,0.0,0.0,0.0,0.0,0.0,0.0,
2208778710,보람상조임팩트(주),0.0526,0.0051,0.0038,0.0156,,,,,,,,-0.0475,-0.0013,0.0118,0.0,0.0,0.0,0.0,0.0,0.0,0.0,
2208780502,보람상조유니온(주),0.0249,0.004,0.0068,0.012,,,,,,,,-0.0209,0.0028,0.0052,0.0,0.0,0.0,0.0,0.0,0.0,0.0,
2208793690,주식회사유리섬,0.986,,,,,,,,,,,0.0,0.0,0.0,0.0,0.0,0.0,0.0,0.0,0.0,0.0,
2208797911,(주)골든쌔들,,,,0.0134,0.0202,0.1532,0.2169,0.1366,0.8659,,,0.0,0.0,0.0,0.0068,0.133,0.0637,-0.0803,0.7293,0.0,0.0,
2208802876,주식회사바로연,,,,,,,0.0012,0.1127,0.0849,0.0138,,0.0,0.0,0.0,0.0,0.0,0.0,0.1115,-0.0278,-0.0711,0.0,
2208804156,(주)용인공원라이프,,,,0.0016,0.0868,0.1275,,0.0069,0.0178,,,0.0,0.0,0.0,0.0852,0.0407,0.0,0.0,0.0109,0.0,0.0,
2208809321,주식회사소노스테이션,0.9344,,,,,,,,,,,0.0,0.0,0.0,0.0,0.0,0.0,0.0,0.0,0.0,0.0,
2208827523,(주)무궁,,0.0005,0.0036,0.0023,0.0276,0.1601,0.912,,,,,0.0,0.0031,-0.0013,0.0253,0.1325,0.7519,0.0,0.0,0.0,0.0,
2208829856,주식회사마이뮤직테이스트,,,,0.0014,0.1228,0.9368,,,,,,0.0,0.0,0.0,0.1214,0.814,0.0,0.0,0.0,0.0,0.0,
2208840851,(주)지디파트너스,,,0.0025,0.06,0.9572,,,,,,,0.0,0.0,0.0575,0.8972,0.0,0.0,0.0,0.0,0.0,0.0,
2208875253,(주)뉴딘콘텐츠,,,,,0.0097,0.4603,0.9567,,,,,0.0,0.0,0.0,0.0,0.4506,0.4964,0.0,0.0,0.0,0.0,
2218119949,더케이소피아그린주식회사,0.1422,0.8227,,,,,,,,,,0.6805,0.0,0.0,0.0,0.0,0.0,0.0,0.0,0.0,0.0,
2218129277,주식회사플레이어스골프클럽,0.1208,0.9704,,,,,,,,,,0.8496,0.0,0.0,0.0,0.0,0.0,0.0,0.0,0.0,0.0,
2218138586,(주)강촌레일파크,0.9106,,,,,,,,,,,0.0,0.0,0.0,0.0,0.0,0.0,0.0,0.0,0.0,0.0,
2228109236,삼척온천주식회사,0.0046,0.0787,0.0416,0.8784,,,,,,,,0.0741,-0.0371,0.8368,0.0,0.0,0.0,0.0,0.0,0.0,0.0,
2238109618,푸른산(주),0.988,,,,,,,,,,,0.0,0.0,0.0,0.0,0.0,0.0,0.0,0.0,0.0,0.0,
2238111040,주식회사인제스피디움,0.1434,0.9746,,,,,,,,,,0.8312,0.0,0.0,0.0,0.0,0.0,0.0,0.0,0.0,0.0,
2248164031,더한모터스주식회사,0.0021,0.1545,0.9748,,,,,,,,,0.1524,0.8203,0.0,0.0,0.0,0.0,0.0,0.0,0.0,0.0,
2258800927,주식회사라움,,,,0.0045,0.0512,0.0778,,,,,,0.0,0.0,0.0,0.0467,0.0266,0.0,0.0,0.0,0.0,0.0,
2268147775,주식회사경포아쿠아리움,,0.0026,0.5364,0.0525,,,,,,,,0.0,0.5338,-0.4839,0.0,0.0,0.0,0.0,0.0,0.0,0.0,
2278109624,(주)새서울레저,0.5175,0.8507,0.9326,,,,,,,,,0.3332,0.0819,0.0,0.0,0.0,0.0,0.0,0.0,0.0,0.0,
2338108708,주식회사검단,,0.0018,0.0024,0.0487,0.004,,,,,,,0.0,0.0006,0.0463,-0.0447,0.0,0.0,0.0,0.0,0.0,0.0,
2388701833,주식회사모던필라테스예체능,,,,,,,0.0129,0.0399,0.0098,,,0.0,0.0,0.0,0.0,0.0,0.0,0.027,-0.0301,0.0,0.0,
2478101612,주식회사미켈란매니지먼트,,,,,,,0.0093,0.032,0.0019,,,0.0,0.0,0.0,0.0,0.0,0.0,0.0227,-0.0301,0.0,0.0,
2498700246,주식회사대운씨앤디,,0.0032,0.1977,0.978,,,,,,,,0.0,0.1945,0.7803,0.0,0.0,0.0,0.0,0.0,0.0,0.0,
2568100015,(주)아쿠아월드,,,0.0031,0.2241,0.9391,,,,,,,0.0,0.0,0.221,0.715,0.0,0.0,0.0,0.0,0.0,0.0,
2598700262,해운대블루라인(주),,,,,,0.0036,0.0135,0.9852,,,,0.0,0.0,0.0,0.0,0.0,0.0099,0.9717,0.0,0.0,0.0,
2618108493,주식회사밸류컬처앤미디어,0.0005,0.0102,0.0076,0.003,0.044,0.1753,,,,,,0.0097,-0.0026,-0.0046,0.041,0.1313,0.0,0.0,0.0,0.0,0.0,
2618116784,주식회사마스트인터내셔널,,0.0027,0.3479,0.8838,,,,,,,,0.0,0.3452,0.5359,0.0,0.0,0.0,0.0,0.0,0.0,0.0,
2618600929,양지대형서비스기아오토큐주식회사,,,,,,,0.0056,0.026,0.0154,,,0.0,0.0,0.0,0.0,0.0,0.0,0.0204,-0.0106,0.0,0.0,
2648126850,주식회사서클컨텐츠컴퍼니,,0.0126,0.0052,0.0049,0.0003,,,,,,,0.0,-0.0074,-0.0003,-0.0046,0.0,0.0,0.0,0.0,0.0,0.0,
2758701661,주식회사코리아모빌리티그룹,,,,,,,0.0021,0.0325,0.3977,,,0.0,0.0,0.0,0.0,0.0,0.0,0.0304,0.3652,0.0,0.0,
2778701124,주식회사시티필드,,,,,,0.0124,0.0355,0.019,0.0986,,,0.0,0.0,0.0,0.0,0.0,0.0231,-0.0165,0.0796,0.0,0.0,
2808700567,주식회사원더풀,,,0.0014,0.0282,0.1083,0.9597,,,,,,0.0,0.0,0.0268,0.0801,0.8514,0.0,0.0,0.0,0.0,0.0,
2808800259,만진집단주식회사,,,0.0004,0.0019,0.0082,0.0069,,,,,,0.0,0.0,0.0015,0.0063,-0.0013,0.0,0.0,0.0,0.0,0.0,
2818100516,주식회사서린,,,0.0021,0.0464,0.0017,0.1908,0.3035,0.9812,,,,0.0,0.0,0.0443,-0.0447,0.1891,0.1127,0.6777,0.0,0.0,0.0,
2898600378,디오션시티이차,,,0.0033,0.0335,0.0001,0.0887,0.1634,0.9727,,,,0.0,0.0,0.0302,-0.0334,0.0886,0.0747,0.8093,0.0,0.0,0.0,
2928100141,주식회사꿈,,,,,0.0067,0.1865,0.9594,,,,,0.0,0.0,0.0,0.0,0.1798,0.7729,0.0,0.0,0.0,0.0,
2958700050,(주)에이치엔디,,0.0048,0.2395,0.9867,,,,,,,,0.0,0.2347,0.7472,0.0,0.0,0.0,0.0,0.0,0.0,0.0,
3018154198,쌍용자동차청주정비사업소(주),0.0103,0.0023,0.0226,0.0095,0.008,0.021,0.0147,0.016,0.1096,,,-0.008,0.0203,-0.0131,-0.0015,0.013,-0.0063,0.0013,0.0936,0.0,0.0,
3018158627,호정개발주식회사,0.0012,0.0015,0.0021,0.0016,0.0003,0.0018,0.0012,0.0004,,,,0.0003,0.0006,-0.0005,-0.0013,0.0015,-0.0006,-0.0008,0.0,0.0,0.0,
3018609441,(주)세보연,0.9758,,,,,,,,,,,0.0,0.0,0.0,0.0,0.0,0.0,0.0,0.0,0.0,0.0,
3038104262,주식회사시그너스컨트리클럽,0.9786,,,,,,,,,,,0.0,0.0,0.0,0.0,0.0,0.0,0.0,0.0,0.0,0.0,
3048600250,김천온천니아주식회사,,,,,,,0.0045,0.046,0.0087,0.0029,,0.0,0.0,0.0,0.0,0.0,0.0,0.0415,-0.0373,-0.0058,0.0,
3058126490,(주)대전시티즌,0.0073,0.0047,0.0423,0.0904,0.0035,0.0009,,,,,,-0.0026,0.0376,0.0481,-0.0869,-0.0026,0.0,0.0,0.0,0.0,0.0,
3058166930,(주)평화원,0.0015,0.0023,0.0109,0.0124,0.0013,0.0146,0.0166,,,,,0.0008,0.0086,0.0015,-0.0111,0.0133,0.002,0.0,0.0,0.0,0.0,
3058615528,비엠케이코스모(주),0.0806,0.9732,,,,,,,,,,0.8926,0.0,0.0,0.0,0.0,0.0,0.0,0.0,0.0,0.0,
3078141314,(주)세종씨씨,0.0337,0.9631,,,,,,,,,,0.9294,0.0,0.0,0.0,0.0,0.0,0.0,0.0,0.0,0.0,
3078145076,농업회사법인주식회사베어트리파크,0.0018,0.239,0.9016,,,,,,,,,0.2372,0.6626,0.0,0.0,0.0,0.0,0.0,0.0,0.0,0.0,
3128158914,(주)천안스포렉스,0.2236,0.1359,0.0059,0.023,0.0123,0.0281,,,,,,-0.0877,-0.13,0.0171,-0.0107,0.0158,0.0,0.0,0.0,0.0,0.0,
3128628507,주식회사홍익스포츠,0.0676,0.135,0.9589,,,,,,,,,0.0674,0.8239,0.0,0.0,0.0,0.0,0.0,0.0,0.0,0.0,
3128632957,주식회사더스타,0.9735,,,,,,,,,,,0.0,0.0,0.0,0.0,0.0,0.0,0.0,0.0,0.0,0.0,
3128656449,주식회사천안하늘공원,0.0037,0.0013,0.0229,0.0041,0.0028,0.0013,,,,,,-0.0024,0.0216,-0.0188,-0.0013,-0.0015,0.0,0.0,0.0,0.0,0.0,
3148137967,신주개발주식회사,0.1827,0.0051,0.0169,0.0045,0.0063,0.0813,0.9717,,,,,-0.1776,0.0118,-0.0124,0.0018,0.075,0.8904,0.0,0.0,0.0,0.0,
3148175340,(주)에이치.디.비,0.9847,,,,,,,,,,,0.0,0.0,0.0,0.0,0.0,0.0,0.0,0.0,0.0,0.0,
3148179249,주식회사길쌈상조,0.0504,0.9071,,,,,,,,,,0.8567,0.0,0.0,0.0,0.0,0.0,0.0,0.0,0.0,0.0,
3148187865,금실레져산업(주),0.008,0.0119,0.0192,0.0078,0.0046,0.006,0.0083,0.0016,0.0081,,,0.0039,0.0073,-0.0114,-0.0032,0.0014,0.0023,-0.0067,0.0065,0.0,0.0,
3148642581,(주)에스컨벤션,,0.0036,0.1423,0.2061,0.0589,,,,,,,0.0,0.1387,0.0638,-0.1472,0.0,0.0,0.0,0.0,0.0,0.0,
3148654734,(주)에스디씨,0.0023,0.0068,0.0155,0.2253,0.008,0.2119,,,,,,0.0045,0.0087,0.2098,-0.2173,0.2039,0.0,0.0,0.0,0.0,0.0,
3158100385,(주)빌리언스,0.0434,0.0681,0.9007,,,,,,,,,0.0247,0.8326,0.0,0.0,0.0,0.0,0.0,0.0,0.0,0.0,
3168107585,카밀농산개발(주),0.1744,0.9828,,,,,,,,,,0.8084,0.0,0.0,0.0,0.0,0.0,0.0,0.0,0.0,0.0,
3168126068,일진레져주식회사,0.0019,0.0196,0.0909,0.2416,0.9771,,,,,,,0.0177,0.0713,0.1507,0.7355,0.0,0.0,0.0,0.0,0.0,0.0,
3178134498,(주)제인,,,,0.0066,0.0667,0.9761,,,,,,0.0,0.0,0.0,0.0601,0.9094,0.0,0.0,0.0,0.0,0.0,
3188601641,(주)피터스원,,,,,,,0.0112,0.101,0.018,,,0.0,0.0,0.0,0.0,0.0,0.0,0.0898,-0.083,0.0,0.0,
3428801240,(주)한스코퍼레이션,,,,,,,0.0032,0.2305,0.4371,,,0.0,0.0,0.0,0.0,0.0,0.0,0.2273,0.2066,0.0,0.0,
3548801831,주식회사전북현대상용서비스,,,,,,,,0.0031,0.1563,0.4289,,0.0,0.0,0.0,0.0,0.0,0.0,0.0,0.1532,0.2726,0.0,
3668602260,주식회사베스트탑,,,,,,,,0.0015,0.0509,0.3226,,0.0,0.0,0.0,0.0,0.0,0.0,0.0,0.0494,0.2717,0.0,
3678800240,주식회사광장투자개발,,,0.003,0.0083,0.0004,,,,,,,0.0,0.0,0.0053,-0.0079,0.0,0.0,0.0,0.0,0.0,0.0,
3688702114,주식회사에이엘,,,,,,,,0.0014,0.0039,0.0129,,0.0,0.0,0.0,0.0,0.0,0.0,0.0,0.0025,0.009,0.0,
3698700287,주식회사사평,,,0.0006,0.0165,0.0001,,,,,,,0.0,0.0,0.0159,-0.0164,0.0,0.0,0.0,0.0,0.0,0.0,
3698700593,썬카운티주식회사,,,,,0.007,0.1105,0.9575,,,,,0.0,0.0,0.0,0.0,0.1035,0.847,0.0,0.0,0.0,0.0,
3848100421,다산베아체컨트리클럽주식회사,,,0.0027,0.1124,0.9719,,,,,,,0.0,0.0,0.1097,0.8595,0.0,0.0,0.0,0.0,0.0,0.0,
3858701177,주식회사제이센트럴파크,,,,,,0.0018,0.0662,0.109,0.0535,,,0.0,0.0,0.0,0.0,0.0,0.0644,0.0428,-0.0555,0.0,0.0,
3878600314,주식회사이즈엘,,,,0.0037,0.0734,0.88,,,,,,0.0,0.0,0.0,0.0697,0.8066,0.0,0.0,0.0,0.0,0.0,
4018139629,(주)금강레져타운,0.0109,0.0099,,,,,,,,,,-0.001,0.0,0.0,0.0,0.0,0.0,0.0,0.0,0.0,0.0,
4018151958,주식회사한원컨벤션,0.1048,0.018,0.0102,0.0072,0.2957,0.4245,,0.9308,,,,-0.0868,-0.0078,-0.003,0.2885,0.1288,0.0,0.0,0.0,0.0,0.0,
4028158497,고려상조주식회사,0.1705,0.0139,0.0682,0.047,0.7902,,,,,,,-0.1566,0.0543,-0.0212,0.7432,0.0,0.0,0.0,0.0,0.0,0.0,
4038101570,극동지앤에스(주),0.006,0.0906,0.4556,0.9578,,,,,,,,0.0846,0.365,0.5022,0.0,0.0,0.0,0.0,0.0,0.0,0.0,
4038169513,주식회사베어포트리조트,0.2765,0.2223,0.9577,,,,,,,,,-0.0542,0.7354,0.0,0.0,0.0,0.0,0.0,0.0,0.0,0.0,
4038180901,주식회사베어리버,,0.0035,0.1149,0.0834,0.0249,0.0069,,,,,,0.0,0.1114,-0.0315,-0.0585,-0.018,0.0,0.0,0.0,0.0,0.0,
4048119277,(주)골프존카운티선운,0.003,0.0146,0.0208,0.0023,0.337,0.448,0.9664,,,,,0.0116,0.0062,-0.0185,0.3347,0.111,0.5184,0.0,0.0,0.0,0.0,
4078131305,한국상용트럭주식회사,,,,,0.0041,0.4104,0.8901,,,,,0.0,0.0,0.0,0.0,0.4063,0.4797,0.0,0.0,0.0,0.0,
4088103379,광주관광개발주식회사,0.9127,,,,,,,,,,,0.0,0.0,0.0,0.0,0.0,0.0,0.0,0.0,0.0,0.0,
4088143110,주식회사담양골프랜드,0.2337,0.9188,,,,,,,,,,0.6851,0.0,0.0,0.0,0.0,0.0,0.0,0.0,0.0,0.0,
4088157555,주식회사조아,0.0006,0.0008,0.0064,0.0011,0.0131,0.002,,,,,,0.0002,0.0056,-0.0053,0.012,-0.0111,0.0,0.0,0.0,0.0,0.0,
4088162965,남해레저개발주식회사,0.0029,0.2029,0.2839,0.1016,0.1006,,,,,,,0.2,0.081,-0.1823,-0.001,0.0,0.0,0.0,0.0,0.0,0.0,
4088170636,빅스포주식회사,0.0047,0.0043,0.0377,0.0079,0.0054,0.0137,0.1245,0.2615,0.7842,,,-0.0004,0.0334,-0.0298,-0.0025,0.0083,0.1108,0.137,0.5227,0.0,0.0,
4088190821,(주)스마트홀딩스,0.473,0.862,,,,,,,,,,0.389,0.0,0.0,0.0,0.0,0.0,0.0,0.0,0.0,0.0,
4088600834,광주남문장례식장(주),,0.0033,0.4655,0.9722,,,,,,,,0.0,0.4622,0.5067,0.0,0.0,0.0,0.0,0.0,0.0,0.0,
4098190784,(주)아이앤지건설,,,0.0008,0.0028,0.0425,0.1203,0.9421,,,,,0.0,0.0,0.002,0.0397,0.0778,0.8218,0.0,0.0,0.0,0.0,
4098198471,(주)한듬레포츠,0.0004,0.0004,0.0015,0.0007,0.0002,0.0012,,,,,,0.0,0.0011,-0.0008,-0.0005,0.001,0.0,0.0,0.0,0.0,0.0,
4098604852,(주)천지장례식장,0.0007,0.001,0.0023,,,,,,,,,0.0003,0.0013,0.0,0.0,0.0,0.0,0.0,0.0,0.0,0.0,
4098647905,주식회사덕경,0.0018,0.1048,0.9769,,,,,,,,,0.103,0.8721,0.0,0.0,0.0,0.0,0.0,0.0,0.0,0.0,
4108160562,(주)아름다운컨벤션,,,0.0013,0.0069,0.1557,0.529,0.8893,,,,,0.0,0.0,0.0056,0.1488,0.3733,0.3603,0.0,0.0,0.0,0.0,
4108659963,(주)무등산랜드,0.9694,,,,,,,,,,,0.0,0.0,0.0,0.0,0.0,0.0,0.0,0.0,0.0,0.0,
4108659982,주식회사스카이장례식장,0.0066,0.0061,0.0039,0.0029,0.002,0.0012,,,,,,-0.0005,-0.0022,-0.001,-0.0009,-0.0008,0.0,0.0,0.0,0.0,0.0,
4108681223,주식회사월드드림랜드,,0.003,0.2707,0.9388,,,,,,,,0.0,0.2677,0.6681,0.0,0.0,0.0,0.0,0.0,0.0,0.0,
4108687528,(주)매일,0.0021,0.0961,0.1019,0.0661,,,,,,,,0.094,0.0058,-0.0358,0.0,0.0,0.0,0.0,0.0,0.0,0.0,
4108688755,동광주타워주식회사,,,0.0025,0.0069,0.017,,0.0404,0.8811,,,,0.0,0.0,0.0044,0.0101,0.0,0.0,0.8407,0.0,0.0,0.0,
4118189562,(주)스카이웨딩컨벤션,,,0.0023,0.2113,0.8946,,,,,,,0.0,0.0,0.209,0.6833,0.0,0.0,0.0,0.0,0.0,0.0,
4128148282,(주)정원장례식장,,0.0034,0.042,0.011,0.0182,0.0119,,,,,,0.0,0.0386,-0.031,0.0072,-0.0063,0.0,0.0,0.0,0.0,0.0,
4168108846,(주)유심천온천리조트,,,,,0.0047,0.2238,0.9448,,,,,0.0,0.0,0.0,0.0,0.2191,0.721,0.0,0.0,0.0,0.0,
4188121831,무주기업도시(주),0.0216,,,,,,,,,,,0.0,0.0,0.0,0.0,0.0,0.0,0.0,0.0,0.0,0.0,
4188130140,주식회사청해,,,,,,,0.002,0.1947,,0.0127,,0.0,0.0,0.0,0.0,0.0,0.0,0.1927,0.0,0.0,0.0,
4188155215,(주)상개골프연습장,,,,,,,0.0026,0.0383,0.0071,,,0.0,0.0,0.0,0.0,0.0,0.0,0.0357,-0.0312,0.0,0.0,
4238701391,(주)사직골프랜드,,,,,,,0.0025,0.0357,0.0633,,,0.0,0.0,0.0,0.0,0.0,0.0,0.0332,0.0276,0.0,0.0,
4248600651,주식회사청라스매시파크,,,,,,0.0072,0.1293,0.9691,,,,0.0,0.0,0.0,0.0,0.0,0.1221,0.8398,0.0,0.0,0.0,
4378701084,(주)내외리버스퀘어,,,,,,,,0.0035,0.0008,0.0016,,0.0,0.0,0.0,0.0,0.0,0.0,0.0,-0.0027,0.0008,0.0,
4408100279,팔경개발주식회사,,0.0026,0.0649,0.0119,0.2117,,,,,,,0.0,0.0623,-0.053,0.1998,0.0,0.0,0.0,0.0,0.0,0.0,
4688601553,주식회사제이파크,,,,,,0.0034,0.1069,0.9851,,,,0.0,0.0,0.0,0.0,0.0,0.1035,0.8782,0.0,0.0,0.0,
4718700052,더리얼산업(주),,,,,,,0.0057,0.0657,0.0019,,,0.0,0.0,0.0,0.0,0.0,0.0,0.06,-0.0638,0.0,0.0,
4728801181,주식회사오산버드파크,,,,,,,0.0025,0.1634,0.333,0.5237,,0.0,0.0,0.0,0.0,0.0,0.0,0.1609,0.1696,0.1907,0.0,
4808801538,주식회사위드랜드,,,,,,,,0.0023,0.2362,0.5857,,0.0,0.0,0.0,0.0,0.0,0.0,0.0,0.2339,0.3495,0.0,
4938800063,주식회사유성씨앤에프,,,0.0003,0.002,0.0215,0.025,0.2391,0.1846,0.8964,,,0.0,0.0,0.0017,0.0195,0.0035,0.2141,-0.0545,0.7118,0.0,0.0,
5018106001,디에스라이프주식회사,0.0755,0.0739,0.0552,0.0513,0.0772,0.8931,,,,,,-0.0016,-0.0187,-0.0039,0.0259,0.8159,0.0,0.0,0.0,0.0,0.0,
5028108434,(주)유성,,0.0031,0.1742,0.8502,,,,,,,,0.0,0.1711,0.676,0.0,0.0,0.0,0.0,0.0,0.0,0.0,
5028150607,주식회사승익,0.0055,0.0467,0.0089,0.0705,0.0512,0.0009,,,,,,0.0412,-0.0378,0.0616,-0.0193,-0.0503,0.0,0.0,0.0,0.0,0.0,
5028603360,주식회사휴그린,,0.0038,0.378,0.9627,,,,,,,,0.0,0.3742,0.5847,0.0,0.0,0.0,0.0,0.0,0.0,0.0,
5028605728,주식회사동아스포츠센터,0.0012,0.0031,0.0903,0.0205,0.0094,0.0344,0.003,0.0237,0.0028,0.0007,,0.0019,0.0872,-0.0698,-0.0111,0.025,-0.0314,0.0207,-0.0209,-0.0021,0.0,
5028616579,주식회사홍인개발,,,,0.0046,0.0031,0.1299,,,,,,0.0,0.0,0.0,-0.0015,0.1268,0.0,0.0,0.0,0.0,0.0,
5038106536,주식회사알리앙스,0.0589,0.0897,0.2665,0.9067,,,,,,,,0.0308,0.1768,0.6402,0.0,0.0,0.0,0.0,0.0,0.0,0.0,
5038136404,(주)천화,,,0.0011,0.0928,0.007,0.0759,,,,,,0.0,0.0,0.0917,-0.0858,0.0689,0.0,0.0,0.0,0.0,0.0,
5038146241,(주)한일공업,,0.002,0.0794,0.0627,0.0109,0.0078,0.1946,0.0316,,,,0.0,0.0774,-0.0167,-0.0518,-0.0031,0.1868,-0.163,0.0,0.0,0.0,
5038153835,주식회사미광스포렉스,0.0062,0.0104,0.0069,0.0202,0.0061,0.0548,0.0676,0.0595,0.0624,,,0.0042,-0.0035,0.0133,-0.0141,0.0487,0.0128,-0.0081,0.0029,0.0,0.0,
5038176027,다나상조주식회사,0.9277,,,,,,,,,,,0.0,0.0,0.0,0.0,0.0,0.0,0.0,0.0,0.0,0.0,
5048145435,현대에스라이프주식회사,0.149,0.0207,0.0046,0.2083,0.0843,0.8219,,,,,,-0.1283,-0.0161,0.2037,-0.124,0.7376,0.0,0.0,0.0,0.0,0.0,
5048186663,(주)삼연,0.4551,0.9767,,,,,,,,,,0.5216,0.0,0.0,0.0,0.0,0.0,0.0,0.0,0.0,0.0,
5048605840,(주)윌스파,,0.003,0.0028,0.0355,0.2898,0.0229,,,,,,0.0,-0.0002,0.0327,0.2543,-0.2669,0.0,0.0,0.0,0.0,0.0,
5058144652,세연개발주식회사,0.0398,,0.0371,0.9771,,,,,,,,0.0,0.0,0.94,0.0,0.0,0.0,0.0,0.0,0.0,0.0,
5058145966,(주)엠오디,0.0495,0.0266,0.2777,0.5622,0.831,,,,,,,-0.0229,0.2511,0.2845,0.2688,0.0,0.0,0.0,0.0,0.0,0.0,
5058169880,(주)경주버드파크,0.0011,0.1184,0.0595,0.0219,0.0024,0.0037,,,,,,0.1173,-0.0589,-0.0376,-0.0195,0.0013,0.0,0.0,0.0,0.0,0.0,
5058173138,주식회사수공단개발,,,,,,0.0044,0.0873,0.9784,,,,0.0,0.0,0.0,0.0,0.0,0.0829,0.8911,0.0,0.0,0.0,
5058173273,임고개발주식회사,0.267,0.9789,,,,,,,,,,0.7119,0.0,0.0,0.0,0.0,0.0,0.0,0.0,0.0,0.0,
5068119928,디더블유(주),0.0172,0.0186,0.0055,0.0115,0.0014,0.004,,,,,,0.0014,-0.0131,0.006,-0.0101,0.0026,0.0,0.0,0.0,0.0,0.0,
5068163083,(주)포항온천,0.0005,0.0015,0.0051,0.0889,0.0739,0.9785,,,,,,0.001,0.0036,0.0838,-0.015,0.9046,0.0,0.0,0.0,0.0,0.0,
5068176216,(주)포항건강랜드,0.0661,0.0947,0.7327,,,,,,,,,0.0286,0.638,0.0,0.0,0.0,0.0,0.0,0.0,0.0,0.0,
5088118885,(주)이지컨트리클럽,,,,,,,0.0048,0.0598,0.0073,,,0.0,0.0,0.0,0.0,0.0,0.0,0.055,-0.0525,0.0,0.0,
5088121319,주식회사군위컨트리클럽,,,,,0.0194,0.2863,0.8828,,,,,0.0,0.0,0.0,0.0,0.2669,0.5965,0.0,0.0,0.0,0.0,
5088133421,(주)동재가산수피아,0.0029,0.0864,0.9726,,,,,,,,,0.0835,0.8862,0.0,0.0,0.0,0.0,0.0,0.0,0.0,0.0,
5128701032,남한강에스파크컨트리클럽(주),,,,,,0.0049,0.0516,0.9861,,,,0.0,0.0,0.0,0.0,0.0,0.0467,0.9345,0.0,0.0,0.0,
5138174195,(주)신성,0.398,0.1303,0.0349,0.0199,,,,,,,,-0.2677,-0.0954,-0.015,0.0,0.0,0.0,0.0,0.0,0.0,0.0,
5138176140,(주)구평골프클럽,0.1045,0.976,,,,,,,,,,0.8715,0.0,0.0,0.0,0.0,0.0,0.0,0.0,0.0,0.0,
5138177697,주식회사그린랜드,,,,,0.0131,0.1679,0.1227,0.1221,,,,0.0,0.0,0.0,0.0,0.1548,-0.0452,-0.0006,0.0,0.0,0.0,
5138600140,(주)정현,,0.0031,0.147,0.9443,,,,,,,,0.0,0.1439,0.7973,0.0,0.0,0.0,0.0,0.0,0.0,0.0,
5148123103,두원개발(주),,,,,,,0.0798,0.1772,0.0027,,,0.0,0.0,0.0,0.0,0.0,0.0,0.0974,-0.1745,0.0,0.0,
5148126186,(주)글로리아,0.0011,0.0027,0.0048,0.0065,0.0239,0.2863,0.9002,,,,,0.0016,0.0021,0.0017,0.0174,0.2624,0.6139,0.0,0.0,0.0,0.0,
5148129674,(주)영남상조,0.0059,,,,,,,,,,,0.0,0.0,0.0,0.0,0.0,0.0,0.0,0.0,0.0,0.0,
5148154678,(주)우삼개발,0.9711,,,,,,,,,,,0.0,0.0,0.0,0.0,0.0,0.0,0.0,0.0,0.0,0.0,
5148157919,주식회사스파밸리,0.966,,,,,,,,,,,0.0,0.0,0.0,0.0,0.0,0.0,0.0,0.0,0.0,0.0,
5148164273,주식회사금홍,0.0006,0.0009,0.0032,0.0016,0.0015,0.0035,0.1109,0.0425,0.0005,,,0.0003,0.0023,-0.0016,-0.0001,0.002,0.1074,-0.0684,-0.042,0.0,0.0,
5148173807,(주)심석,0.0986,0.1397,0.9399,,,,,,,,,0.0411,0.8002,0.0,0.0,0.0,0.0,0.0,0.0,0.0,0.0,
5148701678,주식회사굿네이버,,,,,,,,0.0017,0.1519,0.0965,,0.0,0.0,0.0,0.0,0.0,0.0,0.0,0.1502,-0.0554,0.0,
5158119183,갓바위워터피아온천(주),,,0.0005,0.0437,0.1724,0.3626,,,,,,0.0,0.0,0.0432,0.1287,0.1902,0.0,0.0,0.0,0.0,0.0,
5328700094,(주)자광홀딩스,,,0.0022,0.0462,0.9603,,,,,,,0.0,0.0,0.044,0.9141,0.0,0.0,0.0,0.0,0.0,0.0,
5358600475,주식회사블랙스톤에듀팜리조트,,,,0.0056,0.0337,0.0435,0.1107,0.9818,,,,0.0,0.0,0.0,0.0281,0.0098,0.0672,0.8711,0.0,0.0,0.0,
5458600303,(주)스카이빌딩,,,0.0021,0.034,0.1128,0.1249,0.9485,,,,,0.0,0.0,0.0319,0.0788,0.0121,0.8236,0.0,0.0,0.0,0.0,
5618700957,주식회사의식주컴퍼니,,,,,,,0.0051,0.0412,0.3689,,,0.0,0.0,0.0,0.0,0.0,0.0,0.0361,0.3277,0.0,0.0,
5678700805,(주)호법포레,,,,0.0064,0.1942,0.9601,,,,,,0.0,0.0,0.0,0.1878,0.7659,0.0,0.0,0.0,0.0,0.0,
5698701168,(주)대명티피앤이,,,,,0.0017,0.0011,0.0461,,,,,0.0,0.0,0.0,0.0,-0.0006,0.045,0.0,0.0,0.0,0.0,
5858601616,주식회사라피크,,,,,,,0.0098,0.0422,0.0003,,,0.0,0.0,0.0,0.0,0.0,0.0,0.0324,-0.0419,0.0,0.0,
5888802092,주식회사세종디앤지,,,,,,,,0.0046,0.0012,0.0008,,0.0,0.0,0.0,0.0,0.0,0.0,0.0,-0.0034,-0.0004,0.0,
5928600444,아펠가모(주),,,0.0003,0.0017,0.0002,0.001,,,,,,0.0,0.0,0.0014,-0.0015,0.0008,0.0,0.0,0.0,0.0,0.0,
5978800201,(주)대일내장산컨트리클럽,,,0.0019,0.0145,0.024,0.9716,,,,,,0.0,0.0,0.0126,0.0095,0.9476,0.0,0.0,0.0,0.0,0.0,
6018600092,(주)대경씨앤디,,,0.0005,0.0627,0.0226,,,,,,,0.0,0.0,0.0622,-0.0401,0.0,0.0,0.0,0.0,0.0,0.0,
6028133290,(주)이지알앤에스,0.0029,0.0157,0.0507,0.0141,0.0639,0.0867,0.0844,0.2794,0.5586,,,0.0128,0.035,-0.0366,0.0498,0.0228,-0.0023,0.195,0.2792,0.0,0.0,
6028136225,해영선박(주),0.0029,0.0086,0.0069,0.001,0.0007,,,,,,,0.0057,-0.0017,-0.0059,-0.0003,0.0,0.0,0.0,0.0,0.0,0.0,
6048105257,동국상선주식회사,0.9797,,,,,,,,,,,0.0,0.0,0.0,0.0,0.0,0.0,0.0,0.0,0.0,0.0,
6048127834,보람상조리더스(주),0.0081,0.0055,0.0047,0.0197,,,,,,,,-0.0026,-0.0008,0.015,0.0,0.0,0.0,0.0,0.0,0.0,0.0,
6058163018,팔공산추모공원주식회사,0.0013,0.0018,0.0028,0.0047,0.0024,0.0067,,,,,,0.0005,0.001,0.0019,-0.0023,0.0043,0.0,0.0,0.0,0.0,0.0,
6058199802,주식회사오션디앤씨,,0.0048,0.149,0.9706,,,,,,,,0.0,0.1442,0.8216,0.0,0.0,0.0,0.0,0.0,0.0,0.0,
6058617294,양산그레이스골프클럽(주),,,0.0021,0.1314,0.9738,,,,,,,0.0,0.0,0.1293,0.8424,0.0,0.0,0.0,0.0,0.0,0.0,
6058623613,엘시자산개발주식회사,0.0022,0.0987,0.9598,,,,,,,,,0.0965,0.8611,0.0,0.0,0.0,0.0,0.0,0.0,0.0,0.0,
6068161124,아가페라이프(주),,,0.0475,0.0425,0.0385,0.0173,,,,,,0.0,0.0,-0.005,-0.004,-0.0212,0.0,0.0,0.0,0.0,0.0,
6078117067,대운월드와이드주식회사,0.0374,0.0196,0.0593,0.0133,0.0424,0.0139,0.0016,,,,,-0.0178,0.0397,-0.046,0.0291,-0.0285,-0.0123,0.0,0.0,0.0,0.0,
6078119196,(주)롯데자이언츠,0.2044,0.9521,,,,,,,,,,0.7477,0.0,0.0,0.0,0.0,0.0,0.0,0.0,0.0,0.0,
6078166684,주식회사대영레포츠,0.0021,0.011,0.0259,0.0058,0.0045,0.0661,,,,,,0.0089,0.0149,-0.0201,-0.0013,0.0616,0.0,0.0,0.0,0.0,0.0,
6078184076,주식회사르노삼성자동차사상정비사업소,,,0.0014,0.0439,0.0021,0.0472,,,,,,0.0,0.0,0.0425,-0.0418,0.0451,0.0,0.0,0.0,0.0,0.0,
6078604228,주식회사히든스페이스,,,,,,0.0015,0.0312,0.9492,,,,0.0,0.0,0.0,0.0,0.0,0.0297,0.918,0.0,0.0,0.0,
6098113693,용원개발주식회사,0.9808,,,,,,,,,,,0.0,0.0,0.0,0.0,0.0,0.0,0.0,0.0,0.0,0.0,
6098151834,주식회사창원컨트리클럽,0.1609,0.9515,,,,,,,,,,0.7906,0.0,0.0,0.0,0.0,0.0,0.0,0.0,0.0,0.0,
6098169009,미래웨딩캐슬(주),0.0019,0.0059,0.0398,0.0085,0.0165,0.294,0.9406,,,,,0.004,0.0339,-0.0313,0.008,0.2775,0.6466,0.0,0.0,0.0,0.0,
6098169085,주식회사경남도민프로축구단,0.3102,0.9782,,,,,,,,,,0.668,0.0,0.0,0.0,0.0,0.0,0.0,0.0,0.0,0.0,
6098600776,주식회사웨딩그룹케이파티앤조이,,,0.001,0.0968,0.8775,,,,,,,0.0,0.0,0.0958,0.7807,0.0,0.0,0.0,0.0,0.0,0.0,
6098605392,삼보엔알디주식회사,0.9916,,,,,,,,,,,0.0,0.0,0.0,0.0,0.0,0.0,0.0,0.0,0.0,0.0,
6108156858,(주)프리드라이프,0.0523,0.0553,0.0296,0.1005,0.0482,0.0467,0.8462,,,,,0.003,-0.0257,0.0709,-0.0523,-0.0015,0.7995,0.0,0.0,0.0,0.0,
6108158953,금강문화허브(주),0.0381,0.057,0.0218,0.015,0.0616,0.039,0.0642,,,,,0.0189,-0.0352,-0.0068,0.0466,-0.0226,0.0252,0.0,0.0,0.0,0.0,
6108167883,한라상조(주),0.1269,0.016,0.0147,0.0609,0.1045,0.1604,0.9299,,,,,-0.1109,-0.0013,0.0462,0.0436,0.0559,0.7695,0.0,0.0,0.0,0.0,
6108621688,하나다개발(주),,0.0029,0.0025,0.0031,0.0005,0.0193,0.0269,,,,,0.0,-0.0004,0.0006,-0.0026,0.0188,0.0076,0.0,0.0,0.0,0.0,
6108622182,주식회사정석,,0.0031,0.4229,0.9767,,,,,,,,0.0,0.4198,0.5538,0.0,0.0,0.0,0.0,0.0,0.0,0.0,
6128119107,장사도해상공원주식회사,0.0016,0.0069,0.0025,0.0017,0.001,0.0149,0.0637,0.0653,,,,0.0053,-0.0044,-0.0008,-0.0007,0.0139,0.0488,0.0016,0.0,0.0,0.0,
6128120977,(주)외도보타니아,0.0008,0.0002,0.0019,0.0005,0.0006,0.0003,,,,,,-0.0006,0.0017,-0.0014,0.0001,-0.0003,0.0,0.0,0.0,0.0,0.0,
6148105875,에스케이텔레콤씨에스티원주식회사,,,,,,,0.003,0.0903,0.3274,,,0.0,0.0,0.0,0.0,0.0,0.0,0.0873,0.2371,0.0,0.0,
6148700246,주식회사동화레져,,,,0.0061,0.0661,0.1763,0.1149,0.4165,0.1174,0.1841,,0.0,0.0,0.0,0.06,0.1102,-0.0614,0.3016,-0.2991,0.0667,0.0,
6158130436,나인산업개발(주),,,0.1917,0.0694,,,,,,,,0.0,0.0,-0.1223,0.0,0.0,0.0,0.0,0.0,0.0,0.0,
6158138627,주식회사밀양관광개발,0.9775,,,,,,,,,,,0.0,0.0,0.0,0.0,0.0,0.0,0.0,0.0,0.0,0.0,
6158146772,(주)한국그린산업,0.0122,0.1384,0.0609,0.0873,0.8984,,,,,,,0.1262,-0.0775,0.0264,0.8111,0.0,0.0,0.0,0.0,0.0,0.0,
6168103403,주식회사한림공원,0.001,0.0002,0.001,0.0004,0.0001,0.0001,,,,,,-0.0008,0.0008,-0.0006,-0.0003,0.0,0.0,0.0,0.0,0.0,0.0,
6168104775,(주)캐슬렉스제주,0.2314,0.9374,,,,,,,,,,0.706,0.0,0.0,0.0,0.0,0.0,0.0,0.0,0.0,0.0,
6168117741,삼흥개발주식회사,0.0339,0.0552,0.0786,0.0834,0.0131,0.0945,,,,,,0.0213,0.0234,0.0048,-0.0703,0.0814,0.0,0.0,0.0,0.0,0.0,
6168120606,퍼시픽랜드주식회사,0.936,,,,,,,,,,,0.0,0.0,0.0,0.0,0.0,0.0,0.0,0.0,0.0,0.0,
6168123205,(주)소인국테마파크,,,,,,0.0091,0.3599,,,0.8148,,0.0,0.0,0.0,0.0,0.0,0.3508,0.0,0.0,0.0,0.0,
6168130481,주식회사부건,0.002,0.0011,0.0027,0.0016,0.0001,0.0004,,,,,,-0.0009,0.0016,-0.0011,-0.0015,0.0003,0.0,0.0,0.0,0.0,0.0,
6168136165,주식회사청원,,,,,0.0182,0.5978,0.9368,,,,,0.0,0.0,0.0,0.0,0.5796,0.339,0.0,0.0,0.0,0.0,
6168146886,(주)제동레저,0.0078,0.0056,0.0032,0.0262,0.001,0.1441,,,,,,-0.0022,-0.0024,0.023,-0.0252,0.1431,0.0,0.0,0.0,0.0,0.0,
6168151962,그랑블제주알앤지(주),0.0002,0.0008,0.0087,0.0926,0.3975,0.9573,,,,,,0.0006,0.0079,0.0839,0.3049,0.5598,0.0,0.0,0.0,0.0,0.0,
6168152049,주식회사상효원,0.0417,0.178,0.9558,,,,,,,,,0.1363,0.7778,0.0,0.0,0.0,0.0,0.0,0.0,0.0,0.0,
6168157909,주식회사아일랜드조이,0.0003,0.0003,,0.0005,0.0002,,,,,,,0.0,0.0,0.0,-0.0003,0.0,0.0,0.0,0.0,0.0,0.0,
6168158586,제주유리의성,0.0005,0.0004,0.0062,0.0013,0.095,0.3848,,,,,,-0.0001,0.0058,-0.0049,0.0937,0.2898,0.0,0.0,0.0,0.0,0.0,
6168158650,주식회사건하,,,,,,0.0103,0.1085,0.9866,,,,0.0,0.0,0.0,0.0,0.0,0.0982,0.8781,0.0,0.0,0.0,
6168160175,주식회사동부레저,,,,0.0101,0.0388,0.9644,,,,,,0.0,0.0,0.0,0.0287,0.9256,0.0,0.0,0.0,0.0,0.0,
6168166596,도두마리나,0.0317,0.1043,0.0039,,,,,,,,,0.0726,-0.1004,0.0,0.0,0.0,0.0,0.0,0.0,0.0,0.0,
6168167576,주식회사행복,0.0013,0.002,0.0057,,0.0022,0.0235,,,0.0537,,,0.0007,0.0037,0.0,0.0,0.0213,0.0,0.0,0.0,0.0,0.0,
6168173253,제주뮤지엄컴플렉스(주),0.0026,0.0662,0.1384,0.1396,0.0425,0.951,,,,,,0.0636,0.0722,0.0012,-0.0971,0.9085,0.0,0.0,0.0,0.0,0.0,
6168183877,주식회사라이트리움,0.0036,0.1732,0.9782,,,,,,,,,0.1696,0.805,0.0,0.0,0.0,0.0,0.0,0.0,0.0,0.0,
6168616830,람정엔터테인먼트코리아(주),,0.0064,0.0075,0.0514,0.0017,0.0621,0.1406,0.9758,,,,0.0,0.0011,0.0439,-0.0497,0.0604,0.0785,0.8352,0.0,0.0,0.0,
6168622439,모노리스제주파크(주),,,,0.0044,0.0244,0.9453,,,,,,0.0,0.0,0.0,0.02,0.9209,0.0,0.0,0.0,0.0,0.0,
6178188953,(주)인백,0.0124,0.0038,0.039,0.0063,0.0072,0.0046,0.265,,,,,-0.0086,0.0352,-0.0327,0.0009,-0.0026,0.2604,0.0,0.0,0.0,0.0,
6178193252,(주)거제씨월드,0.3506,0.9704,,,,,,,,,,0.6198,0.0,0.0,0.0,0.0,0.0,0.0,0.0,0.0,0.0,
6178609797,(주)골드시코리아인베스트먼트,0.0017,0.085,0.1363,0.9482,,,,,,,,0.0833,0.0513,0.8119,0.0,0.0,0.0,0.0,0.0,0.0,0.0,
6178621035,주식회사동부산홀딩스,,0.0016,0.0035,0.1239,0.0102,0.9662,,,,,,0.0,0.0019,0.1204,-0.1137,0.956,0.0,0.0,0.0,0.0,0.0,
6188122731,멀린엔터테인먼트코리아(주),0.0008,0.0275,0.0397,0.0275,0.0099,0.0018,0.074,,,,,0.0267,0.0122,-0.0122,-0.0176,-0.0081,0.0722,0.0,0.0,0.0,0.0,
6218135023,(주)중앙레포츠,0.0008,0.0012,0.0045,0.0039,0.004,0.0105,,,,,,0.0004,0.0033,-0.0006,0.0001,0.0065,0.0,0.0,0.0,0.0,0.0,
6218175821,케이지모빌리티해운대서비스센터주식회사,0.0713,0.5532,0.2222,0.0356,0.0729,0.2594,0.3177,0.9491,,,,0.4819,-0.331,-0.1866,0.0373,0.1865,0.0583,0.6314,0.0,0.0,0.0,
6218179375,(주)장원,0.0002,0.001,0.0016,,,,,,,,,0.0008,0.0006,0.0,0.0,0.0,0.0,0.0,0.0,0.0,0.0,
6218185784,정관온천주식회사,0.0025,0.0031,0.009,0.0028,,,,,,,,0.0006,0.0059,-0.0062,0.0,0.0,0.0,0.0,0.0,0.0,0.0,
6218194624,(주)도원이엔지,0.0028,0.0325,0.009,,,,,,,,,0.0297,-0.0235,0.0,0.0,0.0,0.0,0.0,0.0,0.0,0.0,
6218607560,(주)스포케이,0.0012,0.0153,0.0277,0.0129,0.0044,0.0144,0.193,0.1103,0.043,,,0.0141,0.0124,-0.0148,-0.0085,0.01,0.1786,-0.0827,-0.0673,0.0,0.0,
6368601777,피어엑스주식회사,,,,,,,,0.0021,0.1778,0.0216,,0.0,0.0,0.0,0.0,0.0,0.0,0.0,0.1757,-0.1562,0.0,
6438800047,(주)순창씨씨(CC),,0.0031,0.0218,0.0047,0.0247,0.0067,0.0104,0.0394,,,,0.0,0.0187,-0.0171,0.02,-0.018,0.0037,0.029,0.0,0.0,0.0,
6588700187,주식회사코리아골프프라자,,0.0031,0.2274,0.9802,,,,,,,,0.0,0.2243,0.7528,0.0,0.0,0.0,0.0,0.0,0.0,0.0,
6668600838,(주)웰랜드디앤씨,,,,,0.0196,0.0022,0.0093,0.0006,0.0221,0.0138,,0.0,0.0,0.0,0.0,-0.0174,0.0071,-0.0087,0.0215,-0.0083,0.0,
6688801706,주식회사아리온,,,,,,,0.0023,0.0762,0.3386,,,0.0,0.0,0.0,0.0,0.0,0.0,0.0739,0.2624,0.0,0.0,
6748602142,주식회사하나리조트,,,,,,,,0.004,0.0013,0.0004,,0.0,0.0,0.0,0.0,0.0,0.0,0.0,-0.0027,-0.0009,0.0,
7078601439,(주)나인포인트,,,,,,0.0036,0.2203,0.9824,,,,0.0,0.0,0.0,0.0,0.0,0.2167,0.7621,0.0,0.0,0.0,
7438100329,디아이개발(주),,,0.0018,0.0412,0.9784,,,,,,,0.0,0.0,0.0394,0.9372,0.0,0.0,0.0,0.0,0.0,0.0,
7448600287,플라이스테이션코리아주식회사,,,,,0.0095,0.2439,0.9436,,,,,0.0,0.0,0.0,0.0,0.2344,0.6997,0.0,0.0,0.0,0.0,
7478801009,주식회사제드,,,,,0.0042,0.0199,0.0734,0.9649,,,,0.0,0.0,0.0,0.0,0.0157,0.0535,0.8915,0.0,0.0,0.0,
7638802034,아이엔디앤씨,,,,,,,,0.0012,0.0043,0.0012,,0.0,0.0,0.0,0.0,0.0,0.0,0.0,0.0031,-0.0031,0.0,
7698600383,주식회사에이치티개발,,,0.0019,0.0706,0.9667,,,,,,,0.0,0.0,0.0687,0.8961,0.0,0.0,0.0,0.0,0.0,0.0,
7778800428,주식회사지오그룹,,,,,,,0.0032,0.0082,0.0809,,,0.0,0.0,0.0,0.0,0.0,0.0,0.005,0.0727,0.0,0.0,
7878100182,주식회사서정아트센터,,,,,,,,0.0028,0.0031,0.0009,,0.0,0.0,0.0,0.0,0.0,0.0,0.0,0.0003,-0.0022,0.0,
8358800118,스파마린주식회사,,0.0038,0.0715,0.0323,0.4974,0.3563,,,,,,0.0,0.0677,-0.0392,0.4651,-0.1411,0.0,0.0,0.0,0.0,0.0,
8478601950,주식회사민탑,,,,,,,,0.0024,0.04,0.0374,,0.0,0.0,0.0,0.0,0.0,0.0,0.0,0.0376,-0.0026,0.0,
8498600812,아시아드파크주식회사,,,,,0.0044,0.0541,0.9114,,,,,0.0,0.0,0.0,0.0,0.0497,0.8573,0.0,0.0,0.0,0.0,
8658800031,주식회사워시스왓,,,,,,,0.0019,0.0252,0.0096,,,0.0,0.0,0.0,0.0,0.0,0.0,0.0233,-0.0156,0.0,0.0,
8758800663,주식회사지씨에이치피,,,,0.0048,0.06,0.9772,,,,,,0.0,0.0,0.0,0.0552,0.9172,0.0,0.0,0.0,0.0,0.0,
8808602164,(주)디케이레저,,,,,,,,0.0024,0.0171,0.0147,,0.0,0.0,0.0,0.0,0.0,0.0,0.0,0.0147,-0.0024,0.0,
8868701364,주식회사한반도레저,,,,,,,0.0025,0.0492,0.0004,,,0.0,0.0,0.0,0.0,0.0,0.0,0.0467,-0.0488,0.0,0.0,
8908600673,(주)류마,,,0.0024,0.0192,0.9785,,,,,,,0.0,0.0,0.0168,0.9593,0.0,0.0,0.0,0.0,0.0,0.0,
8968701852,주식회사유니골프앤리조트,,,,,,,,0.0014,0.0073,0.0995,,0.0,0.0,0.0,0.0,0.0,0.0,0.0,0.0059,0.0922,0.0,
