통계표,업종코드,기업규모,계정항목,단위,변환,2012,2013,2014,2015,2016,2017,2018,2019,2020,2021,2022,2023,2024
"5.4.1. 손익계산서(제11차 한국표준산업분류, 2009~)","전산업","종합","매출액","백만원","원자료","3,450,764,004","3,511,737,203","3,571,566,463","3,578,551,434","3,660,044,068","3,991,456,623","4,151,573,005","4,141,106,913","4,115,671,968","4,812,320,546","5,531,853,867","5,430,363,007","5,634,356,987"
"5.4.1. 손익계산서(제11차 한국표준산업분류, 2009~)","전산업","종합","매출원가","백만원","원자료","2,801,705,859","2,834,367,219","2,867,152,000","2,802,125,460","2,827,005,742","3,072,897,834","3,206,977,350","3,213,789,249","3,162,583,620","3,663,080,367","4,304,298,409","4,242,853,429","4,304,609,554"
"5.4.1. 손익계산서(제11차 한국표준산업분류, 2009~)","전산업","종합","영업손익","백만원","원자료","141,723,331","145,348,479","141,490,472","168,168,701","198,409,581","243,863,532","234,318,418","174,220,550","174,446,550","268,334,244","250,657,574","189,059,049","258,756,277"
"5.4.1. 손익계산서(제11차 한국표준산업분류, 2009~)","A01 농업","종합","매출액","백만원","원자료","5,428,795","5,977,018","6,593,316","7,157,390","7,348,781","8,097,600","8,287,085","8,766,819","9,439,093","11,554,520","12,865,051","13,059,932","13,703,227"
"5.4.1. 손익계산서(제11차 한국표준산업분류, 2009~)","A01 농업","종합","매출원가","백만원","원자료","4,822,228","5,314,321","5,464,641","5,856,341","6,048,217","6,464,006","6,972,879","7,541,498","7,907,809","9,425,556","10,859,176","11,195,763","11,545,261"
"5.4.1. 손익계산서(제11차 한국표준산업분류, 2009~)","A01 농업","종합","영업손익","백만원","원자료","-86,940","-91,781","300,578","352,351","310,786","540,479","111,723","-108,230","119,189","577,684","274,831","85,996","304,914"
"5.4.1. 손익계산서(제11차 한국표준산업분류, 2009~)","A03 어업","종합","매출액","백만원","원자료","3,232,850","2,847,944","2,721,360","2,513,482","2,635,213","2,665,189","2,629,124","2,662,265","2,509,635","2,812,801","3,390,155","2,337,165","2,500,963"
"5.4.1. 손익계산서(제11차 한국표준산업분류, 2009~)","A03 어업","종합","매출원가","백만원","원자료","2,739,550","2,622,299","2,524,267","2,278,878","2,304,451","2,308,758","2,336,842","2,449,858","2,213,790","2,392,591","2,837,285","2,072,181","2,179,560"
"5.4.1. 손익계산서(제11차 한국표준산업분류, 2009~)","A03 어업","종합","영업손익","백만원","원자료","261,399","5,456","-41,860","-26,143","96,055","152,492","89,758","-15,324","72,567","174,451","284,080","31,276","56,557"
"5.4.1. 손익계산서(제11차 한국표준산업분류, 2009~)","B 광업","종합","매출액","백만원","원자료","3,790,241","4,052,607","3,898,106","3,914,636","3,732,920","3,411,121","3,123,021","2,970,282","2,572,386","2,774,016","3,121,810","3,503,994","3,734,254"
"5.4.1. 손익계산서(제11차 한국표준산업분류, 2009~)","B 광업","종합","매출원가","백만원","원자료","2,730,713","2,979,691","2,905,341","3,058,949","2,882,224","2,576,379","2,308,806","2,237,534","1,964,549","2,138,897","2,274,480","2,483,640","2,514,605"
"5.4.1. 손익계산서(제11차 한국표준산업분류, 2009~)","B 광업","종합","영업손익","백만원","원자료","494,933","442,265","379,677","221,696","234,789","194,491","72,575","139,326","42,453","1,430","200,510","254,425","443,144"
"5.4.1. 손익계산서(제11차 한국표준산업분류, 2009~)","C 제조업","종합","매출액","백만원","원자료","1,751,526,409","1,737,755,043","1,727,256,255","1,678,047,027","1,670,375,606","1,821,878,190","1,900,756,205","1,854,703,239","1,817,218,849","2,159,055,513","2,486,091,173","2,428,259,309","2,568,791,271"
"5.4.1. 손익계산서(제11차 한국표준산업분류, 2009~)","C 제조업","종합","매출원가","백만원","원자료","1,473,104,979","1,451,830,019","1,450,962,650","1,378,618,558","1,349,708,382","1,454,370,174","1,528,589,178","1,526,823,518","1,482,420,128","1,733,753,521","2,040,101,085","2,032,934,807","2,091,213,003"
"5.4.1. 손익계산서(제11차 한국표준산업분류, 2009~)","C 제조업","종합","영업손익","백만원","원자료","89,851,650","91,179,391","72,749,140","86,921,412","100,110,172","138,313,723","138,388,610","82,152,306","83,906,527","146,656,860","142,238,357","79,587,897","131,880,978"
"5.4.1. 손익계산서(제11차 한국표준산업분류, 2009~)","  C10 식료품","종합","매출액","백만원","원자료","76,965,602","78,764,986","82,858,284","88,477,632","92,906,888","95,112,551","103,735,256","106,499,765","115,390,845","127,870,222","147,570,368","151,356,041","161,006,609"
"5.4.1. 손익계산서(제11차 한국표준산업분류, 2009~)","  C10 식료품","종합","매출원가","백만원","원자료","60,892,807","62,023,835","65,121,720","69,012,093","72,307,201","74,825,995","81,887,230","84,067,436","90,939,103","101,719,076","119,082,964","121,113,999","127,928,242"
"5.4.1. 손익계산서(제11차 한국표준산업분류, 2009~)","  C10 식료품","종합","영업손익","백만원","원자료","3,057,205","3,180,371","3,406,585","3,997,098","4,382,708","4,042,589","4,384,229","4,123,378","4,606,720","4,545,921","4,628,244","5,691,593","6,147,989"
"5.4.1. 손익계산서(제11차 한국표준산업분류, 2009~)","    C101-4 육류, 수산물, 과실 가공 및 유지, 낙농제품","종합","매출액","백만원","원자료","28,993,587","29,440,703","32,249,741","35,810,300","38,439,101","40,407,689","43,893,431","44,684,105","49,015,501","56,432,605","63,064,121","66,475,798","68,996,196"
"5.4.1. 손익계산서(제11차 한국표준산업분류, 2009~)","    C101-4 육류, 수산물, 과실 가공 및 유지, 낙농제품","종합","매출원가","백만원","원자료","23,733,039","23,967,894","26,455,658","29,300,785","31,423,362","33,462,086","36,413,452","37,141,037","40,905,196","47,204,611","53,205,376","55,763,747","58,188,113"
"5.4.1. 손익계산서(제11차 한국표준산업분류, 2009~)","    C101-4 육류, 수산물, 과실 가공 및 유지, 낙농제품","종합","영업손익","백만원","원자료","878,553","850,083","867,487","1,155,242","1,384,792","1,340,776","1,395,583","1,171,185","1,296,599","1,639,246","1,715,948","2,078,612","1,875,127"
"5.4.1. 손익계산서(제11차 한국표준산업분류, 2009~)","    C105,9 곡물가공품, 전분제품, 사료 및 조제식품","종합","매출액","백만원","원자료","14,272,419","15,020,695","14,354,388","13,738,405","13,167,286","13,043,316","13,932,359","14,808,207","16,208,264","18,025,015","21,671,289","20,194,321","21,995,571"
"5.4.1. 손익계산서(제11차 한국표준산업분류, 2009~)","    C105,9 곡물가공품, 전분제품, 사료 및 조제식품","종합","매출원가","백만원","원자료","12,480,104","13,157,086","12,393,661","11,776,344","11,252,671","11,180,122","12,056,507","12,842,906","13,974,131","15,627,249","19,043,555","17,287,187","18,623,209"
"5.4.1. 손익계산서(제11차 한국표준산업분류, 2009~)","    C105,9 곡물가공품, 전분제품, 사료 및 조제식품","종합","영업손익","백만원","원자료","456,083","471,210","538,948","516,266","526,024","447,569","404,699","400,427","445,109","473,956","426,303","709,040","887,737"
"5.4.1. 손익계산서(제11차 한국표준산업분류, 2009~)","    C106 떡, 빵 및 과자류","종합","매출액","백만원","원자료","10,577,602","9,712,332","10,156,441","10,383,784","10,200,334","8,632,958","10,619,288","10,849,156","10,771,317","11,741,426","14,310,609","15,584,959","15,872,970"
"5.4.1. 손익계산서(제11차 한국표준산업분류, 2009~)","    C106 떡, 빵 및 과자류","종합","매출원가","백만원","원자료","7,562,422","6,692,043","7,071,093","7,134,530","6,906,084","5,953,925","7,286,928","7,397,204","7,341,710","8,074,409","10,274,435","11,016,776","11,106,640"
"5.4.1. 손익계산서(제11차 한국표준산업분류, 2009~)","    C106 떡, 빵 및 과자류","종합","영업손익","백만원","원자료","464,090","463,684","453,274","555,905","512,200","337,642","491,971","498,002","488,400","559,309","575,281","738,666","765,167"
"5.4.1. 손익계산서(제11차 한국표준산업분류, 2009~)","    C107 도시락 및 식사용 조리식품","종합","매출액","백만원","원자료","","","","","","","","10,862","287,522","808,651","1,520,777","2,193,380","2,556,982"
"5.4.1. 손익계산서(제11차 한국표준산업분류, 2009~)","    C107 도시락 및 식사용 조리식품","종합","매출원가","백만원","원자료","","","","","","","","8,360","230,264","664,806","1,236,070","1,737,989","2,027,488"
"5.4.1. 손익계산서(제11차 한국표준산업분류, 2009~)","    C107 도시락 및 식사용 조리식품","종합","영업손익","백만원","원자료","","","","","","","","-681","-13,365","-137,692","-144,819","35,220","96,094"
"5.4.1. 손익계산서(제11차 한국표준산업분류, 2009~)","    C108 기타 식품","종합","매출액","백만원","원자료","23,121,994","24,591,255","26,097,714","28,545,144","31,100,168","33,028,589","35,290,178","36,147,435","39,108,242","40,862,524","47,003,573","46,907,584","51,584,890"
"5.4.1. 손익계산서(제11차 한국표준산업분류, 2009~)","    C108 기타 식품","종합","매출원가","백만원","원자료","17,117,242","18,206,812","19,201,309","20,800,434","22,725,084","24,229,862","26,130,343","26,677,929","28,487,802","30,148,001","35,323,528","35,308,300","37,982,792"
"5.4.1. 손익계산서(제11차 한국표준산업분류, 2009~)","    C108 기타 식품","종합","영업손익","백만원","원자료","1,258,479","1,395,395","1,546,875","1,769,686","1,959,691","1,916,603","2,091,976","2,054,445","2,389,976","2,011,102","2,055,531","2,130,055","2,523,864"
"5.4.1. 손익계산서(제11차 한국표준산업분류, 2009~)","  C11 음료","종합","매출액","백만원","원자료","9,716,006","10,047,271","10,341,264","10,877,790","10,916,039","11,601,044","11,861,297","12,013,647","11,520,961","12,208,155","13,857,329","13,987,302","14,474,606"
"5.4.1. 손익계산서(제11차 한국표준산업분류, 2009~)","  C11 음료","종합","매출원가","백만원","원자료","5,587,542","5,672,464","5,916,660","6,123,919","6,117,869","6,521,191","6,854,803","6,972,702","6,708,691","7,173,386","8,242,218","8,414,557","8,578,701"
"5.4.1. 손익계산서(제11차 한국표준산업분류, 2009~)","  C11 음료","종합","영업손익","백만원","원자료","1,112,686","1,249,508","1,033,643","1,251,917","1,170,800","1,225,360","1,250,856","1,148,775","1,162,968","1,206,296","1,391,191","1,152,825","1,253,923"
"5.4.1. 손익계산서(제11차 한국표준산업분류, 2009~)","    C111 알코올음료","종합","매출액","백만원","원자료","4,670,158","4,802,717","4,948,193","5,029,470","5,002,083","5,137,131","5,116,715","5,087,651","5,022,841","5,012,538","5,827,050","5,542,003","5,803,053"
"5.4.1. 손익계산서(제11차 한국표준산업분류, 2009~)","    C111 알코올음료","종합","매출원가","백만원","원자료","2,474,315","2,472,386","2,609,961","2,590,999","2,528,151","2,574,548","2,621,419","2,658,859","2,692,842","2,741,008","3,182,201","3,111,744","3,059,245"
"5.4.1. 손익계산서(제11차 한국표준산업분류, 2009~)","    C111 알코올음료","종합","영업손익","백만원","원자료","752,761","862,180","722,242","822,988","755,986","804,672","741,853","600,264","612,896","559,301","729,347","464,883","696,682"
"5.4.1. 손익계산서(제11차 한국표준산업분류, 2009~)","    C112 비알코올음료 및 얼음","종합","매출액","백만원","원자료","5,045,848","5,244,555","5,393,071","5,848,320","5,913,956","6,463,913","6,744,582","6,925,996","6,498,120","7,195,617","8,030,279","8,445,299","8,671,553"
"5.4.1. 손익계산서(제11차 한국표준산업분류, 2009~)","    C112 비알코올음료 및 얼음","종합","매출원가","백만원","원자료","3,113,227","3,200,078","3,306,699","3,532,920","3,589,718","3,946,643","4,233,384","4,313,844","4,015,849","4,432,378","5,060,017","5,302,813","5,519,456"
"5.4.1. 손익계산서(제11차 한국표준산업분류, 2009~)","    C112 비알코올음료 및 얼음","종합","영업손익","백만원","원자료","359,925","387,329","311,401","428,929","414,814","420,687","509,003","548,511","550,072","646,995","661,844","687,943","557,241"
"5.4.1. 손익계산서(제11차 한국표준산업분류, 2009~)","  C13 섬유제품(의복 제외)","종합","매출액","백만원","원자료","29,602,327","29,398,371","29,641,401","26,418,216","26,451,699","26,061,063","28,080,525","27,802,229","27,175,687","27,925,213","29,568,010","26,510,912","26,582,819"
"5.4.1. 손익계산서(제11차 한국표준산업분류, 2009~)","  C13 섬유제품(의복 제외)","종합","매출원가","백만원","원자료","25,481,537","25,099,026","25,198,683","21,983,695","21,790,237","21,553,983","23,427,605","23,042,488","21,508,792","22,847,394","24,174,700","21,515,517","21,435,507"
"5.4.1. 손익계산서(제11차 한국표준산업분류, 2009~)","  C13 섬유제품(의복 제외)","종합","영업손익","백만원","원자료","831,639","1,074,812","892,830","977,814","1,157,731","917,670","762,845","798,167","1,517,823","687,685","842,617","560,585","612,083"
"5.4.1. 손익계산서(제11차 한국표준산업분류, 2009~)","    C131 방적 및 가공사","종합","매출액","백만원","원자료","5,598,186","4,623,680","4,586,601","4,172,809","4,164,571","3,699,767","4,136,484","3,966,946","3,175,111","3,646,819","3,538,772","2,935,459","2,790,537"
"5.4.1. 손익계산서(제11차 한국표준산업분류, 2009~)","    C131 방적 및 가공사","종합","매출원가","백만원","원자료","5,116,870","4,143,082","4,131,169","3,696,726","3,633,090","3,260,173","3,625,559","3,484,987","2,759,366","3,080,326","3,087,777","2,623,484","2,420,535"
"5.4.1. 손익계산서(제11차 한국표준산업분류, 2009~)","    C131 방적 및 가공사","종합","영업손익","백만원","원자료","-42,331","126,242","7,917","83,736","138,982","63,970","62,212","61,720","48,700","178,849","41,169","-33,743","9,303"
"5.4.1. 손익계산서(제11차 한국표준산업분류, 2009~)","    C132 직물직조 및 직물제품","종합","매출액","백만원","원자료","11,530,895","12,313,738","12,371,127","11,878,569","11,648,290","11,471,665","12,279,882","12,141,447","12,096,158","12,262,285","13,223,174","11,810,337","11,864,986"
"5.4.1. 손익계산서(제11차 한국표준산업분류, 2009~)","    C132 직물직조 및 직물제품","종합","매출원가","백만원","원자료","9,809,779","10,422,766","10,423,495","9,825,406","9,572,420","9,472,104","10,197,036","10,023,304","9,255,426","9,853,981","10,520,878","9,300,944","9,374,806"
"5.4.1. 손익계산서(제11차 한국표준산업분류, 2009~)","    C132 직물직조 및 직물제품","종합","영업손익","백만원","원자료","363,028","401,186","364,872","419,872","432,807","330,795","302,704","310,447","760,432","185,118","425,793","300,490","259,269"
"5.4.1. 손익계산서(제11차 한국표준산업분류, 2009~)","    C133,4,9 기타 섬유제품","종합","매출액","백만원","원자료","12,473,246","12,460,954","12,683,673","10,366,837","10,638,837","10,889,631","11,664,160","11,693,836","11,904,418","12,016,109","12,806,063","11,765,116","11,927,296"
"5.4.1. 손익계산서(제11차 한국표준산업분류, 2009~)","    C133,4,9 기타 섬유제품","종합","매출원가","백만원","원자료","10,554,888","10,533,178","10,644,019","8,461,563","8,584,727","8,821,706","9,605,009","9,534,197","9,494,000","9,913,087","10,566,045","9,591,089","9,640,166"
"5.4.1. 손익계산서(제11차 한국표준산업분류, 2009~)","    C133,4,9 기타 섬유제품","종합","영업손익","백만원","원자료","510,943","547,384","520,041","474,207","585,942","522,904","397,929","426,000","708,691","323,718","375,655","293,838","343,511"
"5.4.1. 손익계산서(제11차 한국표준산업분류, 2009~)","  C14 의복, 의복액세서리 및 모피제품","종합","매출액","백만원","원자료","34,306,237","38,379,023","42,203,732","41,321,695","41,328,728","43,701,652","43,941,023","43,892,027","39,578,512","45,033,989","53,025,320","55,902,868","57,949,199"
"5.4.1. 손익계산서(제11차 한국표준산업분류, 2009~)","  C14 의복, 의복액세서리 및 모피제품","종합","매출원가","백만원","원자료","22,426,205","25,507,582","27,904,154","27,742,200","27,721,577","29,670,084","29,822,575","29,275,460","26,874,269","29,506,001","34,242,040","35,775,006","37,666,409"
"5.4.1. 손익계산서(제11차 한국표준산업분류, 2009~)","  C14 의복, 의복액세서리 및 모피제품","종합","영업손익","백만원","원자료","1,647,585","1,887,901","1,790,978","1,843,132","1,607,343","1,634,856","1,721,631","1,794,172","1,118,254","2,371,837","3,765,489","3,507,300","3,039,110"
"5.4.1. 손익계산서(제11차 한국표준산업분류, 2009~)","  C15 가죽, 가방 및 신발","종합","매출액","백만원","원자료","9,632,864","10,504,116","10,767,568","10,327,202","10,294,697","11,171,373","11,034,686","11,850,731","9,366,597","10,109,553","11,918,726","10,910,656","11,524,190"
"5.4.1. 손익계산서(제11차 한국표준산업분류, 2009~)","  C15 가죽, 가방 및 신발","종합","매출원가","백만원","원자료","7,301,674","8,014,048","8,171,193","7,968,629","7,887,363","8,660,378","8,459,982","9,013,868","7,300,126","7,735,405","9,274,663","8,275,639","8,797,850"
"5.4.1. 손익계산서(제11차 한국표준산업분류, 2009~)","  C15 가죽, 가방 및 신발","종합","영업손익","백만원","원자료","593,018","670,164","648,777","489,767","498,058","562,424","510,923","635,367","246,459","464,331","704,567","668,379","723,757"
"5.4.1. 손익계산서(제11차 한국표준산업분류, 2009~)","  C16 목재 및 나무제품(가구 제외)","종합","매출액","백만원","원자료","6,000,813","6,290,128","7,170,579","7,797,539","8,146,213","8,448,669","8,772,845","8,158,533","8,123,377","9,874,581","10,301,499","9,917,907","9,758,701"
"5.4.1. 손익계산서(제11차 한국표준산업분류, 2009~)","  C16 목재 및 나무제품(가구 제외)","종합","매출원가","백만원","원자료","5,134,925","5,339,618","6,051,504","6,576,215","6,839,914","7,167,576","7,465,643","6,877,795","6,805,751","8,243,814","8,658,186","8,295,853","8,105,002"
"5.4.1. 손익계산서(제11차 한국표준산업분류, 2009~)","  C16 목재 및 나무제품(가구 제외)","종합","영업손익","백만원","원자료","201,636","269,406","330,688","373,085","418,318","329,257","327,201","267,182","264,267","426,846","342,323","277,882","261,230"
"5.4.1. 손익계산서(제11차 한국표준산업분류, 2009~)","  C17 펄프, 종이 및 종이제품","종합","매출액","백만원","원자료","21,315,889","21,079,010","21,356,900","21,515,996","22,284,559","23,591,749","24,737,738","24,191,975","24,830,623","27,952,950","30,841,469","30,272,527","31,106,453"
"5.4.1. 손익계산서(제11차 한국표준산업분류, 2009~)","  C17 펄프, 종이 및 종이제품","종합","매출원가","백만원","원자료","17,738,586","17,547,687","17,821,294","17,990,284","18,458,556","20,045,266","20,590,655","20,056,974","20,235,595","23,282,573","25,735,931","25,249,127","26,060,979"
"5.4.1. 손익계산서(제11차 한국표준산업분류, 2009~)","  C17 펄프, 종이 및 종이제품","종합","영업손익","백만원","원자료","1,177,378","1,059,026","882,252","758,356","1,068,090","748,222","1,359,231","1,270,216","1,528,960","1,398,129","1,470,888","1,320,712","1,120,928"
"5.4.1. 손익계산서(제11차 한국표준산업분류, 2009~)","  C18 인쇄 및 기록매체 복제업","종합","매출액","백만원","원자료","6,979,280","7,737,354","7,596,437","7,961,644","8,324,867","8,808,047","9,151,272","9,487,032","9,382,471","10,225,508","10,805,932","10,821,477","11,027,936"
"5.4.1. 손익계산서(제11차 한국표준산업분류, 2009~)","  C18 인쇄 및 기록매체 복제업","종합","매출원가","백만원","원자료","5,584,933","6,226,502","6,038,190","6,262,620","6,519,837","6,932,761","7,215,103","7,405,625","7,301,723","8,016,089","8,500,076","8,434,737","8,595,741"
"5.4.1. 손익계산서(제11차 한국표준산업분류, 2009~)","  C18 인쇄 및 기록매체 복제업","종합","영업손익","백만원","원자료","306,487","346,360","330,520","365,418","439,635","427,924","393,103","460,425","423,754","420,223","402,044","391,697","407,647"
"5.4.1. 손익계산서(제11차 한국표준산업분류, 2009~)","  C19 코크스, 연탄 및 석유정제품","종합","매출액","백만원","원자료","161,738,304","151,807,823","149,397,988","97,075,569","86,136,211","110,277,537","135,753,071","126,692,967","83,217,183","130,831,042","218,036,174","175,559,927","181,077,043"
"5.4.1. 손익계산서(제11차 한국표준산업분류, 2009~)","  C19 코크스, 연탄 및 석유정제품","종합","매출원가","백만원","원자료","156,378,681","146,853,871","147,436,797","89,786,283","75,894,898","99,945,568","128,452,889","120,941,179","85,056,818","118,909,731","198,832,139","164,731,767","173,441,368"
"5.4.1. 손익계산서(제11차 한국표준산업분류, 2009~)","  C19 코크스, 연탄 및 석유정제품","종합","영업손익","백만원","원자료","2,096,579","1,790,324","-1,171,792","4,142,722","6,992,344","6,972,882","4,119,868","2,544,788","-4,900,311","7,704,898","14,077,942","6,396,881","2,872,715"
"5.4.1. 손익계산서(제11차 한국표준산업분류, 2009~)","  C20 화학물질 및 화학제품(의약품 제외)","종합","매출액","백만원","원자료","192,044,432","180,531,560","172,248,556","170,766,877","172,600,084","190,783,114","214,798,321","198,890,414","178,912,518","229,814,102","272,201,510","253,022,114","257,388,018"
"5.4.1. 손익계산서(제11차 한국표준산업분류, 2009~)","  C20 화학물질 및 화학제품(의약품 제외)","종합","매출원가","백만원","원자료","165,256,077","154,469,471","147,688,351","137,660,662","133,230,128","148,670,572","173,015,611","161,036,290","142,078,772","179,066,986","226,889,047","216,075,116","217,574,232"
"5.4.1. 손익계산서(제11차 한국표준산업분류, 2009~)","  C20 화학물질 및 화학제품(의약품 제외)","종합","영업손익","백만원","원자료","8,863,030","8,505,530","7,229,501","12,859,525","17,363,670","19,434,854","17,524,304","12,198,573","11,291,168","20,765,233","14,756,184","8,161,970","8,270,991"
"5.4.1. 손익계산서(제11차 한국표준산업분류, 2009~)","    C201 기초화학물질","종합","매출액","백만원","원자료","84,618,501","77,538,847","66,800,812","63,866,282","62,804,750","72,735,563","79,999,526","72,421,309","61,512,796","86,213,652","115,624,843","104,068,557","111,391,348"
"5.4.1. 손익계산서(제11차 한국표준산업분류, 2009~)","    C201 기초화학물질","종합","매출원가","백만원","원자료","77,376,963","71,718,447","61,996,691","55,597,178","50,972,963","58,747,639","67,663,541","63,479,862","53,513,211","72,677,305","104,380,662","96,550,906","103,067,244"
"5.4.1. 손익계산서(제11차 한국표준산업분류, 2009~)","    C201 기초화학물질","종합","영업손익","백만원","원자료","3,046,775","2,739,080","1,645,474","4,472,742","7,809,218","10,076,534","8,419,966","5,000,912","3,732,692","8,686,811","5,456,029","2,123,045","1,113,208"
"5.4.1. 손익계산서(제11차 한국표준산업분류, 2009~)","    C202 합성고무 및 플라스틱 물질","종합","매출액","백만원","원자료","51,612,545","54,823,114","55,616,094","39,859,544","39,263,576","45,242,152","53,616,882","52,516,852","53,010,230","71,211,190","71,011,607","67,336,798","61,034,054"
"5.4.1. 손익계산서(제11차 한국표준산업분류, 2009~)","    C202 합성고무 및 플라스틱 물질","종합","매출원가","백만원","원자료","44,047,114","46,960,527","49,475,568","33,098,328","32,123,323","36,974,271","44,669,511","44,077,882","43,405,288","54,898,009","59,017,812","58,873,052","53,046,983"
"5.4.1. 손익계산서(제11차 한국표준산업분류, 2009~)","    C202 합성고무 및 플라스틱 물질","종합","영업손익","백만원","원자료","3,135,333","2,932,600","2,425,290","3,218,840","3,495,289","4,105,279","3,930,384","2,260,101","3,296,996","7,085,791","4,172,330","1,158,166","1,452,740"
"5.4.1. 손익계산서(제11차 한국표준산업분류, 2009~)","    C203 비료, 농약 및 살균, 살충제","종합","매출액","백만원","원자료","5,519,557","6,707,726","6,574,484","4,956,794","4,833,707","5,061,844","5,471,832","5,498,251","5,857,207","6,748,333","8,198,121","8,674,081","7,698,656"
"5.4.1. 손익계산서(제11차 한국표준산업분류, 2009~)","    C203 비료, 농약 및 살균, 살충제","종합","매출원가","백만원","원자료","4,579,744","5,538,968","5,343,084","3,776,478","3,711,610","3,845,430","4,211,303","4,200,037","4,315,027","5,133,315","6,450,998","6,883,202","5,976,848"
"5.4.1. 손익계산서(제11차 한국표준산업분류, 2009~)","    C203 비료, 농약 및 살균, 살충제","종합","영업손익","백만원","원자료","48,950","136,070","173,588","248,801","164,208","250,779","236,423","229,254","413,599","407,766","439,222","441,371","366,921"
"5.4.1. 손익계산서(제11차 한국표준산업분류, 2009~)","    C204 기타 화학제품","종합","매출액","백만원","원자료","36,743,217","30,857,200","33,683,104","45,627,361","49,804,663","50,728,624","56,680,554","50,354,535","52,205,815","57,806,528","68,949,821","70,491,352","74,775,985"
"5.4.1. 손익계산서(제11차 한국표준산업분류, 2009~)","    C204 기타 화학제품","종합","매출원가","백만원","원자료","27,025,771","21,271,143","22,803,139","31,388,507","33,359,022","34,735,579","39,946,787","33,781,641","35,760,421","40,179,792","49,975,178","51,633,403","53,355,986"
"5.4.1. 손익계산서(제11차 한국표준산업분류, 2009~)","    C204 기타 화학제품","종합","영업손익","백만원","원자료","2,322,171","2,371,652","2,772,873","4,155,263","4,932,836","4,259,275","4,183,463","3,788,699","3,611,899","4,090,935","4,641,538","4,381,541","5,262,838"
"5.4.1. 손익계산서(제11차 한국표준산업분류, 2009~)","    C205 화학섬유","종합","매출액","백만원","원자료","13,550,612","10,604,673","9,574,061","16,456,896","15,893,389","17,014,931","19,029,527","18,099,467","6,326,470","7,834,399","8,417,118","2,451,326","2,487,974"
"5.4.1. 손익계산서(제11차 한국표준산업분류, 2009~)","    C205 화학섬유","종합","매출원가","백만원","원자료","12,226,485","8,980,386","8,069,869","13,800,170","13,063,210","14,367,652","16,524,471","15,496,868","5,084,825","6,178,564","7,064,397","2,134,554","2,127,172"
"5.4.1. 손익계산서(제11차 한국표준산업분류, 2009~)","    C205 화학섬유","종합","영업손익","백만원","원자료","309,800","326,128","212,276","763,878","962,119","742,988","754,067","919,607","235,981","493,931","47,064","57,848","75,284"
"5.4.1. 손익계산서(제11차 한국표준산업분류, 2009~)","  C21 의료용 물질 및 의약품","종합","매출액","백만원","원자료","17,359,279","16,474,180","17,533,606","20,129,911","22,436,416","23,398,134","25,519,055","27,313,743","33,620,367","40,002,493","41,988,158","42,243,560","44,743,205"
"5.4.1. 손익계산서(제11차 한국표준산업분류, 2009~)","  C21 의료용 물질 및 의약품","종합","매출원가","백만원","원자료","10,153,692","9,587,123","10,300,613","11,483,282","13,200,913","13,525,089","15,100,408","16,172,137","18,811,225","22,490,721","23,986,239","25,122,073","25,895,340"
"5.4.1. 손익계산서(제11차 한국표준산업분류, 2009~)","  C21 의료용 물질 및 의약품","종합","영업손익","백만원","원자료","1,282,540","1,261,137","1,402,403","1,779,884","2,038,902","2,498,240","2,052,100","2,005,642","4,937,732","6,181,775","5,425,845","3,644,306","4,697,369"
"5.4.1. 손익계산서(제11차 한국표준산업분류, 2009~)","  C22 고무 및 플라스틱제품","종합","매출액","백만원","원자료","53,853,844","49,112,198","54,331,816","54,130,528","56,607,299","59,722,696","60,169,628","60,241,866","59,415,232","64,418,591","72,178,737","69,679,325","72,359,894"
"5.4.1. 손익계산서(제11차 한국표준산업분류, 2009~)","  C22 고무 및 플라스틱제품","종합","매출원가","백만원","원자료","44,568,561","41,205,605","44,717,446","43,758,184","45,530,138","48,962,760","49,717,618","49,359,650","48,424,518","53,426,107","60,733,966","57,426,238","58,869,163"
"5.4.1. 손익계산서(제11차 한국표준산업분류, 2009~)","  C22 고무 및 플라스틱제품","종합","영업손익","백만원","원자료","3,299,519","2,653,364","3,126,649","3,288,948","3,667,375","2,917,023","2,692,327","2,738,425","2,829,492","2,291,835","2,228,209","2,787,766","3,439,597"
"5.4.1. 손익계산서(제11차 한국표준산업분류, 2009~)","    C221 고무제품","종합","매출액","백만원","원자료","16,058,656","9,640,070","12,870,653","12,602,591","12,416,204","12,754,815","12,203,191","12,431,223","11,096,659","12,101,865","15,052,683","13,977,349","15,438,639"
"5.4.1. 손익계산서(제11차 한국표준산업분류, 2009~)","    C221 고무제품","종합","매출원가","백만원","원자료","12,452,750","7,783,807","9,767,755","9,629,704","9,344,816","10,094,203","9,754,580","9,834,198","8,826,772","10,113,971","12,718,097","11,126,848","11,888,629"
"5.4.1. 손익계산서(제11차 한국표준산업분류, 2009~)","    C221 고무제품","종합","영업손익","백만원","원자료","1,473,351","718,563","1,164,963","862,696","944,549","442,912","543,470","639,413","398,962","1,834","199,958","642,863","1,102,806"
"5.4.1. 손익계산서(제11차 한국표준산업분류, 2009~)","    C222 플라스틱제품","종합","매출액","백만원","원자료","37,795,188","39,472,127","41,461,163","41,527,937","44,191,095","46,967,880","47,966,437","47,810,644","48,318,573","52,316,725","57,126,054","55,701,977","56,921,255"
"5.4.1. 손익계산서(제11차 한국표준산업분류, 2009~)","    C222 플라스틱제품","종합","매출원가","백만원","원자료","32,115,811","33,421,798","34,949,691","34,128,480","36,185,322","38,868,557","39,963,038","39,525,452","39,597,746","43,312,136","48,015,868","46,299,389","46,980,534"
"5.4.1. 손익계산서(제11차 한국표준산업분류, 2009~)","    C222 플라스틱제품","종합","영업손익","백만원","원자료","1,826,168","1,934,801","1,961,686","2,426,252","2,722,826","2,474,111","2,148,857","2,099,013","2,430,530","2,290,001","2,028,250","2,144,903","2,336,792"
"5.4.1. 손익계산서(제11차 한국표준산업분류, 2009~)","  C23 비금속 광물제품","종합","매출액","백만원","원자료","38,596,157","39,978,565","38,625,932","40,882,534","43,563,022","44,655,037","43,577,864","41,804,404","41,687,104","46,799,161","49,633,437","52,572,951","49,513,726"
"5.4.1. 손익계산서(제11차 한국표준산업분류, 2009~)","  C23 비금속 광물제품","종합","매출원가","백만원","원자료","30,888,086","32,112,092","31,380,553","32,649,257","34,610,547","35,661,221","35,409,679","34,071,793","33,919,303","38,214,835","41,019,034","42,505,553","40,095,984"
"5.4.1. 손익계산서(제11차 한국표준산업분류, 2009~)","  C23 비금속 광물제품","종합","영업손익","백만원","원자료","3,305,042","3,247,160","2,439,294","3,372,541","3,817,963","3,661,204","2,837,030","2,514,486","2,429,595","2,780,507","2,590,447","3,661,935","2,947,415"
"5.4.1. 손익계산서(제11차 한국표준산업분류, 2009~)","    C231 유리 및 유리제품","종합","매출액","백만원","원자료","9,317,296","9,380,236","8,526,138","7,990,538","8,469,443","8,156,664","8,191,396","7,382,341","8,237,308","8,457,592","8,856,898","8,979,939","9,409,903"
"5.4.1. 손익계산서(제11차 한국표준산업분류, 2009~)","    C231 유리 및 유리제품","종합","매출원가","백만원","원자료","6,628,126","7,069,547","6,959,554","6,362,260","6,723,511","6,388,908","6,585,243","5,925,042","6,860,703","6,920,523","7,557,496","7,635,141","8,019,779"
"5.4.1. 손익계산서(제11차 한국표준산업분류, 2009~)","    C231 유리 및 유리제품","종합","영업손익","백만원","원자료","1,811,597","1,392,024","446,243","770,089","853,300","877,793","744,628","651,860","540,685","637,109","419,876","436,017","392,779"
"5.4.1. 손익계산서(제11차 한국표준산업분류, 2009~)","    C232 내화, 비내화 요업제품","종합","매출액","백만원","원자료","4,313,468","3,156,214","3,248,053","3,083,813","3,145,802","3,406,320","3,546,913","3,322,667","3,181,023","3,434,500","3,949,603","3,616,929","3,061,409"
"5.4.1. 손익계산서(제11차 한국표준산업분류, 2009~)","    C232 내화, 비내화 요업제품","종합","매출원가","백만원","원자료","3,654,254","2,623,878","2,692,941","2,528,859","2,535,262","2,779,756","2,892,166","2,711,312","2,602,284","2,791,893","3,282,266","2,946,743","2,472,189"
"5.4.1. 손익계산서(제11차 한국표준산업분류, 2009~)","    C232 내화, 비내화 요업제품","종합","영업손익","백만원","원자료","214,147","136,385","138,090","134,856","169,478","150,156","167,487","109,332","88,688","108,681","63,604","97,631","73,434"
"5.4.1. 손익계산서(제11차 한국표준산업분류, 2009~)","    C233 시멘트, 석회, 플라스터 및 그 제품","종합","매출액","백만원","원자료","17,827,237","19,850,539","19,133,519","21,282,522","23,074,443","23,610,800","22,333,736","21,608,386","22,121,288","26,560,537","27,313,422","30,328,293","27,277,951"
"5.4.1. 손익계산서(제11차 한국표준산업분류, 2009~)","    C233 시멘트, 석회, 플라스터 및 그 제품","종합","매출원가","백만원","원자료","14,728,168","16,285,022","15,568,128","17,157,943","18,434,991","19,008,397","18,299,905","17,884,930","18,087,309","21,891,935","22,559,983","24,341,792","21,868,057"
"5.4.1. 손익계산서(제11차 한국표준산업분류, 2009~)","    C233 시멘트, 석회, 플라스터 및 그 제품","종합","영업손익","백만원","원자료","892,475","1,205,848","1,308,015","1,693,109","2,052,432","1,931,565","1,372,903","1,132,048","1,227,646","1,496,944","1,498,133","2,428,510","1,890,202"
"5.4.1. 손익계산서(제11차 한국표준산업분류, 2009~)","    C239 기타 비금속 광물제품","종합","매출액","백만원","원자료","7,138,156","7,591,576","7,718,222","8,525,660","8,873,333","9,481,254","9,505,818","9,491,010","8,147,485","8,346,531","9,513,514","9,647,791","9,764,464"
"5.4.1. 손익계산서(제11차 한국표준산업분류, 2009~)","    C239 기타 비금속 광물제품","종합","매출원가","백만원","원자료","5,877,537","6,133,646","6,159,930","6,600,194","6,916,783","7,484,161","7,632,364","7,550,510","6,369,008","6,610,484","7,619,290","7,581,877","7,735,959"
"5.4.1. 손익계산서(제11차 한국표준산업분류, 2009~)","    C239 기타 비금속 광물제품","종합","영업손익","백만원","원자료","386,823","512,902","546,948","774,486","742,752","701,690","552,012","621,247","572,576","537,773","608,833","699,776","590,999"
"5.4.1. 손익계산서(제11차 한국표준산업분류, 2009~)","  C24 1차 금속","종합","매출액","백만원","원자료","161,327,891","143,978,695","145,511,256","130,693,572","127,166,106","145,815,396","149,351,785","144,637,572","138,414,849","187,779,483","212,009,390","198,089,791","192,511,933"
"5.4.1. 손익계산서(제11차 한국표준산업분류, 2009~)","  C24 1차 금속","종합","매출원가","백만원","원자료","146,155,586","130,146,429","130,230,314","115,686,686","111,291,160","129,295,827","134,517,115","131,460,640","126,852,307","163,365,184","191,157,658","180,008,540","175,807,760"
"5.4.1. 손익계산서(제11차 한국표준산업분류, 2009~)","  C24 1차 금속","종합","영업손익","백만원","원자료","7,488,044","6,170,767","6,848,796","6,542,390","7,924,989","8,139,954","7,525,340","5,942,875","4,289,011","16,346,247","11,665,637","8,576,442","6,981,869"
"5.4.1. 손익계산서(제11차 한국표준산업분류, 2009~)","    C241 1차 철강","종합","매출액","백만원","원자료","115,881,142","100,489,651","102,818,503","90,994,928","86,941,014","100,987,409","103,774,073","99,876,136","91,545,494","127,757,517","142,315,081","136,106,007","126,603,411"
"5.4.1. 손익계산서(제11차 한국표준산업분류, 2009~)","    C241 1차 철강","종합","매출원가","백만원","원자료","104,459,694","90,241,740","91,208,470","79,588,826","75,106,353","88,623,717","92,673,790","90,632,364","83,985,433","108,758,667","127,369,324","122,441,651","114,903,548"
"5.4.1. 손익계산서(제11차 한국표준산업분류, 2009~)","    C241 1차 철강","종합","영업손익","백만원","원자료","5,510,826","4,465,309","5,148,207","5,056,116","5,769,943","6,022,760","5,858,946","4,101,117","2,402,220","13,278,593","8,405,014","6,764,186","4,827,990"
"5.4.1. 손익계산서(제11차 한국표준산업분류, 2009~)","    C242 1차 비철금속","종합","매출액","백만원","원자료","38,383,132","36,502,428","35,796,199","33,620,330","34,181,535","38,267,341","38,505,182","37,859,104","40,076,009","50,913,169","59,856,272","52,327,016","56,622,380"
"5.4.1. 손익계산서(제11차 한국표준산업분류, 2009~)","    C242 1차 비철금속","종합","매출원가","백만원","원자료","35,352,038","33,613,110","32,853,949","30,744,675","30,876,386","34,864,662","35,546,537","34,696,491","36,803,880","46,384,486","54,975,211","48,907,410","52,636,216"
"5.4.1. 손익계산서(제11차 한국표준산업분류, 2009~)","    C242 1차 비철금속","종합","영업손익","백만원","원자료","1,750,366","1,505,649","1,501,754","1,304,509","1,932,452","1,885,832","1,461,167","1,647,400","1,768,406","2,839,171","2,907,962","1,508,848","1,844,599"
"5.4.1. 손익계산서(제11차 한국표준산업분류, 2009~)","    C243 금속 주조업","종합","매출액","백만원","원자료","7,063,617","6,986,616","6,896,554","6,078,313","6,043,558","6,560,646","7,072,530","6,902,332","6,793,346","9,108,798","9,838,037","9,656,769","9,286,141"
"5.4.1. 손익계산서(제11차 한국표준산업분류, 2009~)","    C243 금속 주조업","종합","매출원가","백만원","원자료","6,343,854","6,291,579","6,167,895","5,353,185","5,308,421","5,807,447","6,296,789","6,131,785","6,062,994","8,222,031","8,813,123","8,659,480","8,267,996"
"5.4.1. 손익계산서(제11차 한국표준산업분류, 2009~)","    C243 금속 주조업","종합","영업손익","백만원","원자료","226,852","199,808","198,836","181,765","222,594","231,362","205,226","194,358","118,385","228,483","352,661","303,408","309,280"
"5.4.1. 손익계산서(제11차 한국표준산업분류, 2009~)","  C25 금속가공제품(기계 및 가구 제외)","종합","매출액","백만원","원자료","54,891,898","53,264,470","56,638,906","56,489,835","57,726,074","61,390,811","64,136,825","69,234,722","69,250,612","76,003,774","86,442,491","86,735,763","88,655,623"
"5.4.1. 손익계산서(제11차 한국표준산업분류, 2009~)","  C25 금속가공제품(기계 및 가구 제외)","종합","매출원가","백만원","원자료","47,097,509","45,302,543","48,086,070","47,126,268","48,051,849","51,536,871","54,137,258","57,896,765","57,718,999","63,744,434","72,410,178","71,902,077","72,940,327"
"5.4.1. 손익계산서(제11차 한국표준산업분류, 2009~)","  C25 금속가공제품(기계 및 가구 제외)","종합","영업손익","백만원","원자료","2,471,972","2,525,277","2,630,415","2,911,252","3,082,895","2,853,379","2,527,518","2,857,993","2,841,428","3,183,765","4,139,859","4,624,803","4,694,116"
"5.4.1. 손익계산서(제11차 한국표준산업분류, 2009~)","  C26 전자부품, 컴퓨터, 영상, 음향 및 통신장비","종합","매출액","백만원","원자료","364,495,160","384,625,497","351,056,791","309,653,188","299,740,920","360,649,003","379,636,299","346,254,288","372,826,337","445,845,851","467,192,583","398,809,880","474,076,552"
"5.4.1. 손익계산서(제11차 한국표준산업분류, 2009~)","  C26 전자부품, 컴퓨터, 영상, 음향 및 통신장비","종합","매출원가","백만원","원자료","289,762,369","299,395,648","276,348,434","242,373,978","234,306,539","254,139,734","259,748,427","272,559,953","284,709,298","325,665,444","355,436,316","340,200,808","355,231,905"
"5.4.1. 손익계산서(제11차 한국표준산업분류, 2009~)","  C26 전자부품, 컴퓨터, 영상, 음향 및 통신장비","종합","영업손익","백만원","원자료","25,771,252","31,999,151","22,598,701","23,416,560","20,932,131","57,235,766","69,169,606","19,281,863","31,133,943","57,269,974","44,910,304","-11,770,977","39,383,794"
"5.4.1. 손익계산서(제11차 한국표준산업분류, 2009~)","    C261,2 반도체 및 전자부품","종합","매출액","백만원","원자료","124,142,067","126,453,377","118,643,786","135,250,908","129,361,214","157,612,355","180,647,364","162,440,032","177,109,234","214,173,136","219,904,113","194,519,857","231,021,850"
"5.4.1. 손익계산서(제11차 한국표준산업분류, 2009~)","    C261,2 반도체 및 전자부품","종합","매출원가","백만원","원자료","108,889,047","104,737,739","97,861,640","109,980,525","106,704,493","118,869,974","135,039,705","136,044,943","144,762,462","164,878,003","175,025,122","169,594,487","176,851,439"
"5.4.1. 손익계산서(제11차 한국표준산업분류, 2009~)","    C261,2 반도체 및 전자부품","종합","영업손익","백만원","원자료","3,456,590","8,684,620","7,146,266","9,639,518","7,072,158","21,535,738","25,076,831","4,473,075","9,877,769","24,206,198","18,304,897","-1,160,764","26,011,725"
"5.4.1. 손익계산서(제11차 한국표준산업분류, 2009~)","    C263 컴퓨터 및 주변장치","종합","매출액","백만원","원자료","7,946,017","40,571,734","37,542,097","5,749,861","5,792,960","6,666,821","7,408,295","7,517,235","8,432,904","9,097,428","9,864,123","8,934,037","8,708,818"
"5.4.1. 손익계산서(제11차 한국표준산업분류, 2009~)","    C263 컴퓨터 및 주변장치","종합","매출원가","백만원","원자료","6,643,141","35,247,212","32,615,417","4,588,210","4,618,987","5,261,017","5,855,368","5,843,792","6,680,590","7,204,185","7,844,311","6,987,783","6,702,847"
"5.4.1. 손익계산서(제11차 한국표준산업분류, 2009~)","    C263 컴퓨터 및 주변장치","종합","영업손익","백만원","원자료","179,509","1,245,944","815,090","135,995","140,736","255,363","235,514","266,061","333,511","346,235","375,970","305,883","310,042"
"5.4.1. 손익계산서(제11차 한국표준산업분류, 2009~)","    C264 통신 및 방송 장비","종합","매출액","백만원","원자료","198,321,409","181,193,136","156,592,209","162,585,532","158,779,814","190,255,716","185,120,386","169,931,831","181,538,432","216,725,343","231,046,839","188,423,376","227,372,087"
"5.4.1. 손익계산서(제11차 한국표준산업분류, 2009~)","    C264 통신 및 방송 장비","종합","매출원가","백만원","원자료","146,941,116","129,574,015","114,536,344","122,843,664","118,167,208","124,954,626","113,472,454","125,412,618","128,604,207","148,873,542","167,429,722","157,981,816","166,106,223"
"5.4.1. 손익계산서(제11차 한국표준산업분류, 2009~)","    C264 통신 및 방송 장비","종합","영업손익","백만원","원자료","21,756,668","22,144,155","14,255,485","13,466,716","13,645,820","35,313,555","43,779,665","14,372,698","20,835,125","32,592,777","26,029,065","-11,129,476","12,814,535"
"5.4.1. 손익계산서(제11차 한국표준산업분류, 2009~)","    C265,6 영상 및 음향기기, 마그네틱 및 광학 매체","종합","매출액","백만원","원자료","34,085,667","36,407,251","38,278,700","6,066,886","5,806,931","6,114,111","6,460,253","6,365,190","5,745,767","5,849,943","6,377,507","6,932,610","6,973,797"
"5.4.1. 손익계산서(제11차 한국표준산업분류, 2009~)","    C265,6 영상 및 음향기기, 마그네틱 및 광학 매체","종합","매출원가","백만원","원자료","27,289,066","29,836,683","31,335,033","4,961,580","4,815,850","5,054,117","5,380,900","5,258,600","4,662,038","4,709,713","5,137,162","5,636,722","5,571,396"
"5.4.1. 손익계산서(제11차 한국표준산업분류, 2009~)","    C265,6 영상 및 음향기기, 마그네틱 및 광학 매체","종합","영업손익","백만원","원자료","378,485","-75,567","381,861","174,331","73,416","131,110","77,596","170,029","87,539","124,764","200,372","213,379","247,493"
"5.4.1. 손익계산서(제11차 한국표준산업분류, 2009~)","  C27 의료, 정밀, 광학기기 및 시계","종합","매출액","백만원","원자료","15,177,510","17,278,783","17,665,541","20,203,562","21,741,883","24,418,572","25,743,289","25,381,761","26,286,050","30,219,429","34,929,558","36,923,128","35,267,875"
"5.4.1. 손익계산서(제11차 한국표준산업분류, 2009~)","  C27 의료, 정밀, 광학기기 및 시계","종합","매출원가","백만원","원자료","11,046,658","12,626,283","12,893,518","14,494,820","15,600,892","17,440,363","18,465,518","17,912,062","18,475,574","20,929,703","23,570,165","25,605,850","23,817,353"
"5.4.1. 손익계산서(제11차 한국표준산업분류, 2009~)","  C27 의료, 정밀, 광학기기 및 시계","종합","영업손익","백만원","원자료","1,039,915","1,290,180","1,085,091","1,386,323","1,473,364","1,930,476","1,842,445","1,618,606","1,829,093","2,341,250","3,194,454","2,349,268","2,072,456"
"5.4.1. 손익계산서(제11차 한국표준산업분류, 2009~)","  C28 전기장비","종합","매출액","백만원","원자료","63,827,965","64,027,744","66,839,436","92,085,849","94,861,093","104,664,665","105,510,396","105,609,294","111,619,566","125,243,334","144,858,882","160,873,976","176,069,315"
"5.4.1. 손익계산서(제11차 한국표준산업분류, 2009~)","  C28 전기장비","종합","매출원가","백만원","원자료","54,901,156","54,674,993","56,575,339","75,627,045","77,574,283","85,952,344","86,619,503","86,243,500","89,999,725","102,010,024","118,637,407","133,017,849","146,089,349"
"5.4.1. 손익계산서(제11차 한국표준산업분류, 2009~)","  C28 전기장비","종합","영업손익","백만원","원자료","2,558,871","2,234,473","2,053,970","2,221,857","1,666,673","3,646,740","3,629,317","2,809,122","3,530,946","2,935,038","3,469,743","3,285,754","2,179,949"
"5.4.1. 손익계산서(제11차 한국표준산업분류, 2009~)","    C281 전동기, 발전기 및 전기변환 · 공급 · 제어 장치","종합","매출액","백만원","원자료","28,556,489","28,056,252","27,999,710","23,617,497","25,841,567","27,650,444","26,878,792","27,855,674","31,569,263","34,764,508","37,640,614","40,172,876","43,370,103"
"5.4.1. 손익계산서(제11차 한국표준산업분류, 2009~)","    C281 전동기, 발전기 및 전기변환 · 공급 · 제어 장치","종합","매출원가","백만원","원자료","23,884,092","23,361,052","23,073,641","19,164,330","21,139,000","22,767,434","21,994,612","22,939,219","25,806,375","28,823,057","31,184,718","32,749,787","34,528,737"
"5.4.1. 손익계산서(제11차 한국표준산업분류, 2009~)","    C281 전동기, 발전기 및 전기변환 · 공급 · 제어 장치","종합","영업손익","백만원","원자료","1,675,119","1,632,687","1,562,349","1,369,150","1,510,904","1,413,732","1,359,543","1,044,496","1,478,198","1,437,293","1,741,564","2,156,931","2,913,158"
"5.4.1. 손익계산서(제11차 한국표준산업분류, 2009~)","    C283 절연선 및 케이블","종합","매출액","백만원","원자료","15,829,151","15,220,014","13,964,893","13,055,500","11,999,153","13,939,404","14,349,554","13,860,289","13,502,897","16,802,650","19,395,985","21,029,381","22,395,254"
"5.4.1. 손익계산서(제11차 한국표준산업분류, 2009~)","    C283 절연선 및 케이블","종합","매출원가","백만원","원자료","14,836,049","14,172,054","12,946,071","11,988,089","11,008,316","12,941,310","13,370,107","12,814,621","12,461,510","15,609,748","17,991,084","19,339,190","20,546,632"
"5.4.1. 손익계산서(제11차 한국표준산업분류, 2009~)","    C283 절연선 및 케이블","종합","영업손익","백만원","원자료","269,623","131,151","259,080","245,552","240,174","248,956","206,446","274,108","311,938","346,646","442,738","616,777","650,526"
"5.4.1. 손익계산서(제11차 한국표준산업분류, 2009~)","    C285 가정용 기기","종합","매출액","백만원","원자료","7,306,480","8,872,561","8,847,532","37,871,123","38,442,458","41,921,099","41,158,985","40,473,088","40,942,369","42,366,293","41,062,872","39,018,258","41,444,000"
"5.4.1. 손익계산서(제11차 한국표준산업분류, 2009~)","    C285 가정용 기기","종합","매출원가","백만원","원자료","5,955,422","7,131,933","7,108,073","30,020,539","30,119,693","32,936,425","32,266,204","31,169,827","30,625,593","32,006,859","30,846,914","29,014,300","30,293,379"
"5.4.1. 손익계산서(제11차 한국표준산업분류, 2009~)","    C285 가정용 기기","종합","영업손익","백만원","원자료","298,042","295,905","239,275","303,489","-629","977,796","833,903","647,502","1,429,073","-312,799","197,512","567,298","609,488"
"5.4.1. 손익계산서(제11차 한국표준산업분류, 2009~)","    C282,4,9 기타 전기장비","종합","매출액","백만원","원자료","12,135,845","11,878,917","16,027,300","17,541,729","18,577,914","21,153,718","23,123,065","23,420,243","25,605,036","31,309,884","46,759,411","60,653,462","68,859,957"
"5.4.1. 손익계산서(제11차 한국표준산업분류, 2009~)","    C282,4,9 기타 전기장비","종합","매출원가","백만원","원자료","10,225,594","10,009,955","13,447,553","14,454,087","15,307,273","17,307,175","18,988,579","19,319,833","21,106,248","25,570,360","38,614,692","51,914,572","60,720,601"
"5.4.1. 손익계산서(제11차 한국표준산업분류, 2009~)","    C282,4,9 기타 전기장비","종합","영업손익","백만원","원자료","316,088","174,729","-6,734","303,666","-83,775","1,006,256","1,229,424","843,016","311,737","1,463,898","1,087,929","-55,253","-1,993,223"
"5.4.1. 손익계산서(제11차 한국표준산업분류, 2009~)","  C29 기타 기계 및 장비","종합","매출액","백만원","원자료","90,379,375","90,800,994","93,796,283","100,844,910","103,812,558","120,151,298","115,060,469","116,328,422","115,972,767","139,382,639","153,575,354","155,275,311","159,047,879"
"5.4.1. 손익계산서(제11차 한국표준산업분류, 2009~)","  C29 기타 기계 및 장비","종합","매출원가","백만원","원자료","73,298,971","74,073,860","76,474,136","81,096,125","83,250,291","96,023,482","92,109,201","92,780,895","93,296,069","112,141,034","122,449,383","124,231,939","125,758,975"
"5.4.1. 손익계산서(제11차 한국표준산업분류, 2009~)","  C29 기타 기계 및 장비","종합","영업손익","백만원","원자료","5,069,646","4,566,408","4,471,843","5,181,555","5,868,673","8,397,763","6,932,323","6,581,542","6,168,965","7,994,253","10,062,179","9,076,506","9,654,008"
"5.4.1. 손익계산서(제11차 한국표준산업분류, 2009~)","    C291 일반 목적용 기계","종합","매출액","백만원","원자료","49,750,334","46,836,996","47,826,053","49,227,846","50,306,009","55,682,449","55,432,888","56,485,799","62,562,687","66,784,638","75,845,841","79,575,680","79,716,810"
"5.4.1. 손익계산서(제11차 한국표준산업분류, 2009~)","    C291 일반 목적용 기계","종합","매출원가","백만원","원자료","40,356,580","38,436,632","39,060,693","39,678,522","40,415,103","44,621,508","44,470,247","45,319,938","50,333,899","54,042,155","61,165,142","63,976,462","63,529,103"
"5.4.1. 손익계산서(제11차 한국표준산업분류, 2009~)","    C291 일반 목적용 기계","종합","영업손익","백만원","원자료","2,848,849","2,256,296","2,487,509","2,598,738","2,733,280","3,717,363","3,187,529","3,092,139","3,275,222","3,240,695","4,325,909","4,795,838","4,665,393"
"5.4.1. 손익계산서(제11차 한국표준산업분류, 2009~)","    C292 특수 목적용 기계","종합","매출액","백만원","원자료","40,629,040","43,963,998","45,970,230","51,617,065","53,506,548","64,468,849","59,627,581","59,842,623","53,410,080","72,598,001","77,729,513","75,699,632","79,331,069"
"5.4.1. 손익계산서(제11차 한국표준산업분류, 2009~)","    C292 특수 목적용 기계","종합","매출원가","백만원","원자료","32,942,391","35,637,227","37,413,443","41,417,602","42,835,188","51,401,973","47,638,954","47,460,957","42,962,170","58,098,879","61,284,241","60,255,477","62,229,871"
"5.4.1. 손익계산서(제11차 한국표준산업분류, 2009~)","    C292 특수 목적용 기계","종합","영업손익","백만원","원자료","2,220,797","2,310,112","1,984,334","2,582,817","3,135,393","4,680,401","3,744,794","3,489,402","2,893,742","4,753,558","5,736,270","4,280,669","4,988,615"
"5.4.1. 손익계산서(제11차 한국표준산업분류, 2009~)","  C30 자동차 및 트레일러","종합","매출액","백만원","원자료","232,419,787","237,666,741","241,275,939","260,023,676","262,253,902","260,423,636","259,272,296","271,685,021","262,260,860","292,304,777","336,008,575","383,133,731","391,706,343"
"5.4.1. 손익계산서(제11차 한국표준산업분류, 2009~)","  C30 자동차 및 트레일러","종합","매출원가","백만원","원자료","197,577,421","201,302,484","205,874,687","220,173,044","222,223,888","224,525,061","226,843,568","234,861,014","228,417,105","254,488,284","289,320,642","325,472,619","327,352,917"
"5.4.1. 손익계산서(제11차 한국표준산업분류, 2009~)","  C30 자동차 및 트레일러","종합","영업손익","백만원","원자료","12,408,440","13,445,920","11,454,718","13,578,865","12,148,730","7,626,310","4,809,949","8,449,270","4,717,383","7,578,668","12,123,433","21,183,702","23,225,377"
"5.4.1. 손익계산서(제11차 한국표준산업분류, 2009~)","    C301 자동차용 엔진 및 자동차","종합","매출액","백만원","원자료","95,605,362","94,567,860","95,400,920","100,046,309","97,956,710","97,744,220","96,565,025","103,339,753","102,665,660","113,065,709","132,644,531","161,973,883","168,144,500"
"5.4.1. 손익계산서(제11차 한국표준산업분류, 2009~)","    C301 자동차용 엔진 및 자동차","종합","매출원가","백만원","원자료","77,512,577","75,644,224","77,114,241","79,736,034","78,325,408","80,596,323","82,244,928","85,995,960","85,915,548","94,680,106","108,512,769","128,115,537","129,205,552"
"5.4.1. 손익계산서(제11차 한국표준산업분류, 2009~)","    C301 자동차용 엔진 및 자동차","종합","영업손익","백만원","원자료","5,369,989","6,368,032","5,159,661","6,369,975","4,707,857","2,393,827","76,757","2,788,023","1,170,528","2,906,022","6,295,393","14,678,491","16,615,958"
"5.4.1. 손익계산서(제11차 한국표준산업분류, 2009~)","    C302-4 자동차 차체 및 트레일러, 자동차 부품","종합","매출액","백만원","원자료","136,814,425","143,098,880","145,875,019","159,977,366","164,297,193","162,679,416","162,707,271","168,345,268","159,595,200","179,239,068","203,364,045","221,159,847","223,561,843"
"5.4.1. 손익계산서(제11차 한국표준산업분류, 2009~)","    C302-4 자동차 차체 및 트레일러, 자동차 부품","종합","매출원가","백만원","원자료","120,064,844","125,658,260","128,760,446","140,437,011","143,898,480","143,928,738","144,598,640","148,865,054","142,501,557","159,808,178","180,807,873","197,357,082","198,147,365"
"5.4.1. 손익계산서(제11차 한국표준산업분류, 2009~)","    C302-4 자동차 차체 및 트레일러, 자동차 부품","종합","영업손익","백만원","원자료","7,038,451","7,077,889","6,295,057","7,208,890","7,440,872","5,232,484","4,733,191","5,661,247","3,546,855","4,672,646","5,828,040","6,505,211","6,609,419"
"5.4.1. 손익계산서(제11차 한국표준산업분류, 2009~)","  C31 기타 운송장비","종합","매출액","백만원","원자료","91,164,866","86,418,962","88,749,281","86,849,540","76,164,372","59,004,563","53,095,608","48,792,295","50,623,933","48,198,983","56,137,444","72,945,776","88,186,745"
"5.4.1. 손익계산서(제11차 한국표준산업분류, 2009~)","  C31 기타 운송장비","종합","매출원가","백만원","원자료","82,516,500","81,426,762","86,115,851","87,125,438","70,312,795","53,542,043","49,047,474","45,122,520","47,508,100","48,829,089","54,242,259","66,170,899","76,524,872"
"5.4.1. 손익계산서(제11차 한국표준산업분류, 2009~)","  C31 기타 운송장비","종합","영업손익","백만원","원자료","3,284,415","-76,210","-2,881,204","-6,347,776","-159,490","556,286","-164,643","22,064","-429,338","-4,510,456","-2,364,023","2,005,578","5,679,819"
"5.4.1. 손익계산서(제11차 한국표준산업분류, 2009~)","    C311 선박 및 보트 건조업","종합","매출액","백만원","원자료","83,842,854","78,614,154","78,644,367","75,238,946","64,349,287","48,781,725","42,233,003","38,763,068","41,115,554","37,929,083","42,985,790","55,633,153","67,527,899"
"5.4.1. 손익계산서(제11차 한국표준산업분류, 2009~)","    C311 선박 및 보트 건조업","종합","매출원가","백만원","원자료","76,098,657","74,551,617","77,285,560","76,737,908","60,223,802","44,367,459","39,480,449","36,171,166","39,058,650","39,730,349","42,790,471","51,593,563","60,253,655"
"5.4.1. 손익계산서(제11차 한국표준산업분류, 2009~)","    C311 선박 및 보트 건조업","종합","영업손익","백만원","원자료","2,918,138","-439,089","-3,030,193","-6,441,220","-750,161","657,136","-162,193","85,107","-567,712","-4,607,336","-2,648,949","926,624","3,428,749"
"5.4.1. 손익계산서(제11차 한국표준산업분류, 2009~)","    C312,3,9 철도, 항공기 및 그 외 기타 운송장비","종합","매출액","백만원","원자료","7,322,011","7,804,808","10,104,914","11,610,595","11,815,084","10,222,838","10,862,604","10,029,227","9,508,379","10,269,900","13,151,654","17,312,623","20,658,846"
"5.4.1. 손익계산서(제11차 한국표준산업분류, 2009~)","    C312,3,9 철도, 항공기 및 그 외 기타 운송장비","종합","매출원가","백만원","원자료","6,417,843","6,875,146","8,830,291","10,387,530","10,088,993","9,174,584","9,567,025","8,951,353","8,449,449","9,098,740","11,451,788","14,577,336","16,271,217"
"5.4.1. 손익계산서(제11차 한국표준산업분류, 2009~)","    C312,3,9 철도, 항공기 및 그 외 기타 운송장비","종합","영업손익","백만원","원자료","366,276","362,878","148,988","93,444","590,671","-100,850","-2,450","-63,043","138,375","96,880","284,926","1,078,953","2,251,070"
"5.4.1. 손익계산서(제11차 한국표준산업분류, 2009~)","  C32 가구","종합","매출액","백만원","원자료","5,849,842","5,383,152","6,371,495","7,637,836","8,195,889","10,058,381","10,677,438","10,351,485","9,646,265","11,910,314","12,192,004","12,326,735","13,099,713"
"5.4.1. 손익계산서(제11차 한국표준산업분류, 2009~)","  C32 가구","종합","매출원가","백만원","원자료","4,600,670","4,329,919","5,090,149","6,063,826","6,492,871","8,120,217","8,679,634","8,280,868","7,472,389","9,232,443","9,642,840","9,600,753","10,100,553"
"5.4.1. 손익계산서(제11차 한국표준산업분류, 2009~)","  C32 가구","종합","영업손익","백만원","원자료","161,295","156,886","276,154","383,293","391,211","459,788","424,137","324,045","372,126","416,107","227,038","376,021","479,516"
"5.4.1. 손익계산서(제11차 한국표준산업분류, 2009~)","  C33 기타 제품 제조업","종합","매출액","백만원","원자료","9,291,396","9,341,832","10,125,948","10,544,518","11,203,733","12,310,695","11,905,294","12,199,950","12,227,792","13,839,197","15,039,337","14,084,275","14,528,686"
"5.4.1. 손익계산서(제11차 한국표준산업분류, 2009~)","  C33 기타 제품 제조업","종합","매출원가","백만원","원자료","6,918,945","6,888,128","7,437,456","7,718,914","8,186,995","9,088,392","8,665,221","8,968,653","9,046,740","10,119,303","10,877,042","10,187,568","10,513,964"
"5.4.1. 손익계산서(제11차 한국표준산업분류, 2009~)","  C33 기타 제품 제조업","종합","영업손익","백만원","원자료","585,201","503,371","572,722","609,931","678,381","662,892","581,011","482,594","519,395","665,134","920,145","588,220","557,051"
"5.4.1. 손익계산서(제11차 한국표준산업분류, 2009~)","  C34 산업용기계 및 장비수리업","종합","매출액","백만원","원자료","1,086,435","1,421,082","1,434,285","1,217,689","1,309,994","1,348,334","1,230,151","1,160,720","1,285,206","698,296","817,598","1,302,550","1,948,254"
"5.4.1. 손익계산서(제11차 한국표준산업분류, 2009~)","  C34 산업용기계 및 장비수리업","종합","매출원가","백만원","원자료","425,216","575,241","499,807","513,454","559,674","601,657","445,364","468,683","792,076","342,355","370,334","773,198","1,122,713"
"5.4.1. 손익계산서(제11차 한국표준산업분류, 2009~)","  C34 산업용기계 및 장비수리업","종합","영업손익","백만원","원자료","34,409","45,149","46,921","48,739","42,054","57,413","55,315","59,509","42,126","24,675","36,940","11,169","78,844"
"5.4.1. 손익계산서(제11차 한국표준산업분류, 2009~)","비제조업","종합","매출액","백만원","원자료","1,699,237,595","1,773,982,161","1,844,310,208","1,900,504,407","1,989,668,462","2,169,578,433","2,250,816,800","2,286,403,674","2,298,453,120","2,653,265,034","3,045,762,694","3,002,103,698","3,065,565,716"
"5.4.1. 손익계산서(제11차 한국표준산업분류, 2009~)","비제조업","종합","매출원가","백만원","원자료","1,328,600,880","1,382,537,200","1,416,189,351","1,423,506,902","1,477,297,360","1,618,527,660","1,678,388,172","1,686,965,730","1,680,163,491","1,929,326,846","2,264,197,324","2,209,918,622","2,213,396,550"
"5.4.1. 손익계산서(제11차 한국표준산업분류, 2009~)","비제조업","종합","영업손익","백만원","원자료","51,871,681","54,169,088","68,741,331","81,247,289","98,299,410","105,549,809","95,929,807","92,068,243","90,540,023","121,677,384","108,419,217","109,471,152","126,875,300"
"5.4.1. 손익계산서(제11차 한국표준산업분류, 2009~)","D35 전기, 가스, 증기 및 공기조절 공급업","종합","매출액","백만원","원자료","155,108,051","162,926,050","165,896,103","148,709,864","141,598,781","144,997,736","156,281,614","146,631,035","142,656,432","162,439,737","239,385,381","237,235,973","231,061,847"
"5.4.1. 손익계산서(제11차 한국표준산업분류, 2009~)","D35 전기, 가스, 증기 및 공기조절 공급업","종합","매출원가","백만원","원자료","148,814,818","154,111,016","153,765,054","130,289,226","122,007,704","131,937,738","147,537,698","138,681,705","128,826,165","157,991,197","258,284,009","227,773,953","207,999,278"
"5.4.1. 손익계산서(제11차 한국표준산업분류, 2009~)","D35 전기, 가스, 증기 및 공기조절 공급업","종합","영업손익","백만원","원자료","2,402,580","4,737,482","7,972,948","13,701,138","14,315,286","7,532,933","3,027,894","1,948,973","7,440,859","-2,550,348","-26,461,762","1,726,882","15,445,984"
"5.4.1. 손익계산서(제11차 한국표준산업분류, 2009~)","  D351 전기업","종합","매출액","백만원","원자료","93,844,894","98,548,035","102,604,302","102,040,110","103,360,778","105,919,678","111,735,300","102,575,395","101,761,087","113,493,618","154,668,636","162,623,873","168,320,783"
"5.4.1. 손익계산서(제11차 한국표준산업분류, 2009~)","  D351 전기업","종합","매출원가","백만원","원자료","91,456,300","93,791,957","94,035,118","87,288,731","87,416,145","96,531,935","106,933,103","98,734,812","92,458,151","113,601,102","179,123,057","158,457,622","151,368,838"
"5.4.1. 손익계산서(제11차 한국표준산업분류, 2009~)","  D351 전기업","종합","영업손익","백만원","원자료","310,389","2,572,362","6,390,681","12,079,936","12,819,015","5,984,845","1,317,031","148,621","5,548,911","-4,357,680","-29,068,887","-677,780","11,974,988"
"5.4.1. 손익계산서(제11차 한국표준산업분류, 2009~)","  D352,3 연료용 가스, 증기 · 냉온수 및 공기조절 공급업","종합","매출액","백만원","원자료","61,263,157","64,378,015","63,291,802","46,669,754","38,238,003","39,078,058","44,546,314","44,055,640","40,895,346","48,946,120","84,716,745","74,612,100","62,741,064"
"5.4.1. 손익계산서(제11차 한국표준산업분류, 2009~)","  D352,3 연료용 가스, 증기 · 냉온수 및 공기조절 공급업","종합","매출원가","백만원","원자료","57,358,518","60,319,059","59,729,936","43,000,496","34,591,560","35,405,803","40,604,595","39,946,894","36,368,014","44,390,095","79,160,952","69,316,332","56,630,440"
"5.4.1. 손익계산서(제11차 한국표준산업분류, 2009~)","  D352,3 연료용 가스, 증기 · 냉온수 및 공기조절 공급업","종합","영업손익","백만원","원자료","2,092,191","2,165,120","1,582,266","1,621,202","1,496,271","1,548,088","1,710,863","1,800,351","1,891,948","1,807,332","2,607,125","2,404,662","3,470,997"
"5.4.1. 손익계산서(제11차 한국표준산업분류, 2009~)","F 건설업","종합","매출액","백만원","원자료","284,320,890","317,320,121","330,976,850","358,355,495","387,405,538","422,363,677","427,903,620","425,843,031","429,970,856","441,691,931","515,904,194","528,372,907","517,035,812"
"5.4.1. 손익계산서(제11차 한국표준산업분류, 2009~)","F 건설업","종합","매출원가","백만원","원자료","251,107,908","283,962,407","293,490,224","316,406,199","338,145,805","367,106,776","369,294,369","365,656,712","366,781,857","375,378,509","445,674,704","461,154,518","448,782,398"
"5.4.1. 손익계산서(제11차 한국표준산업분류, 2009~)","F 건설업","종합","영업손익","백만원","원자료","5,577,871","5,239,876","9,312,277","9,708,521","16,060,990","20,780,583","21,163,806","20,305,511","20,149,864","20,692,385","20,091,987","15,541,904","14,215,487"
"5.4.1. 손익계산서(제11차 한국표준산업분류, 2009~)","  F41 종합 건설업","종합","매출액","백만원","원자료","169,782,170","195,824,596","203,497,047","224,727,159","240,834,482","255,430,382","254,566,680","245,825,640","248,125,787","248,934,279","297,914,294","296,464,478","285,922,808"
"5.4.1. 손익계산서(제11차 한국표준산업분류, 2009~)","  F41 종합 건설업","종합","매출원가","백만원","원자료","153,291,093","179,992,460","185,030,425","204,026,153","214,196,535","225,671,383","223,105,524","215,065,818","215,744,681","214,264,670","262,137,004","266,779,985","256,979,658"
"5.4.1. 손익계산서(제11차 한국표준산업분류, 2009~)","  F41 종합 건설업","종합","영업손익","백만원","원자료","2,136,864","1,359,898","4,965,475","4,381,541","9,943,792","13,496,000","13,960,568","12,516,850","12,332,913","14,045,824","13,095,786","7,245,681","5,569,585"
"5.4.1. 손익계산서(제11차 한국표준산업분류, 2009~)","  F42 전문직별 공사업","종합","매출액","백만원","원자료","114,538,720","121,495,525","127,479,803","133,628,336","146,571,056","166,933,295","173,336,940","180,017,391","181,845,068","192,757,652","217,989,900","231,908,429","231,113,003"
"5.4.1. 손익계산서(제11차 한국표준산업분류, 2009~)","  F42 전문직별 공사업","종합","매출원가","백만원","원자료","97,816,815","103,969,946","108,459,799","112,380,047","123,949,270","141,435,392","146,188,845","150,590,894","151,037,176","161,113,839","183,537,700","194,374,532","191,802,740"
"5.4.1. 손익계산서(제11차 한국표준산업분류, 2009~)","  F42 전문직별 공사업","종합","영업손익","백만원","원자료","3,441,007","3,879,978","4,346,801","5,326,980","6,117,198","7,284,583","7,203,238","7,788,661","7,816,951","6,646,561","6,996,201","8,296,223","8,645,902"
"5.4.1. 손익계산서(제11차 한국표준산업분류, 2009~)","서비스업","종합","매출액","백만원","원자료","1,247,356,769","1,280,858,422","1,334,224,473","1,379,853,540","1,446,947,229","1,588,043,109","1,652,592,335","1,699,530,242","1,711,304,717","2,031,992,028","2,271,096,102","2,217,593,728","2,297,529,614"
"5.4.1. 손익계산서(제11차 한국표준산업분류, 2009~)","서비스업","종합","매출원가","백만원","원자료","918,385,664","933,547,466","958,039,823","965,617,308","1,005,908,958","1,108,134,004","1,149,937,578","1,170,398,423","1,172,469,321","1,382,000,097","1,544,267,670","1,505,238,567","1,540,375,449"
"5.4.1. 손익계산서(제11차 한국표준산업분류, 2009~)","서비스업","종합","영업손익","백만원","원자료","43,221,838","43,835,789","50,817,712","57,289,727","67,281,504","76,348,832","71,464,051","69,797,987","62,715,090","102,781,782","114,029,571","91,830,669","96,409,213"
"5.4.1. 손익계산서(제11차 한국표준산업분류, 2009~)","E37-39 하수 · 폐기물 처리, 원료재생업","종합","매출액","백만원","원자료","15,379,655","15,356,293","15,600,710","15,546,179","15,696,160","18,013,750","19,611,033","19,633,836","19,566,207","23,978,826","26,293,210","25,319,441","24,626,214"
"5.4.1. 손익계산서(제11차 한국표준산업분류, 2009~)","E37-39 하수 · 폐기물 처리, 원료재생업","종합","매출원가","백만원","원자료","11,255,276","11,079,860","10,969,184","10,621,867","10,466,364","12,042,450","13,017,246","12,564,679","12,136,070","15,696,804","17,405,879","16,578,817","15,935,031"
"5.4.1. 손익계산서(제11차 한국표준산업분류, 2009~)","E37-39 하수 · 폐기물 처리, 원료재생업","종합","영업손익","백만원","원자료","758,730","840,821","942,104","972,243","1,114,508","1,400,261","1,587,559","1,587,764","1,585,635","1,897,138","2,005,859","1,720,408","1,397,661"
"5.4.1. 손익계산서(제11차 한국표준산업분류, 2009~)","  E37, E381,2, E39 하수 · 폐수 · 분뇨처리 및 폐기물 수집 · 운반 · 처리, 환경 정화 · 복원업","종합","매출액","백만원","원자료","6,178,533","6,690,595","7,310,602","8,000,698","8,626,955","9,415,339","10,403,254","11,280,179","11,832,117","13,158,276","14,000,079","14,033,781","14,365,644"
"5.4.1. 손익계산서(제11차 한국표준산업분류, 2009~)","  E37, E381,2, E39 하수 · 폐수 · 분뇨처리 및 폐기물 수집 · 운반 · 처리, 환경 정화 · 복원업","종합","매출원가","백만원","원자료","2,897,260","3,201,313","3,507,192","3,916,949","4,281,361","4,540,789","5,008,381","5,336,826","5,492,276","6,294,686","6,689,491","6,732,070","6,933,762"
"5.4.1. 손익계산서(제11차 한국표준산업분류, 2009~)","  E37, E381,2, E39 하수 · 폐수 · 분뇨처리 및 폐기물 수집 · 운반 · 처리, 환경 정화 · 복원업","종합","영업손익","백만원","원자료","539,847","652,407","736,094","801,161","873,841","1,023,777","1,150,950","1,251,768","1,332,183","1,368,828","1,476,413","1,333,099","1,220,451"
"5.4.1. 손익계산서(제11차 한국표준산업분류, 2009~)","  E383 해체, 선별 및 원료재생업","종합","매출액","백만원","원자료","9,201,122","8,665,697","8,290,108","7,545,481","7,069,206","8,598,412","9,207,779","8,353,657","7,734,090","10,820,550","12,293,132","11,285,660","10,260,570"
"5.4.1. 손익계산서(제11차 한국표준산업분류, 2009~)","  E383 해체, 선별 및 원료재생업","종합","매출원가","백만원","원자료","8,358,016","7,878,547","7,461,992","6,704,918","6,185,003","7,501,661","8,008,865","7,227,853","6,643,795","9,402,118","10,716,388","9,846,747","9,001,269"
"5.4.1. 손익계산서(제11차 한국표준산업분류, 2009~)","  E383 해체, 선별 및 원료재생업","종합","영업손익","백만원","원자료","218,883","188,414","206,011","171,083","240,667","376,485","436,609","335,996","253,452","528,310","529,446","387,309","177,210"
"5.4.1. 손익계산서(제11차 한국표준산업분류, 2009~)","G 도매 및 소매업","종합","매출액","백만원","원자료","698,979,718","708,356,174","732,948,151","737,405,840","769,953,070","847,358,095","895,510,769","908,245,242","928,249,501","1,081,365,648","1,203,147,408","1,177,572,478","1,193,510,172"
"5.4.1. 손익계산서(제11차 한국표준산업분류, 2009~)","G 도매 및 소매업","종합","매출원가","백만원","원자료","579,573,655","581,969,195","597,283,840","596,417,702","619,550,189","684,481,647","723,000,145","730,843,812","743,864,949","871,151,105","967,221,473","937,366,185","941,415,284"
"5.4.1. 손익계산서(제11차 한국표준산업분류, 2009~)","G 도매 및 소매업","종합","영업손익","백만원","원자료","19,049,574","19,014,969","21,097,213","19,466,971","21,244,080","23,389,812","22,820,697","22,228,403","21,268,338","28,915,859","33,804,196","32,919,141","33,873,245"
"5.4.1. 손익계산서(제11차 한국표준산업분류, 2009~)","  G45 자동차 및 부품 판매업","종합","매출액","백만원","원자료","25,211,371","29,147,462","34,942,423","40,419,458","38,088,518","40,898,294","45,337,801","47,985,084","52,748,704","62,086,240","69,999,589","73,568,014","70,708,714"
"5.4.1. 손익계산서(제11차 한국표준산업분류, 2009~)","  G45 자동차 및 부품 판매업","종합","매출원가","백만원","원자료","21,956,456","25,549,972","30,635,545","35,233,567","33,354,597","35,433,681","39,493,023","41,733,991","45,639,848","54,293,729","61,356,201","65,195,356","61,320,971"
"5.4.1. 손익계산서(제11차 한국표준산업분류, 2009~)","  G45 자동차 및 부품 판매업","종합","영업손익","백만원","원자료","521,349","509,180","793,557","1,140,634","593,525","826,078","391,319","933,737","1,117,086","1,482,412","1,934,165","1,148,599","1,916,824"
"5.4.1. 손익계산서(제11차 한국표준산업분류, 2009~)","  G46 도매 및 상품중개업","종합","매출액","백만원","원자료","554,757,796","554,286,134","565,604,534","555,256,139","575,240,506","642,116,392","672,030,329","680,975,763","674,931,613","795,555,669","889,100,238","848,987,149","862,657,524"
"5.4.1. 손익계산서(제11차 한국표준산업분류, 2009~)","  G46 도매 및 상품중개업","종합","매출원가","백만원","원자료","475,374,762","471,333,250","476,745,814","462,188,691","477,056,688","535,337,686","559,386,226","563,705,815","558,559,065","663,204,103","742,833,970","700,355,154","706,455,958"
"5.4.1. 손익계산서(제11차 한국표준산업분류, 2009~)","  G46 도매 및 상품중개업","종합","영업손익","백만원","원자료","13,029,677","12,628,695","14,490,977","13,769,553","15,884,592","18,007,648","18,248,767","17,837,957","17,772,790","24,708,991","27,944,924","26,983,871","26,543,392"
"5.4.1. 손익계산서(제11차 한국표준산업분류, 2009~)","  G47 소매업(자동차 제외)","종합","매출액","백만원","원자료","119,010,552","124,922,579","132,401,195","141,730,242","156,624,046","164,343,409","178,142,638","179,284,395","200,569,184","223,723,739","244,047,581","255,017,314","260,143,934"
"5.4.1. 손익계산서(제11차 한국표준산업분류, 2009~)","  G47 소매업(자동차 제외)","종합","매출원가","백만원","원자료","82,242,436","85,085,973","89,902,481","98,995,444","109,138,905","113,710,280","124,120,895","125,404,006","139,666,036","153,653,273","163,031,302","171,815,676","173,638,354"
"5.4.1. 손익계산서(제11차 한국표준산업분류, 2009~)","  G47 소매업(자동차 제외)","종합","영업손익","백만원","원자료","5,498,548","5,877,094","5,812,679","4,556,785","4,765,964","4,556,087","4,180,612","3,456,708","2,378,462","2,724,455","3,925,107","4,786,671","5,413,029"
"5.4.1. 손익계산서(제11차 한국표준산업분류, 2009~)","    G471 종합 소매업","종합","매출액","백만원","원자료","63,247,440","68,972,449","71,993,770","73,606,977","82,110,630","82,000,908","81,137,218","84,281,062","90,159,463","94,567,642","102,638,360","101,552,387","100,204,770"
"5.4.1. 손익계산서(제11차 한국표준산업분류, 2009~)","    G471 종합 소매업","종합","매출원가","백만원","원자료","42,824,180","46,696,737","48,677,748","50,362,546","56,300,362","54,980,735","53,428,776","57,139,563","63,911,582","64,310,232","66,450,039","69,521,149","68,705,895"
"5.4.1. 손익계산서(제11차 한국표준산업분류, 2009~)","    G471 종합 소매업","종합","영업손익","백만원","원자료","4,176,854","4,332,300","4,289,238","3,757,420","3,729,385","3,233,234","3,142,518","2,596,287","1,266,647","2,127,732","2,718,971","3,183,425","2,436,474"
"5.4.1. 손익계산서(제11차 한국표준산업분류, 2009~)","      G4711,3 대형 종합 소매업 및 면세점(백화점 제외)","종합","매출액","백만원","원자료","12,709,628","24,331,313","26,240,029","25,441,701","28,411,553","30,585,668","35,307,428","39,001,822","34,357,817","35,260,029","39,582,468","36,687,054","35,267,535"
"5.4.1. 손익계산서(제11차 한국표준산업분류, 2009~)","      G4711,3 대형 종합 소매업 및 면세점(백화점 제외)","종합","매출원가","백만원","원자료","8,270,253","16,471,393","17,592,979","16,226,228","18,091,387","19,842,920","23,732,155","26,900,953","24,439,600","24,232,974","24,511,194","25,592,090","25,082,225"
"5.4.1. 손익계산서(제11차 한국표준산업분류, 2009~)","      G4711,3 대형 종합 소매업 및 면세점(백화점 제외)","종합","영업손익","백만원","원자료","931,670","1,729,520","1,994,473","1,705,983","1,531,941","1,189,666","1,475,691","1,302,237","34,244","563,975","540,481","1,084,934","480,079"
"5.4.1. 손익계산서(제11차 한국표준산업분류, 2009~)","      G47111 백화점","종합","매출액","백만원","원자료","4,637,530","22,272,986","21,268,017","24,492,155","25,028,987","19,597,500","17,238,016","15,030,123","12,354,584","15,633,409","16,238,613","14,630,858","14,589,235"
"5.4.1. 손익계산서(제11차 한국표준산업분류, 2009~)","      G47111 백화점","종합","매출원가","백만원","원자료","1,571,198","13,004,887","12,387,463","15,167,775","15,191,210","9,640,437","7,085,862","6,541,357","5,525,331","6,158,934","5,891,410","5,104,898","4,841,936"
"5.4.1. 손익계산서(제11차 한국표준산업분류, 2009~)","      G47111 백화점","종합","영업손익","백만원","원자료","772,160","2,052,794","1,780,723","1,549,894","1,576,485","1,386,527","1,266,142","815,297","245,843","711,937","1,254,345","1,256,984","1,116,071"
"5.4.1. 손익계산서(제11차 한국표준산업분류, 2009~)","      G4712,9 기타 종합 소매업","종합","매출액","백만원","원자료","45,900,283","22,368,151","24,485,724","23,673,121","28,670,090","31,817,741","28,591,774","30,249,117","43,447,062","43,674,204","46,817,279","50,234,476","50,348,001"
"5.4.1. 손익계산서(제11차 한국표준산업분류, 2009~)","      G4712,9 기타 종합 소매업","종합","매출원가","백만원","원자료","32,982,730","17,220,457","18,697,306","18,968,543","23,017,765","25,497,377","22,610,759","23,697,253","33,946,650","33,918,324","36,047,434","38,824,162","38,781,734"
"5.4.1. 손익계산서(제11차 한국표준산업분류, 2009~)","      G4712,9 기타 종합 소매업","종합","영업손익","백만원","원자료","2,473,024","549,986","514,043","501,543","620,959","657,041","400,685","478,753","986,560","851,820","924,145","841,507","840,324"
"5.4.1. 손익계산서(제11차 한국표준산업분류, 2009~)","    G472-9 일반 소매업","종합","매출액","백만원","원자료","55,763,112","55,950,129","60,407,425","68,123,265","74,513,416","82,342,500","97,005,420","95,003,332","110,409,720","129,156,096","141,409,221","153,464,927","159,939,164"
"5.4.1. 손익계산서(제11차 한국표준산업분류, 2009~)","    G472-9 일반 소매업","종합","매출원가","백만원","원자료","39,418,256","38,389,236","41,224,733","48,632,897","52,838,543","58,729,545","70,692,120","68,264,443","75,754,455","89,343,041","96,581,263","102,294,526","104,932,460"
"5.4.1. 손익계산서(제11차 한국표준산업분류, 2009~)","    G472-9 일반 소매업","종합","영업손익","백만원","원자료","1,321,695","1,544,794","1,523,440","799,364","1,036,579","1,322,853","1,038,094","860,421","1,111,815","596,723","1,206,135","1,603,246","2,976,556"
"5.4.1. 손익계산서(제11차 한국표준산업분류, 2009~)","      G472-8, G4792-9 일반 소매업(통신판매업 제외)","종합","매출액","백만원","원자료","44,104,004","42,832,849","45,396,896","42,412,348","44,161,631","48,348,474","57,626,641","54,791,227","62,076,822","71,077,862","75,871,318","73,794,460","76,198,472"
"5.4.1. 손익계산서(제11차 한국표준산업분류, 2009~)","      G472-8, G4792-9 일반 소매업(통신판매업 제외)","종합","매출원가","백만원","원자료","33,945,762","32,450,776","34,130,443","31,939,810","32,829,144","36,213,657","43,713,276","40,438,449","45,227,114","51,745,279","55,783,535","53,423,554","55,190,367"
"5.4.1. 손익계산서(제11차 한국표준산업분류, 2009~)","      G472-8, G4792-9 일반 소매업(통신판매업 제외)","종합","영업손익","백만원","원자료","711,042","795,048","769,545","705,567","808,977","899,914","1,020,325","825,008","771,288","1,464,556","1,647,968","1,355,924","1,428,039"
"5.4.1. 손익계산서(제11차 한국표준산업분류, 2009~)","      G4791 통신 판매업","종합","매출액","백만원","원자료","11,659,108","13,117,280","15,010,528","25,710,917","30,351,785","33,994,026","39,378,779","40,212,105","48,332,898","58,078,234","65,537,903","79,670,467","83,740,691"
"5.4.1. 손익계산서(제11차 한국표준산업분류, 2009~)","      G4791 통신 판매업","종합","매출원가","백만원","원자료","5,472,495","5,938,460","7,094,290","16,693,087","20,009,399","22,515,889","26,978,844","27,825,994","30,527,340","37,597,762","40,797,728","48,870,973","49,742,092"
"5.4.1. 손익계산서(제11차 한국표준산업분류, 2009~)","      G4791 통신 판매업","종합","영업손익","백만원","원자료","610,653","749,747","753,895","93,797","227,602","422,939","17,769","35,414","340,527","-867,833","-441,832","247,322","1,548,517"
"5.4.1. 손익계산서(제11차 한국표준산업분류, 2009~)","H 운수 및 창고업","종합","매출액","백만원","원자료","162,558,151","160,363,990","166,235,985","168,978,397","165,889,074","172,779,848","178,598,933","184,967,122","174,073,008","226,663,731","284,248,827","260,859,156","290,987,904"
"5.4.1. 손익계산서(제11차 한국표준산업분류, 2009~)","H 운수 및 창고업","종합","매출원가","백만원","원자료","132,024,785","129,285,370","130,802,138","130,602,833","127,560,737","131,639,022","137,492,702","141,557,479","137,192,703","169,064,997","208,305,037","195,582,294","214,472,046"
"5.4.1. 손익계산서(제11차 한국표준산업분류, 2009~)","H 운수 및 창고업","종합","영업손익","백만원","원자료","4,949,199","4,572,732","7,408,721","9,021,093","7,867,650","9,163,998","7,572,650","8,360,233","1,393,806","16,370,924","28,482,809","13,736,315","19,124,694"
"5.4.1. 손익계산서(제11차 한국표준산업분류, 2009~)","  H49 육상운송 및 파이프라인 운송업","종합","매출액","백만원","원자료","46,275,437","48,905,299","51,571,176","54,994,376","56,375,135","58,655,757","60,754,750","61,473,974","54,988,953","62,521,205","71,174,810","78,340,809","83,095,745"
"5.4.1. 손익계산서(제11차 한국표준산업분류, 2009~)","  H49 육상운송 및 파이프라인 운송업","종합","매출원가","백만원","원자료","36,324,722","38,741,964","40,431,735","42,610,317","43,288,076","45,868,371","47,986,917","47,587,692","46,353,995","51,974,918","57,662,380","60,428,616","61,434,817"
"5.4.1. 손익계산서(제11차 한국표준산업분류, 2009~)","  H49 육상운송 및 파이프라인 운송업","종합","영업손익","백만원","원자료","-708,393","-763,466","-375,855","191,363","384,190","-366,000","-1,170,043","-347,051","-3,959,557","-3,218,655","-2,156,015","-1,452,808","-603,286"
"5.4.1. 손익계산서(제11차 한국표준산업분류, 2009~)","    H491 철도운송업","종합","매출액","백만원","원자료","5,657,087","6,207,488","7,811,242","5,359,999","5,494,351","5,733,855","6,313,728","6,353,787","4,973,610","5,796,355","6,253,766","6,608,805","7,539,029"
"5.4.1. 손익계산서(제11차 한국표준산업분류, 2009~)","    H491 철도운송업","종합","매출원가","백만원","원자료","5,952,375","6,547,178","8,083,976","5,072,542","5,108,396","5,951,061","6,082,831","6,168,643","5,909,425","6,411,232","6,412,884","6,797,572","7,314,752"
"5.4.1. 손익계산서(제11차 한국표준산업분류, 2009~)","    H491 철도운송업","종합","영업손익","백만원","원자료","-599,302","-716,811","-737,267","52,966","112,467","-485,353","-52,767","-114,387","-1,194,683","-878,390","-416,427","-458,949","-69,829"
"5.4.1. 손익계산서(제11차 한국표준산업분류, 2009~)","    H492 육상 여객 운송업","종합","매출액","백만원","원자료","14,447,952","14,922,430","14,412,459","18,715,795","19,059,536","19,141,998","18,239,401","16,873,356","16,245,679","16,851,132","19,578,221","21,572,796","22,906,878"
"5.4.1. 손익계산서(제11차 한국표준산업분류, 2009~)","    H492 육상 여객 운송업","종합","매출원가","백만원","원자료","12,676,145","12,903,964","12,020,262","16,176,131","16,350,241","16,573,976","16,778,372","14,687,623","16,701,697","16,839,608","18,689,112","19,831,396","20,390,220"
"5.4.1. 손익계산서(제11차 한국표준산업분류, 2009~)","    H492 육상 여객 운송업","종합","영업손익","백만원","원자료","-754,385","-646,599","-336,048","-607,014","-495,365","-632,768","-1,838,900","-1,106,124","-3,651,483","-3,303,851","-2,862,916","-2,334,394","-1,828,329"
"5.4.1. 손익계산서(제11차 한국표준산업분류, 2009~)","    H493-5 도로 화물, 소화물 전문, 파이프라인 운송업","종합","매출액","백만원","원자료","26,170,397","27,775,381","29,347,475","30,918,582","31,821,248","33,779,904","36,201,621","38,246,830","33,769,663","39,873,718","45,342,823","50,159,208","52,649,838"
"5.4.1. 손익계산서(제11차 한국표준산업분류, 2009~)","    H493-5 도로 화물, 소화물 전문, 파이프라인 운송업","종합","매출원가","백만원","원자료","17,696,202","19,290,822","20,327,497","21,361,644","21,829,439","23,343,334","25,125,714","26,731,426","23,742,873","28,724,078","32,560,384","33,799,649","33,729,844"
"5.4.1. 손익계산서(제11차 한국표준산업분류, 2009~)","    H493-5 도로 화물, 소화물 전문, 파이프라인 운송업","종합","영업손익","백만원","원자료","645,293","599,944","697,460","745,410","767,088","752,121","721,624","873,460","886,610","963,586","1,123,329","1,340,536","1,294,871"
"5.4.1. 손익계산서(제11차 한국표준산업분류, 2009~)","  H50 수상 운송업","종합","매출액","백만원","원자료","40,855,549","36,689,307","35,207,408","32,727,897","26,076,574","24,178,138","23,978,190","25,026,206","26,066,608","43,900,251","60,246,102","42,408,788","49,665,150"
"5.4.1. 손익계산서(제11차 한국표준산업분류, 2009~)","  H50 수상 운송업","종합","매출원가","백만원","원자료","39,522,816","35,100,137","32,547,431","29,588,852","24,860,145","21,767,223","21,956,948","22,410,121","21,735,866","28,021,779","38,199,355","35,702,356","38,938,372"
"5.4.1. 손익계산서(제11차 한국표준산업분류, 2009~)","  H50 수상 운송업","종합","영업손익","백만원","원자료","-551,539","-248,707","967,315","1,375,112","-655,272","801,136","522,954","1,046,295","2,736,347","13,898,891","19,636,258","4,450,828","8,583,547"
"5.4.1. 손익계산서(제11차 한국표준산업분류, 2009~)","  H51 항공 운송업","종합","매출액","백만원","원자료","22,045,767","21,722,576","22,277,136","21,778,129","22,594,177","24,467,665","26,745,095","26,271,910","13,692,553","16,307,316","25,017,692","30,868,289","34,688,811"
"5.4.1. 손익계산서(제11차 한국표준산업분류, 2009~)","  H51 항공 운송업","종합","매출원가","백만원","원자료","18,048,938","18,042,803","17,764,657","16,589,087","16,894,655","18,626,566","21,165,513","21,940,273","12,502,691","12,968,043","18,387,628","23,434,882","26,818,991"
"5.4.1. 손익계산서(제11차 한국표준산업분류, 2009~)","  H51 항공 운송업","종합","영업손익","백만원","원자료","1,261,156","908,000","1,552,289","2,122,349","2,576,388","2,475,795","1,862,066","565,629","-791,582","583,489","3,824,244","3,660,301","3,527,473"
"5.4.1. 손익계산서(제11차 한국표준산업분류, 2009~)","  H52 창고 및 운송관련 서비스업","종합","매출액","백만원","원자료","53,381,397","53,046,808","57,180,266","59,477,995","60,843,188","65,478,287","67,120,898","72,195,032","79,324,894","103,934,959","127,810,224","109,241,270","123,538,198"
"5.4.1. 손익계산서(제11차 한국표준산업분류, 2009~)","  H52 창고 및 운송관련 서비스업","종합","매출원가","백만원","원자료","38,128,309","37,400,467","40,058,316","41,814,578","42,517,861","45,376,861","46,383,325","49,619,393","56,600,151","76,100,257","94,055,674","76,016,440","87,279,866"
"5.4.1. 손익계산서(제11차 한국표준산업분류, 2009~)","  H52 창고 및 운송관련 서비스업","종합","영업손익","백만원","원자료","4,947,974","4,676,906","5,264,973","5,332,269","5,562,344","6,253,067","6,357,673","7,095,360","3,408,598","5,107,198","7,178,321","7,077,994","7,616,960"
"5.4.1. 손익계산서(제11차 한국표준산업분류, 2009~)","I 숙박 및 음식점업","종합","매출액","백만원","원자료","20,165,594","22,877,431","25,756,234","28,087,194","30,572,487","31,929,100","33,685,395","36,307,573","29,463,131","34,008,482","42,654,880","47,607,989","52,948,046"
"5.4.1. 손익계산서(제11차 한국표준산업분류, 2009~)","I 숙박 및 음식점업","종합","매출원가","백만원","원자료","12,484,208","14,224,977","15,895,627","17,425,587","18,629,908","19,384,398","20,312,355","21,492,069","18,024,334","19,941,053","23,902,550","25,820,496","28,320,824"
"5.4.1. 손익계산서(제11차 한국표준산업분류, 2009~)","I 숙박 및 음식점업","종합","영업손익","백만원","원자료","835,792","752,480","537,139","362,526","581,867","453,245","512,033","800,469","-1,758,514","-356,221","1,417,988","1,883,444","2,372,851"
"5.4.1. 손익계산서(제11차 한국표준산업분류, 2009~)","  I55 숙박업","종합","매출액","백만원","원자료","5,741,490","6,289,028","6,572,095","6,332,021","7,293,452","7,118,401","7,120,850","7,840,200","4,879,411","6,721,334","9,754,895","10,714,075","12,225,969"
"5.4.1. 손익계산서(제11차 한국표준산업분류, 2009~)","  I55 숙박업","종합","매출원가","백만원","원자료","3,751,295","4,223,496","4,520,256","4,044,041","4,523,514","4,453,969","4,468,704","4,735,263","3,247,130","3,885,438","5,104,049","5,156,463","5,746,714"
"5.4.1. 손익계산서(제11차 한국표준산업분류, 2009~)","  I55 숙박업","종합","영업손익","백만원","원자료","495,438","367,113","130,669","-23,937","67,487","-68,555","-66,576","102,646","-1,184,626","-465,117","587,115","753,525","1,091,837"
"5.4.1. 손익계산서(제11차 한국표준산업분류, 2009~)","  I56 음식점 및 주점업","종합","매출액","백만원","원자료","14,424,104","16,588,402","19,184,139","21,755,172","23,279,035","24,810,699","26,564,545","28,467,373","24,583,720","27,287,148","32,899,985","36,893,914","40,722,076"
"5.4.1. 손익계산서(제11차 한국표준산업분류, 2009~)","  I56 음식점 및 주점업","종합","매출원가","백만원","원자료","8,732,913","10,001,481","11,375,372","13,381,546","14,106,394","14,930,429","15,843,651","16,756,806","14,777,204","16,055,615","18,798,501","20,664,032","22,574,110"
"5.4.1. 손익계산서(제11차 한국표준산업분류, 2009~)","  I56 음식점 및 주점업","종합","영업손익","백만원","원자료","340,354","385,367","406,470","386,463","514,380","521,799","578,609","697,823","-573,888","108,896","830,873","1,129,919","1,281,014"
"5.4.1. 손익계산서(제11차 한국표준산업분류, 2009~)","J 정보통신업","종합","매출액","백만원","원자료","132,054,423","138,334,628","143,374,473","147,335,151","154,555,444","165,118,449","170,210,276","183,077,830","190,422,705","223,898,280","242,200,624","246,291,674","260,309,002"
"5.4.1. 손익계산서(제11차 한국표준산업분류, 2009~)","J 정보통신업","종합","매출원가","백만원","원자료","56,367,524","59,612,909","61,014,924","53,674,734","64,333,897","66,838,814","67,181,051","72,277,669","71,065,940","84,406,434","94,217,158","96,430,344","101,621,648"
"5.4.1. 손익계산서(제11차 한국표준산업분류, 2009~)","J 정보통신업","종합","영업손익","백만원","원자료","8,211,587","8,296,948","7,418,611","10,142,686","10,678,944","12,266,684","11,976,400","12,211,125","14,423,283","18,469,421","12,444,157","11,876,198","12,927,702"
"5.4.1. 손익계산서(제11차 한국표준산업분류, 2009~)","  J58 출판업","종합","매출액","백만원","원자료","39,771,606","41,894,675","45,543,289","47,082,357","50,467,475","55,457,938","59,618,785","64,735,905","70,211,344","82,236,953","90,325,815","90,048,320","94,215,971"
"5.4.1. 손익계산서(제11차 한국표준산업분류, 2009~)","  J58 출판업","종합","매출원가","백만원","원자료","19,321,698","19,678,061","21,820,143","21,235,332","22,235,529","22,495,442","23,157,718","24,741,604","25,696,014","29,597,160","33,147,615","33,834,350","34,533,819"
"5.4.1. 손익계산서(제11차 한국표준산업분류, 2009~)","  J58 출판업","종합","영업손익","백만원","원자료","2,631,439","2,540,163","2,741,107","2,846,775","3,163,015","3,852,819","3,778,779","4,107,615","5,418,045","4,709,142","2,273,451","949,048","1,832,266"
"5.4.1. 손익계산서(제11차 한국표준산업분류, 2009~)","    J581 서적, 잡지 및 기타 인쇄물 출판업","종합","매출액","백만원","원자료","10,972,855","10,800,771","11,518,385","10,602,303","10,531,341","10,822,378","11,000,318","11,725,672","10,522,244","11,083,086","11,920,341","12,381,306","12,549,980"
"5.4.1. 손익계산서(제11차 한국표준산업분류, 2009~)","    J581 서적, 잡지 및 기타 인쇄물 출판업","종합","매출원가","백만원","원자료","6,582,918","6,392,224","6,686,903","5,834,000","5,729,393","5,805,111","5,871,504","6,141,752","5,513,270","5,576,167","5,861,531","6,030,386","6,140,966"
"5.4.1. 손익계산서(제11차 한국표준산업분류, 2009~)","    J581 서적, 잡지 및 기타 인쇄물 출판업","종합","영업손익","백만원","원자료","525,281","519,754","613,020","622,468","614,806","584,399","586,217","732,193","596,551","776,477","589,836","346,949","401,632"
"5.4.1. 손익계산서(제11차 한국표준산업분류, 2009~)","    J582 소프트웨어 개발 및 공급업","종합","매출액","백만원","원자료","28,798,751","31,093,904","34,024,904","36,480,053","39,936,134","44,635,560","48,618,467","53,010,233","59,689,100","71,153,867","78,405,474","77,667,014","81,665,992"
"5.4.1. 손익계산서(제11차 한국표준산업분류, 2009~)","    J582 소프트웨어 개발 및 공급업","종합","매출원가","백만원","원자료","12,738,780","13,285,836","15,133,239","15,401,332","16,506,136","16,690,331","17,286,213","18,599,852","20,182,744","24,020,992","27,286,084","27,803,964","28,392,853"
"5.4.1. 손익계산서(제11차 한국표준산업분류, 2009~)","    J582 소프트웨어 개발 및 공급업","종합","영업손익","백만원","원자료","2,106,158","2,020,409","2,128,088","2,224,306","2,548,208","3,268,421","3,192,562","3,375,422","4,821,494","3,932,666","1,683,615","602,099","1,430,634"
"5.4.1. 손익계산서(제11차 한국표준산업분류, 2009~)","  J59 영상 · 오디오 기록물 제작 및 배급업","종합","매출액","백만원","원자료","6,005,533","6,478,071","7,061,492","8,097,351","8,848,852","9,165,841","9,896,573","14,252,524","13,502,105","17,139,340","20,828,490","21,450,631","20,707,487"
"5.4.1. 손익계산서(제11차 한국표준산업분류, 2009~)","  J59 영상 · 오디오 기록물 제작 및 배급업","종합","매출원가","백만원","원자료","3,465,742","3,785,753","3,899,994","4,473,691","4,784,623","5,143,790","5,670,329","8,068,983","7,490,769","9,712,910","11,739,714","11,359,319","11,259,381"
"5.4.1. 손익계산서(제11차 한국표준산업분류, 2009~)","  J59 영상 · 오디오 기록물 제작 및 배급업","종합","영업손익","백만원","원자료","106,766","198,106","250,656","220,229","264,793","190,673","81,276","533,560","-35,373","319,298","453,158","93,943","57,214"
"5.4.1. 손익계산서(제11차 한국표준산업분류, 2009~)","  J60 방송 및 영상 · 오디오물 제공 서비스업","종합","매출액","백만원","원자료","10,107,176","10,897,149","11,013,044","10,498,119","10,543,532","10,915,302","10,016,901","9,759,294","8,914,196","9,384,928","9,799,186","9,567,746","12,288,120"
"5.4.1. 손익계산서(제11차 한국표준산업분류, 2009~)","  J60 방송 및 영상 · 오디오물 제공 서비스업","종합","매출원가","백만원","원자료","6,001,976","6,452,597","6,770,386","6,284,402","6,446,702","6,632,115","5,677,712","5,593,540","5,215,752","5,233,760","5,520,176","5,675,473","7,120,256"
"5.4.1. 손익계산서(제11차 한국표준산업분류, 2009~)","  J60 방송 및 영상 · 오디오물 제공 서비스업","종합","영업손익","백만원","원자료","516,468","465,454","367,061","601,957","461,839","532,719","155,406","56,251","186,054","458,749","361,767","-57,965","41,525"
"5.4.1. 손익계산서(제11차 한국표준산업분류, 2009~)","  J61 우편 및 통신업","종합","매출액","백만원","원자료","49,672,785","50,938,384","50,384,423","48,833,820","49,632,821","50,881,667","49,737,745","51,714,671","51,050,496","53,355,643","53,477,523","54,519,057","56,080,101"
"5.4.1. 손익계산서(제11차 한국표준산업분류, 2009~)","  J61 우편 및 통신업","종합","매출원가","백만원","원자료","12,518,062","12,961,768","12,250,770","3,936,441","12,363,994","13,173,571","13,138,219","14,606,217","14,230,284","14,951,165","14,370,692","14,949,807","15,929,159"
"5.4.1. 손익계산서(제11차 한국표준산업분류, 2009~)","  J61 우편 및 통신업","종합","영업손익","백만원","원자료","2,838,755","3,100,543","1,840,315","3,491,566","3,620,368","3,580,831","3,039,322","2,568,211","3,078,469","3,530,807","4,116,400","4,209,047","3,354,221"
"5.4.1. 손익계산서(제11차 한국표준산업분류, 2009~)","  J62 컴퓨터 프로그래밍, 시스템 통합 및 관리업","종합","매출액","백만원","원자료","17,947,864","19,443,056","20,097,277","21,982,389","22,941,311","24,768,882","24,983,675","25,090,713","25,927,665","31,616,877","36,786,567","39,676,641","42,090,054"
"5.4.1. 손익계산서(제11차 한국표준산업분류, 2009~)","  J62 컴퓨터 프로그래밍, 시스템 통합 및 관리업","종합","매출원가","백만원","원자료","12,779,654","13,967,560","14,130,481","15,031,283","15,455,953","16,194,119","16,362,534","15,771,292","15,110,786","19,960,235","23,940,012","25,079,385","26,735,268"
"5.4.1. 손익계산서(제11차 한국표준산업분류, 2009~)","  J62 컴퓨터 프로그래밍, 시스템 통합 및 관리업","종합","영업손익","백만원","원자료","1,108,563","1,037,976","1,098,233","1,708,383","1,670,679","1,989,568","2,446,081","2,971,848","3,167,379","2,978,068","1,627,092","3,178,517","2,840,572"
"5.4.1. 손익계산서(제11차 한국표준산업분류, 2009~)","  J63 정보서비스업","종합","매출액","백만원","원자료","8,549,458","8,683,293","9,274,947","10,841,115","12,121,453","13,928,819","15,956,597","17,524,721","20,816,901","30,164,539","30,983,044","31,029,277","34,927,269"
"5.4.1. 손익계산서(제11차 한국표준산업분류, 2009~)","  J63 정보서비스업","종합","매출원가","백만원","원자료","2,280,393","2,767,170","2,143,150","2,713,584","3,047,096","3,199,776","3,174,538","3,496,033","3,322,335","4,951,204","5,498,950","5,532,010","6,043,765"
"5.4.1. 손익계산서(제11차 한국표준산업분류, 2009~)","  J63 정보서비스업","종합","영업손익","백만원","원자료","1,009,595","954,706","1,121,239","1,273,776","1,498,249","2,120,074","2,475,536","1,973,639","2,608,710","6,473,357","3,612,289","3,503,608","4,801,904"
"5.4.1. 손익계산서(제11차 한국표준산업분류, 2009~)","L 부동산업","종합","매출액","백만원","원자료","80,391,636","84,637,322","96,839,896","129,440,160","147,893,172","173,919,984","166,611,027","158,741,479","170,986,273","196,263,799","195,785,279","180,836,887","171,547,922"
"5.4.1. 손익계산서(제11차 한국표준산업분류, 2009~)","L 부동산업","종합","매출원가","백만원","원자료","61,368,855","64,349,881","71,707,669","95,503,997","102,871,983","121,708,824","114,993,628","109,690,716","114,724,023","124,220,847","128,234,678","123,458,400","115,655,684"
"5.4.1. 손익계산서(제11차 한국표준산업분류, 2009~)","L 부동산업","종합","영업손익","백만원","원자료","3,303,502","3,727,930","6,393,026","10,204,833","17,671,055","21,282,867","18,786,570","14,548,269","17,690,418","24,480,863","20,706,087","15,296,834","11,550,354"
"5.4.1. 손익계산서(제11차 한국표준산업분류, 2009~)","M 전문, 과학 및 기술 서비스업","종합","매출액","백만원","원자료","59,492,116","64,382,869","61,991,861","52,373,919","54,759,934","59,785,411","66,684,224","75,986,420","84,982,666","113,327,819","116,215,802","121,851,620","136,276,076"
"5.4.1. 손익계산서(제11차 한국표준산업분류, 2009~)","M 전문, 과학 및 기술 서비스업","종합","매출원가","백만원","원자료","31,573,829","36,560,630","32,098,848","19,799,559","19,938,305","22,797,126","26,543,945","29,582,272","30,961,454","47,146,545","42,517,408","46,434,639","55,623,251"
"5.4.1. 손익계산서(제11차 한국표준산업분류, 2009~)","M 전문, 과학 및 기술 서비스업","종합","영업손익","백만원","원자료","3,108,504","2,431,383","2,795,896","2,328,692","2,945,293","3,127,054","3,173,373","3,888,562","5,502,140","7,408,135","6,953,517","5,440,617","5,616,038"
"5.4.1. 손익계산서(제11차 한국표준산업분류, 2009~)","  M71 전문 서비스업","종합","매출액","백만원","원자료","18,917,709","18,781,275","20,813,166","21,061,796","23,044,847","25,298,802","28,495,572","32,374,388","35,056,140","42,956,637","48,600,685","51,385,456","54,885,924"
"5.4.1. 손익계산서(제11차 한국표준산업분류, 2009~)","  M71 전문 서비스업","종합","매출원가","백만원","원자료","6,500,225","5,909,096","6,681,715","5,640,879","6,047,934","6,644,236","7,189,958","7,616,609","7,261,884","9,324,725","10,385,017","11,492,168","12,040,964"
"5.4.1. 손익계산서(제11차 한국표준산업분류, 2009~)","  M71 전문 서비스업","종합","영업손익","백만원","원자료","656,370","923,514","746,459","821,455","1,032,057","1,021,778","1,332,215","1,481,778","2,201,963","2,910,728","2,859,660","2,295,209","2,234,209"
"5.4.1. 손익계산서(제11차 한국표준산업분류, 2009~)","    M711,2 법무, 회계 및 세무 관련 서비스업","종합","매출액","백만원","원자료","3,264,013","3,433,417","4,114,462","4,559,629","4,974,989","5,372,064","6,005,563","7,257,026","8,419,108","9,461,279","10,219,809","11,162,362","11,938,997"
"5.4.1. 손익계산서(제11차 한국표준산업분류, 2009~)","    M711,2 법무, 회계 및 세무 관련 서비스업","종합","매출원가","백만원","원자료","143,340","101,438","60,944","51,592","53,077","65,403","74,558","65,005","39,397","70,470","61,224","43,457","11,098"
"5.4.1. 손익계산서(제11차 한국표준산업분류, 2009~)","    M711,2 법무, 회계 및 세무 관련 서비스업","종합","영업손익","백만원","원자료","165,568","205,706","262,714","246,674","327,627","294,334","346,455","362,501","416,811","554,147","477,735","404,129","393,179"
"5.4.1. 손익계산서(제11차 한국표준산업분류, 2009~)","    M713 광고업","종합","매출액","백만원","원자료","10,119,834","9,338,160","9,979,653","11,157,800","12,096,438","13,028,686","13,839,369","14,710,778","14,718,930","18,287,327","20,783,679","21,155,477","22,733,383"
"5.4.1. 손익계산서(제11차 한국표준산업분류, 2009~)","    M713 광고업","종합","매출원가","백만원","원자료","4,444,191","4,156,583","4,256,960","4,458,952","4,788,089","5,169,030","5,238,527","5,294,363","4,891,966","5,948,637","6,641,939","6,920,161","7,198,367"
"5.4.1. 손익계산서(제11차 한국표준산업분류, 2009~)","    M713 광고업","종합","영업손익","백만원","원자료","360,635","246,169","188,864","358,335","469,150","487,269","527,541","511,009","558,352","985,966","981,853","708,059","959,404"
"5.4.1. 손익계산서(제11차 한국표준산업분류, 2009~)","    M714,7153,716 기타 전문 서비스업","종합","매출액","백만원","원자료","5,533,861","6,009,698","6,719,051","5,344,368","5,973,419","6,898,052","8,650,640","10,406,584","11,918,102","15,208,031","17,597,197","19,067,617","20,213,544"
"5.4.1. 손익계산서(제11차 한국표준산업분류, 2009~)","    M714,7153,716 기타 전문 서비스업","종합","매출원가","백만원","원자료","1,912,694","1,651,075","2,363,811","1,130,335","1,206,768","1,409,803","1,876,872","2,257,240","2,330,521","3,305,618","3,681,853","4,528,551","4,831,499"
"5.4.1. 손익계산서(제11차 한국표준산업분류, 2009~)","    M714,7153,716 기타 전문 서비스업","종합","영업손익","백만원","원자료","130,168","471,639","294,881","216,446","235,279","240,175","458,218","608,268","1,226,799","1,370,615","1,400,073","1,183,021","881,626"
"5.4.1. 손익계산서(제11차 한국표준산업분류, 2009~)","  M72 건축기술, 엔지니어링 및 기타 과학기술 서비스업","종합","매출액","백만원","원자료","38,060,996","43,239,483","38,702,111","28,687,598","28,640,519","31,204,420","34,369,997","38,214,568","40,887,377","57,896,156","53,161,658","56,618,622","65,906,000"
"5.4.1. 손익계산서(제11차 한국표준산업분류, 2009~)","  M72 건축기술, 엔지니어링 및 기타 과학기술 서비스업","종합","매출원가","백만원","원자료","24,202,351","29,918,504","24,602,893","13,284,046","12,832,063","15,042,397","18,035,805","19,754,076","20,469,016","33,979,129","28,012,136","31,191,153","39,481,253"
"5.4.1. 손익계산서(제11차 한국표준산업분류, 2009~)","  M72 건축기술, 엔지니어링 및 기타 과학기술 서비스업","종합","영업손익","백만원","원자료","2,244,903","1,368,945","1,945,771","1,421,545","1,772,181","1,999,717","1,705,628","2,159,304","2,559,760","3,473,202","2,939,499","2,455,058","2,701,100"
"5.4.1. 손익계산서(제11차 한국표준산업분류, 2009~)","  M73 기타 전문, 과학 및 기술 서비스업","종합","매출액","백만원","원자료","2,513,411","2,362,111","2,476,584","2,624,525","3,074,568","3,282,189","3,818,655","5,397,463","9,039,149","12,475,026","14,453,459","13,847,542","15,484,152"
"5.4.1. 손익계산서(제11차 한국표준산업분류, 2009~)","  M73 기타 전문, 과학 및 기술 서비스업","종합","매출원가","백만원","원자료","871,252","733,030","814,239","874,634","1,058,308","1,110,493","1,318,183","2,211,586","3,230,553","3,842,691","4,120,256","3,751,317","4,101,034"
"5.4.1. 손익계산서(제11차 한국표준산업분류, 2009~)","  M73 기타 전문, 과학 및 기술 서비스업","종합","영업손익","백만원","원자료","207,230","138,923","103,666","85,692","141,055","105,559","135,530","247,479","740,417","1,024,205","1,154,357","690,349","680,729"
"5.4.1. 손익계산서(제11차 한국표준산업분류, 2009~)","N 사업시설 관리 및 사업지원 및 임대 서비스업","종합","매출액","백만원","원자료","45,390,699","51,451,090","55,353,001","60,792,606","64,519,723","74,421,867","75,527,468","82,639,553","77,332,766","89,286,490","104,316,178","107,348,727","114,398,236"
"5.4.1. 손익계산서(제11차 한국표준산업분류, 2009~)","N 사업시설 관리 및 사업지원 및 임대 서비스업","종합","매출원가","백만원","원자료","18,042,405","20,014,216","21,734,227","23,532,424","24,080,741","30,005,313","28,124,584","32,111,128","32,088,478","36,467,221","41,759,318","46,868,111","50,134,189"
"5.4.1. 손익계산서(제11차 한국표준산업분류, 2009~)","N 사업시설 관리 및 사업지원 및 임대 서비스업","종합","영업손익","백만원","원자료","1,218,148","1,999,988","1,743,443","2,133,932","2,207,307","2,353,184","2,086,959","2,660,261","1,826,696","2,427,301","3,291,190","3,693,122","4,426,798"
"5.4.1. 손익계산서(제11차 한국표준산업분류, 2009~)","  N74 사업시설 관리 및 조경 서비스업","종합","매출액","백만원","원자료","7,652,443","9,235,007","9,218,809","11,618,269","12,509,598","14,013,932","14,449,239","15,083,651","15,214,938","16,808,010","19,074,409","21,088,788","23,586,477"
"5.4.1. 손익계산서(제11차 한국표준산업분류, 2009~)","  N74 사업시설 관리 및 조경 서비스업","종합","매출원가","백만원","원자료","2,805,688","3,707,898","3,807,433","5,512,763","5,772,749","6,622,405","6,494,736","6,912,813","6,899,685","7,701,508","9,160,940","10,206,116","11,885,335"
"5.4.1. 손익계산서(제11차 한국표준산업분류, 2009~)","  N74 사업시설 관리 및 조경 서비스업","종합","영업손익","백만원","원자료","187,553","526,072","228,740","334,041","321,981","331,608","326,343","338,772","408,871","419,835","416,703","429,657","533,603"
"5.4.1. 손익계산서(제11차 한국표준산업분류, 2009~)","  N75 사업지원 서비스업","종합","매출액","백만원","원자료","33,936,765","36,055,633","39,195,084","41,495,320","43,687,533","51,186,938","51,167,322","56,497,091","50,495,591","58,540,073","69,462,961","68,441,650","72,319,236"
"5.4.1. 손익계산서(제11차 한국표준산업분류, 2009~)","  N75 사업지원 서비스업","종합","매출원가","백만원","원자료","14,060,583","14,412,735","15,871,397","15,755,915","15,843,391","20,670,967","18,650,871","21,804,431","21,737,682","24,229,663","27,532,257","29,969,981","31,329,065"
"5.4.1. 손익계산서(제11차 한국표준산업분류, 2009~)","  N75 사업지원 서비스업","종합","영업손익","백만원","원자료","682,469","706,580","653,572","908,098","1,069,812","1,068,148","825,016","1,434,372","358,355","615,121","987,293","1,204,438","1,679,517"
"5.4.1. 손익계산서(제11차 한국표준산업분류, 2009~)","    N751 고용알선 및 인력공급업","종합","매출액","백만원","원자료","8,852,610","9,793,645","10,456,357","10,518,733","11,216,415","11,978,307","12,627,130","13,041,248","13,201,263","13,808,903","15,123,507","16,060,148","16,232,109"
"5.4.1. 손익계산서(제11차 한국표준산업분류, 2009~)","    N751 고용알선 및 인력공급업","종합","매출원가","백만원","원자료","3,156,786","3,555,380","3,889,314","3,624,529","3,886,932","4,137,555","4,569,396","4,861,688","5,246,520","5,374,911","5,758,187","6,556,756","6,501,901"
"5.4.1. 손익계산서(제11차 한국표준산업분류, 2009~)","    N751 고용알선 및 인력공급업","종합","영업손익","백만원","원자료","104,242","121,326","147,890","139,047","164,673","167,163","171,138","157,160","90,021","134,273","209,709","211,349","214,051"
"5.4.1. 손익계산서(제11차 한국표준산업분류, 2009~)","    N752 여행사 및 기타 여행보조 서비스업","종합","매출액","백만원","원자료","2,912,772","3,147,726","3,575,091","3,473,948","3,996,328","4,837,546","5,802,958","5,156,681","2,332,941","6,234,301","9,205,251","4,822,351","5,372,525"
"5.4.1. 손익계산서(제11차 한국표준산업분류, 2009~)","    N752 여행사 및 기타 여행보조 서비스업","종합","매출원가","백만원","원자료","689,709","700,824","744,529","547,561","641,265","635,836","704,822","612,387","394,868","949,422","1,211,570","935,725","931,009"
"5.4.1. 손익계산서(제11차 한국표준산업분류, 2009~)","    N752 여행사 및 기타 여행보조 서비스업","종합","영업손익","백만원","원자료","-30,313","-67,718","-90,578","-53,928","-32,634","-34,468","-68,801","-152,277","-793,990","-557,255","-472,635","-54,944","-17,316"
"5.4.1. 손익계산서(제11차 한국표준산업분류, 2009~)","    N753 경비, 경호 및 탐정업","종합","매출액","백만원","원자료","4,687,103","4,798,138","4,954,160","6,045,381","6,380,024","6,827,889","7,037,300","7,355,686","7,967,970","8,070,541","10,089,135","10,848,455","11,350,371"
"5.4.1. 손익계산서(제11차 한국표준산업분류, 2009~)","    N753 경비, 경호 및 탐정업","종합","매출원가","백만원","원자료","2,245,398","2,318,272","2,404,260","2,991,112","3,097,490","3,331,432","3,499,971","3,212,869","3,830,129","4,224,264","4,797,387","5,187,114","5,471,505"
"5.4.1. 손익계산서(제11차 한국표준산업분류, 2009~)","    N753 경비, 경호 및 탐정업","종합","영업손익","백만원","원자료","247,461","234,058","207,770","326,717","398,513","397,089","339,527","385,505","381,308","265,962","431,370","352,954","449,291"
"5.4.1. 손익계산서(제11차 한국표준산업분류, 2009~)","    N759 기타 사업지원 서비스업","종합","매출액","백만원","원자료","17,484,279","18,316,124","20,209,476","21,457,258","22,094,766","27,543,197","25,699,933","30,943,475","26,993,417","30,426,328","35,045,069","36,710,696","39,364,231"
"5.4.1. 손익계산서(제11차 한국표준산업분류, 2009~)","    N759 기타 사업지원 서비스업","종합","매출원가","백만원","원자료","7,968,691","7,838,260","8,833,295","8,592,713","8,217,703","12,566,144","9,876,681","13,117,487","12,266,165","13,681,066","15,765,113","17,290,386","18,424,650"
"5.4.1. 손익계산서(제11차 한국표준산업분류, 2009~)","    N759 기타 사업지원 서비스업","종합","영업손익","백만원","원자료","361,080","418,915","388,490","496,262","539,260","538,364","383,151","1,043,985","681,016","772,142","818,849","695,080","1,033,491"
"5.4.1. 손익계산서(제11차 한국표준산업분류, 2009~)","  N76 임대업(부동산 제외)","종합","매출액","백만원","원자료","3,801,490","6,160,450","6,939,108","7,679,017","8,322,592","9,220,996","9,910,907","11,058,812","11,622,237","13,938,407","15,778,808","17,818,289","18,492,523"
"5.4.1. 손익계산서(제11차 한국표준산업분류, 2009~)","  N76 임대업(부동산 제외)","종합","매출원가","백만원","원자료","1,176,134","1,893,583","2,055,397","2,263,746","2,464,601","2,711,940","2,978,977","3,393,884","3,451,112","4,536,050","5,066,121","6,692,014","6,919,789"
"5.4.1. 손익계산서(제11차 한국표준산업분류, 2009~)","  N76 임대업(부동산 제외)","종합","영업손익","백만원","원자료","348,126","767,335","861,131","891,793","815,514","953,428","935,600","887,116","1,059,471","1,392,345","1,887,194","2,059,026","2,213,678"
"5.4.1. 손익계산서(제11차 한국표준산업분류, 2009~)","P 교육 서비스업","종합","매출액","백만원","원자료","5,263,701","6,173,247","5,702,185","7,416,392","8,329,131","8,832,826","9,145,038","10,323,209","9,934,012","12,179,733","12,620,926","13,751,809","14,610,531"
"5.4.1. 손익계산서(제11차 한국표준산업분류, 2009~)","P 교육 서비스업","종합","매출원가","백만원","원자료","1,203,976","1,390,057","1,048,006","1,937,306","2,101,777","2,159,231","2,073,058","2,400,402","2,282,337","2,586,112","2,645,833","2,843,690","2,702,369"
"5.4.1. 손익계산서(제11차 한국표준산업분류, 2009~)","P 교육 서비스업","종합","영업손익","백만원","원자료","161,002","442,626","248,033","301,530","311,009","290,687","352,001","434,673","48,341","460,816","334,451","492,593","670,765"
"5.4.1. 손익계산서(제11차 한국표준산업분류, 2009~)","R 예술, 스포츠 및 여가관련 서비스업","종합","매출액","백만원","원자료","22,456,988","23,156,716","23,888,325","24,648,330","26,386,942","26,469,801","27,131,773","28,866,871","17,094,963","20,699,062","31,410,455","22,873,920","23,969,898"
"5.4.1. 손익계산서(제11차 한국표준산업분류, 2009~)","R 예술, 스포츠 및 여가관련 서비스업","종합","매출원가","백만원","원자료","11,769,136","12,117,109","12,262,806","12,392,524","12,515,351","12,749,842","12,639,029","12,960,173","6,062,973","6,609,332","12,512,455","8,056,405","8,451,380"
"5.4.1. 손익계산서(제11차 한국표준산업분류, 2009~)","R 예술, 스포츠 및 여가관련 서비스업","종합","영업손익","백만원","원자료","1,677,075","1,746,363","2,172,738","2,270,870","2,492,706","2,438,033","2,491,189","2,843,763","813,955","2,639,471","4,263,629","4,197,300","3,760,727"
"5.4.1. 손익계산서(제11차 한국표준산업분류, 2009~)","S95 개인 및 소비용품 수리업","종합","매출액","백만원","원자료","3,279,513","3,453,165","3,705,503","4,739,205","4,971,727","5,436,307","5,921,639","6,084,776","5,358,626","6,148,174","6,671,618","7,426,636","7,572,834"
"5.4.1. 손익계산서(제11차 한국표준산업분류, 2009~)","S95 개인 및 소비용품 수리업","종합","매출원가","백만원","원자료","2,299,948","2,376,152","2,536,804","3,065,015","3,161,568","3,463,378","3,718,548","3,921,316","3,204,172","3,723,517","4,094,689","4,579,687","4,544,692"
"5.4.1. 손익계산서(제11차 한국표준산업분류, 2009~)","S95 개인 및 소비용품 수리업","종합","영업손익","백만원","원자료","50,556","82,441","93,652","129,619","172,535","175,099","111,782","169,633","121,804","146,588","145,577","214,927","243,240"
"5.4.1. 손익계산서(제11차 한국표준산업분류, 2009~)","S96 기타 개인 서비스업","종합","매출액","백만원","원자료","1,944,575","2,315,497","2,828,148","3,090,169","3,420,365","3,977,670","3,954,761","4,656,331","3,840,860","4,171,983","5,530,896","5,853,391","6,772,780"
"5.4.1. 손익계산서(제11차 한국표준산업분류, 2009~)","S96 기타 개인 서비스업","종합","매출원가","백만원","원자료","422,066","567,111","685,751","643,759","698,138","863,959","841,287","996,710","861,887","986,130","1,451,191","1,219,498","1,499,052"
"5.4.1. 손익계산서(제11차 한국표준산업분류, 2009~)","S96 기타 개인 서비스업","종합","영업손익","백만원","원자료","-101,830","-72,891","-32,863","-45,269","-5,449","7,907","-7,163","64,833","-200,814","-78,513","180,112","359,771","445,138"